-2,2,Rk+O3A94Sxmw9cY5Tgwx2cTlp8c=,fqoVt28J+lMG1ItsbcYV8FXzH9w=
-2,3,Rk+O3A94Sxmw9cY5Tgwx2cTlp8c=,OtQW5zwnWorgmF4JBS3cjWQOvSI=
-2,0,Rk+O3A94Sxmw9cY5Tgwx2cTlp8c=,fqoVt28J+lMG1ItsbcYV8FXzH9w=
-2,1,Rk+O3A94Sxmw9cY5Tgwx2cTlp8c=,DiEnO2ZWxF/Lvw0PWFNkCqIhHEc=
-1,2,MkNCRHIJs6RHCEkHMsnIdPLR8HI=,CAmdIzMm/3NCJHXatqDfdzkxGy4=
-1,1,MkNCRHIJs6RHCEkHMsnIdPLR8HI=,/f2fyDRd9P49nakMzQC1E3tlCaY=
-1,0,MkNCRHIJs6RHCEkHMsnIdPLR8HI=,/f2fyDRd9P49nakMzQC1E3tlCaY=
-1,3,MkNCRHIJs6RHCEkHMsnIdPLR8HI=,tsOYWo+QmZrzWZmYDJ3z2QVOeFM=
-3,0,DpuFaJs9JENX+xvIxRH4f6SAT1g=,z8XBB0Sw4VZYu56LPUgbv9JfHrg=
-3,1,DpuFaJs9JENX+xvIxRH4f6SAT1g=,Im1O93uaXGCWgnkcAClI1NErbkk=
-3,3,DpuFaJs9JENX+xvIxRH4f6SAT1g=,Im1O93uaXGCWgnkcAClI1NErbkk=
-3,2,DpuFaJs9JENX+xvIxRH4f6SAT1g=,Im1O93uaXGCWgnkcAClI1NErbkk=
