-1,-1,z9DlGiL6dZ6QxKq4GWnCR4LDF74=,OZqPxx/GEM9BU1UbVtbd0esAhB4=
-1,-2,z9DlGiL6dZ6QxKq4GWnCR4LDF74=,OZqPxx/GEM9BU1UbVtbd0esAhB4=
-1,-3,z9DlGiL6dZ6QxKq4GWnCR4LDF74=,OZqPxx/GEM9BU1UbVtbd0esAhB4=
-1,-4,z9DlGiL6dZ6QxKq4GWnCR4LDF74=,3iy4ncPuX5yTXa50fc3mLVs0D30=
-1,-5,z9DlGiL6dZ6QxKq4GWnCR4LDF74=,3iy4ncPuX5yTXa50fc3mLVs0D30=
-1,-6,z9DlGiL6dZ6QxKq4GWnCR4LDF74=,3iy4ncPuX5yTXa50fc3mLVs0D30=
-2,-2,z9DlGiL6dZ6QxKq4GWnCR4LDF74=,3H8e+Ck27M0ZtrqMdRCZ33bqwQ4=
-2,-1,z9DlGiL6dZ6QxKq4GWnCR4LDF74=,SrEavL5pW8movc3i/FQ1Qw4ukXw=
-2,-4,z9DlGiL6dZ6QxKq4GWnCR4LDF74=,bE4NknwroZ9qGfDGXA7ynt4Fc1A=
-2,-3,z9DlGiL6dZ6QxKq4GWnCR4LDF74=,3H8e+Ck27M0ZtrqMdRCZ33bqwQ4=
-2,-6,z9DlGiL6dZ6QxKq4GWnCR4LDF74=,byjTOe9R0bVcBqYK+RT2UAc4DS0=
-2,-5,z9DlGiL6dZ6QxKq4GWnCR4LDF74=,Mm6Qz7OaV3KB6JDOMlOd3FNwPd4=
-3,-3,z9DlGiL6dZ6QxKq4GWnCR4LDF74=,2wAkmphfV0EdWQcAUjMA1m/6g9k=
-3,-4,z9DlGiL6dZ6QxKq4GWnCR4LDF74=,d9W8cZ1pEboV8TH7t7zQl1IZIcQ=
-3,-1,z9DlGiL6dZ6QxKq4GWnCR4LDF74=,pIPO6TL+yh4DEd98+4Mkx6v6U78=
-3,-2,z9DlGiL6dZ6QxKq4GWnCR4LDF74=,d9W8cZ1pEboV8TH7t7zQl1IZIcQ=
-3,-7,z9DlGiL6dZ6QxKq4GWnCR4LDF74=,xgPTnlpub0i2o11Y2o3sXo1TIrI=
-3,-5,z9DlGiL6dZ6QxKq4GWnCR4LDF74=,mvW8kU8Os8HWQ44iX/DObgGONlM=
-3,-6,z9DlGiL6dZ6QxKq4GWnCR4LDF74=,byjTOe9R0bVcBqYK+RT2UAc4DS0=
-4,-4,Gmg7PB3B40IvATU8z0U2UYJ1qSM=,408oYZ198rAp+4pVgXg3QRvXMP8=
-4,-3,Gmg7PB3B40IvATU8z0U2UYJ1qSM=,d9W8cZ1pEboV8TH7t7zQl1IZIcQ=
-4,-2,Gmg7PB3B40IvATU8z0U2UYJ1qSM=,pIPO6TL+yh4DEd98+4Mkx6v6U78=
-4,-1,Gmg7PB3B40IvATU8z0U2UYJ1qSM=,C+9ahDUV39/5G9sX0agMKA9ht9w=
-4,-8,Gmg7PB3B40IvATU8z0U2UYJ1qSM=,xgPTnlpub0i2o11Y2o3sXo1TIrI=
-4,-7,Gmg7PB3B40IvATU8z0U2UYJ1qSM=,xgPTnlpub0i2o11Y2o3sXo1TIrI=
-4,-6,Gmg7PB3B40IvATU8z0U2UYJ1qSM=,X0qNLiWkb7QMQJDLtmdv/Wgotnw=
-4,-5,Gmg7PB3B40IvATU8z0U2UYJ1qSM=,4/1iot7cjfQf8SYmaFrGh/OMxXY=
-5,-5,Gmg7PB3B40IvATU8z0U2UYJ1qSM=,hhlEBFyN0otV4G2CVz2mHxxkX5A=
-5,-6,Gmg7PB3B40IvATU8z0U2UYJ1qSM=,xgPTnlpub0i2o11Y2o3sXo1TIrI=
-5,-7,Gmg7PB3B40IvATU8z0U2UYJ1qSM=,xgPTnlpub0i2o11Y2o3sXo1TIrI=
-5,-8,Gmg7PB3B40IvATU8z0U2UYJ1qSM=,xgPTnlpub0i2o11Y2o3sXo1TIrI=
-5,-1,Gmg7PB3B40IvATU8z0U2UYJ1qSM=,4VEsIsSDOeD8ONRBbw3IUK8KDF0=
-5,-2,Gmg7PB3B40IvATU8z0U2UYJ1qSM=,C+9ahDUV39/5G9sX0agMKA9ht9w=
-5,-3,Gmg7PB3B40IvATU8z0U2UYJ1qSM=,ae2pryt49IxrHXMlvnqmV01Bgzc=
-5,-4,Gmg7PB3B40IvATU8z0U2UYJ1qSM=,408oYZ198rAp+4pVgXg3QRvXMP8=
-6,-5,Gmg7PB3B40IvATU8z0U2UYJ1qSM=,hhlEBFyN0otV4G2CVz2mHxxkX5A=
-6,-8,Gmg7PB3B40IvATU8z0U2UYJ1qSM=,xgPTnlpub0i2o11Y2o3sXo1TIrI=
-6,-2,Gmg7PB3B40IvATU8z0U2UYJ1qSM=,nlp43BpQPlTgG6rNId0EVQo6mqI=
-6,-1,Gmg7PB3B40IvATU8z0U2UYJ1qSM=,ZDdva7kat8gtMuPTPi6f9RbooQg=
-6,-4,Gmg7PB3B40IvATU8z0U2UYJ1qSM=,E+qUaC0B5/dOAAO/BS3A78T0GPM=
-6,-3,Gmg7PB3B40IvATU8z0U2UYJ1qSM=,R10KukGnE3FsNPTO/csWan4X1N8=
-7,-8,Gmg7PB3B40IvATU8z0U2UYJ1qSM=,xgPTnlpub0i2o11Y2o3sXo1TIrI=
-7,-5,Gmg7PB3B40IvATU8z0U2UYJ1qSM=,ex0tybsQ+RO+IAYPkdbg5SKcdh4=
-7,-3,Gmg7PB3B40IvATU8z0U2UYJ1qSM=,xgPTnlpub0i2o11Y2o3sXo1TIrI=
-7,-4,Gmg7PB3B40IvATU8z0U2UYJ1qSM=,DGFebeRd9qaUsr4zYR86/alxvnA=
-7,-1,Gmg7PB3B40IvATU8z0U2UYJ1qSM=,4k4KeucJniGC2+4n/7hvoV5RyNo=
-7,-2,Gmg7PB3B40IvATU8z0U2UYJ1qSM=,X0qNLiWkb7QMQJDLtmdv/Wgotnw=
-8,-6,Gmg7PB3B40IvATU8z0U2UYJ1qSM=,xgPTnlpub0i2o11Y2o3sXo1TIrI=
-8,-5,Gmg7PB3B40IvATU8z0U2UYJ1qSM=,xgPTnlpub0i2o11Y2o3sXo1TIrI=
-8,-4,Gmg7PB3B40IvATU8z0U2UYJ1qSM=,xgPTnlpub0i2o11Y2o3sXo1TIrI=
