15,13,qJqVzQ+xd59l90qLeImROvhZNTM=,Y8wzFXavlWVJBLfaJFr1uEqNeGM=
3,8,qJqVzQ+xd59l90qLeImROvhZNTM=,Y8wzFXavlWVJBLfaJFr1uEqNeGM=
14,13,qJqVzQ+xd59l90qLeImROvhZNTM=,Y8wzFXavlWVJBLfaJFr1uEqNeGM=
15,14,qJqVzQ+xd59l90qLeImROvhZNTM=,Y8wzFXavlWVJBLfaJFr1uEqNeGM=
14,14,qJqVzQ+xd59l90qLeImROvhZNTM=,Y8wzFXavlWVJBLfaJFr1uEqNeGM=
2,8,qJqVzQ+xd59l90qLeImROvhZNTM=,Y8wzFXavlWVJBLfaJFr1uEqNeGM=
15,7,qJqVzQ+xd59l90qLeImROvhZNTM=,Y8wzFXavlWVJBLfaJFr1uEqNeGM=
5,4,qJqVzQ+xd59l90qLeImROvhZNTM=,Y8wzFXavlWVJBLfaJFr1uEqNeGM=
15,10,qJqVzQ+xd59l90qLeImROvhZNTM=,Y8wzFXavlWVJBLfaJFr1uEqNeGM=
15,3,qJqVzQ+xd59l90qLeImROvhZNTM=,Y8wzFXavlWVJBLfaJFr1uEqNeGM=
3,10,qJqVzQ+xd59l90qLeImROvhZNTM=,Y8wzFXavlWVJBLfaJFr1uEqNeGM=
15,12,qJqVzQ+xd59l90qLeImROvhZNTM=,Y8wzFXavlWVJBLfaJFr1uEqNeGM=
14,12,qJqVzQ+xd59l90qLeImROvhZNTM=,Y8wzFXavlWVJBLfaJFr1uEqNeGM=
13,12,qJqVzQ+xd59l90qLeImROvhZNTM=,Y8wzFXavlWVJBLfaJFr1uEqNeGM=
2,10,qJqVzQ+xd59l90qLeImROvhZNTM=,Y8wzFXavlWVJBLfaJFr1uEqNeGM=
2,7,qJqVzQ+xd59l90qLeImROvhZNTM=,Y8wzFXavlWVJBLfaJFr1uEqNeGM=
15,9,qJqVzQ+xd59l90qLeImROvhZNTM=,Y8wzFXavlWVJBLfaJFr1uEqNeGM=
3,7,qJqVzQ+xd59l90qLeImROvhZNTM=,Y8wzFXavlWVJBLfaJFr1uEqNeGM=
2,6,qJqVzQ+xd59l90qLeImROvhZNTM=,Y8wzFXavlWVJBLfaJFr1uEqNeGM=
4,9,qJqVzQ+xd59l90qLeImROvhZNTM=,Y8wzFXavlWVJBLfaJFr1uEqNeGM=
3,9,qJqVzQ+xd59l90qLeImROvhZNTM=,Y8wzFXavlWVJBLfaJFr1uEqNeGM=
8,6,qJqVzQ+xd59l90qLeImROvhZNTM=,Y8wzFXavlWVJBLfaJFr1uEqNeGM=
9,6,qJqVzQ+xd59l90qLeImROvhZNTM=,Y8wzFXavlWVJBLfaJFr1uEqNeGM=
7,1,qJqVzQ+xd59l90qLeImROvhZNTM=,Y8wzFXavlWVJBLfaJFr1uEqNeGM=
10,6,qJqVzQ+xd59l90qLeImROvhZNTM=,Y8wzFXavlWVJBLfaJFr1uEqNeGM=
15,4,qJqVzQ+xd59l90qLeImROvhZNTM=,Y8wzFXavlWVJBLfaJFr1uEqNeGM=
3,15,qJqVzQ+xd59l90qLeImROvhZNTM=,Y8wzFXavlWVJBLfaJFr1uEqNeGM=
7,6,qJqVzQ+xd59l90qLeImROvhZNTM=,Y8wzFXavlWVJBLfaJFr1uEqNeGM=
7,12,qJqVzQ+xd59l90qLeImROvhZNTM=,Y8wzFXavlWVJBLfaJFr1uEqNeGM=
1,15,qJqVzQ+xd59l90qLeImROvhZNTM=,Y8wzFXavlWVJBLfaJFr1uEqNeGM=
4,0,qJqVzQ+xd59l90qLeImROvhZNTM=,Y8wzFXavlWVJBLfaJFr1uEqNeGM=
12,6,qJqVzQ+xd59l90qLeImROvhZNTM=,Y8wzFXavlWVJBLfaJFr1uEqNeGM=
6,12,qJqVzQ+xd59l90qLeImROvhZNTM=,Y8wzFXavlWVJBLfaJFr1uEqNeGM=
2,9,qJqVzQ+xd59l90qLeImROvhZNTM=,Y8wzFXavlWVJBLfaJFr1uEqNeGM=
8,11,qJqVzQ+xd59l90qLeImROvhZNTM=,Y8wzFXavlWVJBLfaJFr1uEqNeGM=
2,1,qJqVzQ+xd59l90qLeImROvhZNTM=,Y8wzFXavlWVJBLfaJFr1uEqNeGM=
15,15,qJqVzQ+xd59l90qLeImROvhZNTM=,Y8wzFXavlWVJBLfaJFr1uEqNeGM=
9,11,qJqVzQ+xd59l90qLeImROvhZNTM=,Y8wzFXavlWVJBLfaJFr1uEqNeGM=
0,15,qJqVzQ+xd59l90qLeImROvhZNTM=,Y8wzFXavlWVJBLfaJFr1uEqNeGM=
5,9,qJqVzQ+xd59l90qLeImROvhZNTM=,Y8wzFXavlWVJBLfaJFr1uEqNeGM=
4,3,qJqVzQ+xd59l90qLeImROvhZNTM=,Y8wzFXavlWVJBLfaJFr1uEqNeGM=
15,1,qJqVzQ+xd59l90qLeImROvhZNTM=,Y8wzFXavlWVJBLfaJFr1uEqNeGM=
15,8,qJqVzQ+xd59l90qLeImROvhZNTM=,Y8wzFXavlWVJBLfaJFr1uEqNeGM=
10,11,qJqVzQ+xd59l90qLeImROvhZNTM=,Y8wzFXavlWVJBLfaJFr1uEqNeGM=
0,5,qJqVzQ+xd59l90qLeImROvhZNTM=,Y8wzFXavlWVJBLfaJFr1uEqNeGM=
2,3,qJqVzQ+xd59l90qLeImROvhZNTM=,Y8wzFXavlWVJBLfaJFr1uEqNeGM=
1,5,qJqVzQ+xd59l90qLeImROvhZNTM=,Y8wzFXavlWVJBLfaJFr1uEqNeGM=
1,3,qJqVzQ+xd59l90qLeImROvhZNTM=,Y8wzFXavlWVJBLfaJFr1uEqNeGM=
3,3,qJqVzQ+xd59l90qLeImROvhZNTM=,Y8wzFXavlWVJBLfaJFr1uEqNeGM=
5,12,qJqVzQ+xd59l90qLeImROvhZNTM=,Y8wzFXavlWVJBLfaJFr1uEqNeGM=
14,4,qJqVzQ+xd59l90qLeImROvhZNTM=,Y8wzFXavlWVJBLfaJFr1uEqNeGM=
14,0,qJqVzQ+xd59l90qLeImROvhZNTM=,Y8wzFXavlWVJBLfaJFr1uEqNeGM=
15,2,qJqVzQ+xd59l90qLeImROvhZNTM=,Y8wzFXavlWVJBLfaJFr1uEqNeGM=
0,3,qJqVzQ+xd59l90qLeImROvhZNTM=,Y8wzFXavlWVJBLfaJFr1uEqNeGM=
14,2,qJqVzQ+xd59l90qLeImROvhZNTM=,Y8wzFXavlWVJBLfaJFr1uEqNeGM=
14,15,qJqVzQ+xd59l90qLeImROvhZNTM=,Y8wzFXavlWVJBLfaJFr1uEqNeGM=
13,15,qJqVzQ+xd59l90qLeImROvhZNTM=,Y8wzFXavlWVJBLfaJFr1uEqNeGM=
15,0,qJqVzQ+xd59l90qLeImROvhZNTM=,Y8wzFXavlWVJBLfaJFr1uEqNeGM=
13,11,qJqVzQ+xd59l90qLeImROvhZNTM=,Y8wzFXavlWVJBLfaJFr1uEqNeGM=
1,1,qJqVzQ+xd59l90qLeImROvhZNTM=,Y8wzFXavlWVJBLfaJFr1uEqNeGM=
0,9,qJqVzQ+xd59l90qLeImROvhZNTM=,Y8wzFXavlWVJBLfaJFr1uEqNeGM=
9,0,qJqVzQ+xd59l90qLeImROvhZNTM=,Y8wzFXavlWVJBLfaJFr1uEqNeGM=
13,2,qJqVzQ+xd59l90qLeImROvhZNTM=,Y8wzFXavlWVJBLfaJFr1uEqNeGM=
1,9,qJqVzQ+xd59l90qLeImROvhZNTM=,Y8wzFXavlWVJBLfaJFr1uEqNeGM=
2,15,qJqVzQ+xd59l90qLeImROvhZNTM=,Y8wzFXavlWVJBLfaJFr1uEqNeGM=
4,8,qJqVzQ+xd59l90qLeImROvhZNTM=,Y8wzFXavlWVJBLfaJFr1uEqNeGM=
14,1,qJqVzQ+xd59l90qLeImROvhZNTM=,Y8wzFXavlWVJBLfaJFr1uEqNeGM=
12,15,qJqVzQ+xd59l90qLeImROvhZNTM=,Y8wzFXavlWVJBLfaJFr1uEqNeGM=
13,8,qJqVzQ+xd59l90qLeImROvhZNTM=,Y8wzFXavlWVJBLfaJFr1uEqNeGM=
2,0,qJqVzQ+xd59l90qLeImROvhZNTM=,Y8wzFXavlWVJBLfaJFr1uEqNeGM=
13,4,qJqVzQ+xd59l90qLeImROvhZNTM=,Y8wzFXavlWVJBLfaJFr1uEqNeGM=
6,9,qJqVzQ+xd59l90qLeImROvhZNTM=,Y8wzFXavlWVJBLfaJFr1uEqNeGM=
12,4,qJqVzQ+xd59l90qLeImROvhZNTM=,Y8wzFXavlWVJBLfaJFr1uEqNeGM=
6,6,qJqVzQ+xd59l90qLeImROvhZNTM=,Y8wzFXavlWVJBLfaJFr1uEqNeGM=
4,15,qJqVzQ+xd59l90qLeImROvhZNTM=,Y8wzFXavlWVJBLfaJFr1uEqNeGM=
5,15,qJqVzQ+xd59l90qLeImROvhZNTM=,Y8wzFXavlWVJBLfaJFr1uEqNeGM=
5,2,qJqVzQ+xd59l90qLeImROvhZNTM=,Y8wzFXavlWVJBLfaJFr1uEqNeGM=
9,1,qJqVzQ+xd59l90qLeImROvhZNTM=,Y8wzFXavlWVJBLfaJFr1uEqNeGM=
11,15,qJqVzQ+xd59l90qLeImROvhZNTM=,Y8wzFXavlWVJBLfaJFr1uEqNeGM=
3,12,qJqVzQ+xd59l90qLeImROvhZNTM=,Y8wzFXavlWVJBLfaJFr1uEqNeGM=
2,5,qJqVzQ+xd59l90qLeImROvhZNTM=,Y8wzFXavlWVJBLfaJFr1uEqNeGM=
0,1,qJqVzQ+xd59l90qLeImROvhZNTM=,Y8wzFXavlWVJBLfaJFr1uEqNeGM=
12,2,qJqVzQ+xd59l90qLeImROvhZNTM=,Y8wzFXavlWVJBLfaJFr1uEqNeGM=
5,6,qJqVzQ+xd59l90qLeImROvhZNTM=,Y8wzFXavlWVJBLfaJFr1uEqNeGM=
2,12,qJqVzQ+xd59l90qLeImROvhZNTM=,Y8wzFXavlWVJBLfaJFr1uEqNeGM=
13,1,qJqVzQ+xd59l90qLeImROvhZNTM=,Y8wzFXavlWVJBLfaJFr1uEqNeGM=
4,12,qJqVzQ+xd59l90qLeImROvhZNTM=,Y8wzFXavlWVJBLfaJFr1uEqNeGM=
8,0,qJqVzQ+xd59l90qLeImROvhZNTM=,Y8wzFXavlWVJBLfaJFr1uEqNeGM=
11,6,qJqVzQ+xd59l90qLeImROvhZNTM=,Y8wzFXavlWVJBLfaJFr1uEqNeGM=
3,6,qJqVzQ+xd59l90qLeImROvhZNTM=,Y8wzFXavlWVJBLfaJFr1uEqNeGM=
10,15,qJqVzQ+xd59l90qLeImROvhZNTM=,Y8wzFXavlWVJBLfaJFr1uEqNeGM=
8,15,qJqVzQ+xd59l90qLeImROvhZNTM=,Y8wzFXavlWVJBLfaJFr1uEqNeGM=
5,0,qJqVzQ+xd59l90qLeImROvhZNTM=,Y8wzFXavlWVJBLfaJFr1uEqNeGM=
1,12,qJqVzQ+xd59l90qLeImROvhZNTM=,Y8wzFXavlWVJBLfaJFr1uEqNeGM=
13,13,qJqVzQ+xd59l90qLeImROvhZNTM=,Y8wzFXavlWVJBLfaJFr1uEqNeGM=
7,15,qJqVzQ+xd59l90qLeImROvhZNTM=,Y8wzFXavlWVJBLfaJFr1uEqNeGM=
12,8,qJqVzQ+xd59l90qLeImROvhZNTM=,Y8wzFXavlWVJBLfaJFr1uEqNeGM=
0,12,qJqVzQ+xd59l90qLeImROvhZNTM=,Y8wzFXavlWVJBLfaJFr1uEqNeGM=
11,13,qJqVzQ+xd59l90qLeImROvhZNTM=,Y8wzFXavlWVJBLfaJFr1uEqNeGM=
14,11,qJqVzQ+xd59l90qLeImROvhZNTM=,Y8wzFXavlWVJBLfaJFr1uEqNeGM=
5,3,qJqVzQ+xd59l90qLeImROvhZNTM=,Y8wzFXavlWVJBLfaJFr1uEqNeGM=
11,4,qJqVzQ+xd59l90qLeImROvhZNTM=,Y8wzFXavlWVJBLfaJFr1uEqNeGM=
15,11,qJqVzQ+xd59l90qLeImROvhZNTM=,Y8wzFXavlWVJBLfaJFr1uEqNeGM=
11,11,qJqVzQ+xd59l90qLeImROvhZNTM=,Y8wzFXavlWVJBLfaJFr1uEqNeGM=
11,8,qJqVzQ+xd59l90qLeImROvhZNTM=,Y8wzFXavlWVJBLfaJFr1uEqNeGM=
9,15,qJqVzQ+xd59l90qLeImROvhZNTM=,Y8wzFXavlWVJBLfaJFr1uEqNeGM=
12,13,qJqVzQ+xd59l90qLeImROvhZNTM=,Y8wzFXavlWVJBLfaJFr1uEqNeGM=
14,8,qJqVzQ+xd59l90qLeImROvhZNTM=,Y8wzFXavlWVJBLfaJFr1uEqNeGM=
5,8,qJqVzQ+xd59l90qLeImROvhZNTM=,Y8wzFXavlWVJBLfaJFr1uEqNeGM=
3,5,qJqVzQ+xd59l90qLeImROvhZNTM=,Y8wzFXavlWVJBLfaJFr1uEqNeGM=
6,15,qJqVzQ+xd59l90qLeImROvhZNTM=,Y8wzFXavlWVJBLfaJFr1uEqNeGM=
7,0,qJqVzQ+xd59l90qLeImROvhZNTM=,Y8wzFXavlWVJBLfaJFr1uEqNeGM=
10,13,qJqVzQ+xd59l90qLeImROvhZNTM=,Y8wzFXavlWVJBLfaJFr1uEqNeGM=
9,4,qJqVzQ+xd59l90qLeImROvhZNTM=,Y8wzFXavlWVJBLfaJFr1uEqNeGM=
6,8,qJqVzQ+xd59l90qLeImROvhZNTM=,Y8wzFXavlWVJBLfaJFr1uEqNeGM=
13,14,qJqVzQ+xd59l90qLeImROvhZNTM=,Y8wzFXavlWVJBLfaJFr1uEqNeGM=
7,2,qJqVzQ+xd59l90qLeImROvhZNTM=,Y8wzFXavlWVJBLfaJFr1uEqNeGM=
4,6,qJqVzQ+xd59l90qLeImROvhZNTM=,Y8wzFXavlWVJBLfaJFr1uEqNeGM=
7,11,qJqVzQ+xd59l90qLeImROvhZNTM=,Y8wzFXavlWVJBLfaJFr1uEqNeGM=
10,4,qJqVzQ+xd59l90qLeImROvhZNTM=,Y8wzFXavlWVJBLfaJFr1uEqNeGM=
6,5,qJqVzQ+xd59l90qLeImROvhZNTM=,Y8wzFXavlWVJBLfaJFr1uEqNeGM=
6,13,qJqVzQ+xd59l90qLeImROvhZNTM=,Y8wzFXavlWVJBLfaJFr1uEqNeGM=
4,5,qJqVzQ+xd59l90qLeImROvhZNTM=,Y8wzFXavlWVJBLfaJFr1uEqNeGM=
7,4,qJqVzQ+xd59l90qLeImROvhZNTM=,Y8wzFXavlWVJBLfaJFr1uEqNeGM=
5,5,qJqVzQ+xd59l90qLeImROvhZNTM=,Y8wzFXavlWVJBLfaJFr1uEqNeGM=
6,0,qJqVzQ+xd59l90qLeImROvhZNTM=,Y8wzFXavlWVJBLfaJFr1uEqNeGM=
4,2,qJqVzQ+xd59l90qLeImROvhZNTM=,Y8wzFXavlWVJBLfaJFr1uEqNeGM=
11,2,qJqVzQ+xd59l90qLeImROvhZNTM=,Y8wzFXavlWVJBLfaJFr1uEqNeGM=
6,11,qJqVzQ+xd59l90qLeImROvhZNTM=,Y8wzFXavlWVJBLfaJFr1uEqNeGM=
5,1,qJqVzQ+xd59l90qLeImROvhZNTM=,Y8wzFXavlWVJBLfaJFr1uEqNeGM=
12,14,qJqVzQ+xd59l90qLeImROvhZNTM=,Y8wzFXavlWVJBLfaJFr1uEqNeGM=
10,5,qJqVzQ+xd59l90qLeImROvhZNTM=,Y8wzFXavlWVJBLfaJFr1uEqNeGM=
7,13,qJqVzQ+xd59l90qLeImROvhZNTM=,Y8wzFXavlWVJBLfaJFr1uEqNeGM=
7,5,qJqVzQ+xd59l90qLeImROvhZNTM=,Y8wzFXavlWVJBLfaJFr1uEqNeGM=
5,11,qJqVzQ+xd59l90qLeImROvhZNTM=,Y8wzFXavlWVJBLfaJFr1uEqNeGM=
9,13,qJqVzQ+xd59l90qLeImROvhZNTM=,Y8wzFXavlWVJBLfaJFr1uEqNeGM=
9,5,qJqVzQ+xd59l90qLeImROvhZNTM=,Y8wzFXavlWVJBLfaJFr1uEqNeGM=
11,14,qJqVzQ+xd59l90qLeImROvhZNTM=,Y8wzFXavlWVJBLfaJFr1uEqNeGM=
6,4,qJqVzQ+xd59l90qLeImROvhZNTM=,Y8wzFXavlWVJBLfaJFr1uEqNeGM=
8,4,qJqVzQ+xd59l90qLeImROvhZNTM=,Y8wzFXavlWVJBLfaJFr1uEqNeGM=
8,5,qJqVzQ+xd59l90qLeImROvhZNTM=,Y8wzFXavlWVJBLfaJFr1uEqNeGM=
4,4,qJqVzQ+xd59l90qLeImROvhZNTM=,Y8wzFXavlWVJBLfaJFr1uEqNeGM=
2,4,qJqVzQ+xd59l90qLeImROvhZNTM=,Y8wzFXavlWVJBLfaJFr1uEqNeGM=
1,4,qJqVzQ+xd59l90qLeImROvhZNTM=,Y8wzFXavlWVJBLfaJFr1uEqNeGM=
3,2,qJqVzQ+xd59l90qLeImROvhZNTM=,Y8wzFXavlWVJBLfaJFr1uEqNeGM=
3,0,qJqVzQ+xd59l90qLeImROvhZNTM=,Y8wzFXavlWVJBLfaJFr1uEqNeGM=
5,13,qJqVzQ+xd59l90qLeImROvhZNTM=,Y8wzFXavlWVJBLfaJFr1uEqNeGM=
3,4,qJqVzQ+xd59l90qLeImROvhZNTM=,Y8wzFXavlWVJBLfaJFr1uEqNeGM=
13,7,qJqVzQ+xd59l90qLeImROvhZNTM=,Y8wzFXavlWVJBLfaJFr1uEqNeGM=
2,11,qJqVzQ+xd59l90qLeImROvhZNTM=,Y8wzFXavlWVJBLfaJFr1uEqNeGM=
11,7,qJqVzQ+xd59l90qLeImROvhZNTM=,Y8wzFXavlWVJBLfaJFr1uEqNeGM=
8,2,qJqVzQ+xd59l90qLeImROvhZNTM=,Y8wzFXavlWVJBLfaJFr1uEqNeGM=
6,1,qJqVzQ+xd59l90qLeImROvhZNTM=,Y8wzFXavlWVJBLfaJFr1uEqNeGM=
4,13,qJqVzQ+xd59l90qLeImROvhZNTM=,Y8wzFXavlWVJBLfaJFr1uEqNeGM=
11,5,qJqVzQ+xd59l90qLeImROvhZNTM=,Y8wzFXavlWVJBLfaJFr1uEqNeGM=
10,14,qJqVzQ+xd59l90qLeImROvhZNTM=,Y8wzFXavlWVJBLfaJFr1uEqNeGM=
3,13,qJqVzQ+xd59l90qLeImROvhZNTM=,Y8wzFXavlWVJBLfaJFr1uEqNeGM=
0,4,qJqVzQ+xd59l90qLeImROvhZNTM=,Y8wzFXavlWVJBLfaJFr1uEqNeGM=
6,2,qJqVzQ+xd59l90qLeImROvhZNTM=,Y8wzFXavlWVJBLfaJFr1uEqNeGM=
2,13,qJqVzQ+xd59l90qLeImROvhZNTM=,Y8wzFXavlWVJBLfaJFr1uEqNeGM=
2,2,qJqVzQ+xd59l90qLeImROvhZNTM=,Y8wzFXavlWVJBLfaJFr1uEqNeGM=
12,7,qJqVzQ+xd59l90qLeImROvhZNTM=,Y8wzFXavlWVJBLfaJFr1uEqNeGM=
12,5,qJqVzQ+xd59l90qLeImROvhZNTM=,Y8wzFXavlWVJBLfaJFr1uEqNeGM=
4,11,qJqVzQ+xd59l90qLeImROvhZNTM=,Y8wzFXavlWVJBLfaJFr1uEqNeGM=
1,11,qJqVzQ+xd59l90qLeImROvhZNTM=,Y8wzFXavlWVJBLfaJFr1uEqNeGM=
14,10,qJqVzQ+xd59l90qLeImROvhZNTM=,Y8wzFXavlWVJBLfaJFr1uEqNeGM=
14,3,qJqVzQ+xd59l90qLeImROvhZNTM=,Y8wzFXavlWVJBLfaJFr1uEqNeGM=
12,10,qJqVzQ+xd59l90qLeImROvhZNTM=,Y8wzFXavlWVJBLfaJFr1uEqNeGM=
10,7,qJqVzQ+xd59l90qLeImROvhZNTM=,Y8wzFXavlWVJBLfaJFr1uEqNeGM=
8,8,qJqVzQ+xd59l90qLeImROvhZNTM=,Y8wzFXavlWVJBLfaJFr1uEqNeGM=
0,11,qJqVzQ+xd59l90qLeImROvhZNTM=,Y8wzFXavlWVJBLfaJFr1uEqNeGM=
10,10,qJqVzQ+xd59l90qLeImROvhZNTM=,Y8wzFXavlWVJBLfaJFr1uEqNeGM=
9,10,qJqVzQ+xd59l90qLeImROvhZNTM=,Y8wzFXavlWVJBLfaJFr1uEqNeGM=
1,13,qJqVzQ+xd59l90qLeImROvhZNTM=,Y8wzFXavlWVJBLfaJFr1uEqNeGM=
1,8,qJqVzQ+xd59l90qLeImROvhZNTM=,Y8wzFXavlWVJBLfaJFr1uEqNeGM=
9,7,qJqVzQ+xd59l90qLeImROvhZNTM=,Y8wzFXavlWVJBLfaJFr1uEqNeGM=
13,3,qJqVzQ+xd59l90qLeImROvhZNTM=,Y8wzFXavlWVJBLfaJFr1uEqNeGM=
11,10,qJqVzQ+xd59l90qLeImROvhZNTM=,Y8wzFXavlWVJBLfaJFr1uEqNeGM=
8,7,qJqVzQ+xd59l90qLeImROvhZNTM=,Y8wzFXavlWVJBLfaJFr1uEqNeGM=
1,2,qJqVzQ+xd59l90qLeImROvhZNTM=,Y8wzFXavlWVJBLfaJFr1uEqNeGM=
13,10,qJqVzQ+xd59l90qLeImROvhZNTM=,Y8wzFXavlWVJBLfaJFr1uEqNeGM=
8,13,qJqVzQ+xd59l90qLeImROvhZNTM=,Y8wzFXavlWVJBLfaJFr1uEqNeGM=
6,14,qJqVzQ+xd59l90qLeImROvhZNTM=,Y8wzFXavlWVJBLfaJFr1uEqNeGM=
0,13,qJqVzQ+xd59l90qLeImROvhZNTM=,Y8wzFXavlWVJBLfaJFr1uEqNeGM=
14,5,qJqVzQ+xd59l90qLeImROvhZNTM=,Y8wzFXavlWVJBLfaJFr1uEqNeGM=
15,5,qJqVzQ+xd59l90qLeImROvhZNTM=,Y8wzFXavlWVJBLfaJFr1uEqNeGM=
7,7,qJqVzQ+xd59l90qLeImROvhZNTM=,Y8wzFXavlWVJBLfaJFr1uEqNeGM=
6,7,qJqVzQ+xd59l90qLeImROvhZNTM=,Y8wzFXavlWVJBLfaJFr1uEqNeGM=
13,5,qJqVzQ+xd59l90qLeImROvhZNTM=,Y8wzFXavlWVJBLfaJFr1uEqNeGM=
5,14,qJqVzQ+xd59l90qLeImROvhZNTM=,Y8wzFXavlWVJBLfaJFr1uEqNeGM=
8,10,qJqVzQ+xd59l90qLeImROvhZNTM=,Y8wzFXavlWVJBLfaJFr1uEqNeGM=
4,14,qJqVzQ+xd59l90qLeImROvhZNTM=,Y8wzFXavlWVJBLfaJFr1uEqNeGM=
4,10,qJqVzQ+xd59l90qLeImROvhZNTM=,Y8wzFXavlWVJBLfaJFr1uEqNeGM=
12,11,qJqVzQ+xd59l90qLeImROvhZNTM=,Y8wzFXavlWVJBLfaJFr1uEqNeGM=
1,0,qJqVzQ+xd59l90qLeImROvhZNTM=,Y8wzFXavlWVJBLfaJFr1uEqNeGM=
5,10,qJqVzQ+xd59l90qLeImROvhZNTM=,Y8wzFXavlWVJBLfaJFr1uEqNeGM=
9,8,qJqVzQ+xd59l90qLeImROvhZNTM=,Y8wzFXavlWVJBLfaJFr1uEqNeGM=
8,1,qJqVzQ+xd59l90qLeImROvhZNTM=,Y8wzFXavlWVJBLfaJFr1uEqNeGM=
1,10,qJqVzQ+xd59l90qLeImROvhZNTM=,Y8wzFXavlWVJBLfaJFr1uEqNeGM=
3,11,qJqVzQ+xd59l90qLeImROvhZNTM=,Y8wzFXavlWVJBLfaJFr1uEqNeGM=
3,14,qJqVzQ+xd59l90qLeImROvhZNTM=,Y8wzFXavlWVJBLfaJFr1uEqNeGM=
9,14,qJqVzQ+xd59l90qLeImROvhZNTM=,Y8wzFXavlWVJBLfaJFr1uEqNeGM=
7,14,qJqVzQ+xd59l90qLeImROvhZNTM=,Y8wzFXavlWVJBLfaJFr1uEqNeGM=
0,10,qJqVzQ+xd59l90qLeImROvhZNTM=,Y8wzFXavlWVJBLfaJFr1uEqNeGM=
7,8,qJqVzQ+xd59l90qLeImROvhZNTM=,Y8wzFXavlWVJBLfaJFr1uEqNeGM=
14,7,qJqVzQ+xd59l90qLeImROvhZNTM=,Y8wzFXavlWVJBLfaJFr1uEqNeGM=
6,10,qJqVzQ+xd59l90qLeImROvhZNTM=,Y8wzFXavlWVJBLfaJFr1uEqNeGM=
10,2,qJqVzQ+xd59l90qLeImROvhZNTM=,Y8wzFXavlWVJBLfaJFr1uEqNeGM=
4,7,qJqVzQ+xd59l90qLeImROvhZNTM=,Y8wzFXavlWVJBLfaJFr1uEqNeGM=
1,14,qJqVzQ+xd59l90qLeImROvhZNTM=,Y8wzFXavlWVJBLfaJFr1uEqNeGM=
2,14,qJqVzQ+xd59l90qLeImROvhZNTM=,Y8wzFXavlWVJBLfaJFr1uEqNeGM=
0,14,qJqVzQ+xd59l90qLeImROvhZNTM=,Y8wzFXavlWVJBLfaJFr1uEqNeGM=
12,9,qJqVzQ+xd59l90qLeImROvhZNTM=,Y8wzFXavlWVJBLfaJFr1uEqNeGM=
13,0,qJqVzQ+xd59l90qLeImROvhZNTM=,Y8wzFXavlWVJBLfaJFr1uEqNeGM=
12,3,qJqVzQ+xd59l90qLeImROvhZNTM=,Y8wzFXavlWVJBLfaJFr1uEqNeGM=
11,1,qJqVzQ+xd59l90qLeImROvhZNTM=,Y8wzFXavlWVJBLfaJFr1uEqNeGM=
9,2,qJqVzQ+xd59l90qLeImROvhZNTM=,Y8wzFXavlWVJBLfaJFr1uEqNeGM=
0,6,qJqVzQ+xd59l90qLeImROvhZNTM=,Y8wzFXavlWVJBLfaJFr1uEqNeGM=
13,9,qJqVzQ+xd59l90qLeImROvhZNTM=,Y8wzFXavlWVJBLfaJFr1uEqNeGM=
9,9,qJqVzQ+xd59l90qLeImROvhZNTM=,Y8wzFXavlWVJBLfaJFr1uEqNeGM=
7,10,qJqVzQ+xd59l90qLeImROvhZNTM=,Y8wzFXavlWVJBLfaJFr1uEqNeGM=
12,12,qJqVzQ+xd59l90qLeImROvhZNTM=,Y8wzFXavlWVJBLfaJFr1uEqNeGM=
10,9,qJqVzQ+xd59l90qLeImROvhZNTM=,Y8wzFXavlWVJBLfaJFr1uEqNeGM=
11,12,qJqVzQ+xd59l90qLeImROvhZNTM=,Y8wzFXavlWVJBLfaJFr1uEqNeGM=
4,1,qJqVzQ+xd59l90qLeImROvhZNTM=,Y8wzFXavlWVJBLfaJFr1uEqNeGM=
10,1,qJqVzQ+xd59l90qLeImROvhZNTM=,Y8wzFXavlWVJBLfaJFr1uEqNeGM=
10,8,qJqVzQ+xd59l90qLeImROvhZNTM=,Y8wzFXavlWVJBLfaJFr1uEqNeGM=
11,9,qJqVzQ+xd59l90qLeImROvhZNTM=,Y8wzFXavlWVJBLfaJFr1uEqNeGM=
1,7,qJqVzQ+xd59l90qLeImROvhZNTM=,Y8wzFXavlWVJBLfaJFr1uEqNeGM=
10,12,qJqVzQ+xd59l90qLeImROvhZNTM=,Y8wzFXavlWVJBLfaJFr1uEqNeGM=
15,6,qJqVzQ+xd59l90qLeImROvhZNTM=,Y8wzFXavlWVJBLfaJFr1uEqNeGM=
1,6,qJqVzQ+xd59l90qLeImROvhZNTM=,Y8wzFXavlWVJBLfaJFr1uEqNeGM=
8,14,qJqVzQ+xd59l90qLeImROvhZNTM=,Y8wzFXavlWVJBLfaJFr1uEqNeGM=
14,9,qJqVzQ+xd59l90qLeImROvhZNTM=,Y8wzFXavlWVJBLfaJFr1uEqNeGM=
0,2,qJqVzQ+xd59l90qLeImROvhZNTM=,Y8wzFXavlWVJBLfaJFr1uEqNeGM=
10,3,qJqVzQ+xd59l90qLeImROvhZNTM=,Y8wzFXavlWVJBLfaJFr1uEqNeGM=
14,6,qJqVzQ+xd59l90qLeImROvhZNTM=,Y8wzFXavlWVJBLfaJFr1uEqNeGM=
7,3,qJqVzQ+xd59l90qLeImROvhZNTM=,Y8wzFXavlWVJBLfaJFr1uEqNeGM=
9,12,qJqVzQ+xd59l90qLeImROvhZNTM=,Y8wzFXavlWVJBLfaJFr1uEqNeGM=
3,1,qJqVzQ+xd59l90qLeImROvhZNTM=,Y8wzFXavlWVJBLfaJFr1uEqNeGM=
0,8,qJqVzQ+xd59l90qLeImROvhZNTM=,Y8wzFXavlWVJBLfaJFr1uEqNeGM=
8,12,qJqVzQ+xd59l90qLeImROvhZNTM=,Y8wzFXavlWVJBLfaJFr1uEqNeGM=
10,0,qJqVzQ+xd59l90qLeImROvhZNTM=,Y8wzFXavlWVJBLfaJFr1uEqNeGM=
8,9,qJqVzQ+xd59l90qLeImROvhZNTM=,Y8wzFXavlWVJBLfaJFr1uEqNeGM=
13,6,qJqVzQ+xd59l90qLeImROvhZNTM=,Y8wzFXavlWVJBLfaJFr1uEqNeGM=
11,0,qJqVzQ+xd59l90qLeImROvhZNTM=,Y8wzFXavlWVJBLfaJFr1uEqNeGM=
0,0,qJqVzQ+xd59l90qLeImROvhZNTM=,Y8wzFXavlWVJBLfaJFr1uEqNeGM=
8,3,qJqVzQ+xd59l90qLeImROvhZNTM=,Y8wzFXavlWVJBLfaJFr1uEqNeGM=
0,7,qJqVzQ+xd59l90qLeImROvhZNTM=,Y8wzFXavlWVJBLfaJFr1uEqNeGM=
12,0,qJqVzQ+xd59l90qLeImROvhZNTM=,Y8wzFXavlWVJBLfaJFr1uEqNeGM=
11,3,qJqVzQ+xd59l90qLeImROvhZNTM=,Y8wzFXavlWVJBLfaJFr1uEqNeGM=
5,7,qJqVzQ+xd59l90qLeImROvhZNTM=,Y8wzFXavlWVJBLfaJFr1uEqNeGM=
7,9,qJqVzQ+xd59l90qLeImROvhZNTM=,Y8wzFXavlWVJBLfaJFr1uEqNeGM=
6,3,qJqVzQ+xd59l90qLeImROvhZNTM=,Y8wzFXavlWVJBLfaJFr1uEqNeGM=
12,1,qJqVzQ+xd59l90qLeImROvhZNTM=,Y8wzFXavlWVJBLfaJFr1uEqNeGM=
9,3,qJqVzQ+xd59l90qLeImROvhZNTM=,Y8wzFXavlWVJBLfaJFr1uEqNeGM=
15,31,7s+S+uXd4trTVmIImHqVcSZya1w=,koAp1oqjMkAHrAku4waB3bYkc9o=
14,31,7s+S+uXd4trTVmIImHqVcSZya1w=,koAp1oqjMkAHrAku4waB3bYkc9o=
12,31,7s+S+uXd4trTVmIImHqVcSZya1w=,koAp1oqjMkAHrAku4waB3bYkc9o=
13,31,7s+S+uXd4trTVmIImHqVcSZya1w=,koAp1oqjMkAHrAku4waB3bYkc9o=
11,31,7s+S+uXd4trTVmIImHqVcSZya1w=,koAp1oqjMkAHrAku4waB3bYkc9o=
10,31,7s+S+uXd4trTVmIImHqVcSZya1w=,koAp1oqjMkAHrAku4waB3bYkc9o=
9,31,7s+S+uXd4trTVmIImHqVcSZya1w=,koAp1oqjMkAHrAku4waB3bYkc9o=
8,31,7s+S+uXd4trTVmIImHqVcSZya1w=,koAp1oqjMkAHrAku4waB3bYkc9o=
7,31,7s+S+uXd4trTVmIImHqVcSZya1w=,koAp1oqjMkAHrAku4waB3bYkc9o=
6,31,7s+S+uXd4trTVmIImHqVcSZya1w=,koAp1oqjMkAHrAku4waB3bYkc9o=
5,31,7s+S+uXd4trTVmIImHqVcSZya1w=,koAp1oqjMkAHrAku4waB3bYkc9o=
4,31,7s+S+uXd4trTVmIImHqVcSZya1w=,koAp1oqjMkAHrAku4waB3bYkc9o=
3,31,7s+S+uXd4trTVmIImHqVcSZya1w=,koAp1oqjMkAHrAku4waB3bYkc9o=
2,31,7s+S+uXd4trTVmIImHqVcSZya1w=,koAp1oqjMkAHrAku4waB3bYkc9o=
5,16,7s+S+uXd4trTVmIImHqVcSZya1w=,koAp1oqjMkAHrAku4waB3bYkc9o=
15,30,7s+S+uXd4trTVmIImHqVcSZya1w=,koAp1oqjMkAHrAku4waB3bYkc9o=
5,20,7s+S+uXd4trTVmIImHqVcSZya1w=,koAp1oqjMkAHrAku4waB3bYkc9o=
14,30,7s+S+uXd4trTVmIImHqVcSZya1w=,koAp1oqjMkAHrAku4waB3bYkc9o=
13,30,7s+S+uXd4trTVmIImHqVcSZya1w=,koAp1oqjMkAHrAku4waB3bYkc9o=
12,30,7s+S+uXd4trTVmIImHqVcSZya1w=,koAp1oqjMkAHrAku4waB3bYkc9o=
1,31,7s+S+uXd4trTVmIImHqVcSZya1w=,koAp1oqjMkAHrAku4waB3bYkc9o=
11,30,7s+S+uXd4trTVmIImHqVcSZya1w=,koAp1oqjMkAHrAku4waB3bYkc9o=
3,19,7s+S+uXd4trTVmIImHqVcSZya1w=,koAp1oqjMkAHrAku4waB3bYkc9o=
4,20,7s+S+uXd4trTVmIImHqVcSZya1w=,koAp1oqjMkAHrAku4waB3bYkc9o=
10,30,7s+S+uXd4trTVmIImHqVcSZya1w=,koAp1oqjMkAHrAku4waB3bYkc9o=
9,30,7s+S+uXd4trTVmIImHqVcSZya1w=,koAp1oqjMkAHrAku4waB3bYkc9o=
8,30,7s+S+uXd4trTVmIImHqVcSZya1w=,koAp1oqjMkAHrAku4waB3bYkc9o=
7,30,7s+S+uXd4trTVmIImHqVcSZya1w=,koAp1oqjMkAHrAku4waB3bYkc9o=
6,30,7s+S+uXd4trTVmIImHqVcSZya1w=,koAp1oqjMkAHrAku4waB3bYkc9o=
2,20,7s+S+uXd4trTVmIImHqVcSZya1w=,koAp1oqjMkAHrAku4waB3bYkc9o=
5,30,7s+S+uXd4trTVmIImHqVcSZya1w=,koAp1oqjMkAHrAku4waB3bYkc9o=
3,20,7s+S+uXd4trTVmIImHqVcSZya1w=,koAp1oqjMkAHrAku4waB3bYkc9o=
4,30,7s+S+uXd4trTVmIImHqVcSZya1w=,koAp1oqjMkAHrAku4waB3bYkc9o=
3,30,7s+S+uXd4trTVmIImHqVcSZya1w=,koAp1oqjMkAHrAku4waB3bYkc9o=
2,30,7s+S+uXd4trTVmIImHqVcSZya1w=,koAp1oqjMkAHrAku4waB3bYkc9o=
1,30,7s+S+uXd4trTVmIImHqVcSZya1w=,koAp1oqjMkAHrAku4waB3bYkc9o=
3,16,7s+S+uXd4trTVmIImHqVcSZya1w=,koAp1oqjMkAHrAku4waB3bYkc9o=
15,29,7s+S+uXd4trTVmIImHqVcSZya1w=,koAp1oqjMkAHrAku4waB3bYkc9o=
14,29,7s+S+uXd4trTVmIImHqVcSZya1w=,koAp1oqjMkAHrAku4waB3bYkc9o=
13,29,7s+S+uXd4trTVmIImHqVcSZya1w=,koAp1oqjMkAHrAku4waB3bYkc9o=
12,29,7s+S+uXd4trTVmIImHqVcSZya1w=,koAp1oqjMkAHrAku4waB3bYkc9o=
0,30,7s+S+uXd4trTVmIImHqVcSZya1w=,koAp1oqjMkAHrAku4waB3bYkc9o=
11,29,7s+S+uXd4trTVmIImHqVcSZya1w=,koAp1oqjMkAHrAku4waB3bYkc9o=
6,20,7s+S+uXd4trTVmIImHqVcSZya1w=,koAp1oqjMkAHrAku4waB3bYkc9o=
10,29,7s+S+uXd4trTVmIImHqVcSZya1w=,koAp1oqjMkAHrAku4waB3bYkc9o=
7,20,7s+S+uXd4trTVmIImHqVcSZya1w=,koAp1oqjMkAHrAku4waB3bYkc9o=
9,29,7s+S+uXd4trTVmIImHqVcSZya1w=,koAp1oqjMkAHrAku4waB3bYkc9o=
8,29,7s+S+uXd4trTVmIImHqVcSZya1w=,koAp1oqjMkAHrAku4waB3bYkc9o=
1,20,7s+S+uXd4trTVmIImHqVcSZya1w=,koAp1oqjMkAHrAku4waB3bYkc9o=
7,29,7s+S+uXd4trTVmIImHqVcSZya1w=,koAp1oqjMkAHrAku4waB3bYkc9o=
6,29,7s+S+uXd4trTVmIImHqVcSZya1w=,koAp1oqjMkAHrAku4waB3bYkc9o=
5,29,7s+S+uXd4trTVmIImHqVcSZya1w=,koAp1oqjMkAHrAku4waB3bYkc9o=
4,29,7s+S+uXd4trTVmIImHqVcSZya1w=,koAp1oqjMkAHrAku4waB3bYkc9o=
2,29,7s+S+uXd4trTVmIImHqVcSZya1w=,koAp1oqjMkAHrAku4waB3bYkc9o=
1,29,7s+S+uXd4trTVmIImHqVcSZya1w=,koAp1oqjMkAHrAku4waB3bYkc9o=
0,20,7s+S+uXd4trTVmIImHqVcSZya1w=,koAp1oqjMkAHrAku4waB3bYkc9o=
15,28,7s+S+uXd4trTVmIImHqVcSZya1w=,koAp1oqjMkAHrAku4waB3bYkc9o=
3,29,7s+S+uXd4trTVmIImHqVcSZya1w=,koAp1oqjMkAHrAku4waB3bYkc9o=
13,28,7s+S+uXd4trTVmIImHqVcSZya1w=,koAp1oqjMkAHrAku4waB3bYkc9o=
12,28,7s+S+uXd4trTVmIImHqVcSZya1w=,koAp1oqjMkAHrAku4waB3bYkc9o=
10,28,7s+S+uXd4trTVmIImHqVcSZya1w=,koAp1oqjMkAHrAku4waB3bYkc9o=
14,28,7s+S+uXd4trTVmIImHqVcSZya1w=,koAp1oqjMkAHrAku4waB3bYkc9o=
9,28,7s+S+uXd4trTVmIImHqVcSZya1w=,koAp1oqjMkAHrAku4waB3bYkc9o=
11,28,7s+S+uXd4trTVmIImHqVcSZya1w=,koAp1oqjMkAHrAku4waB3bYkc9o=
7,28,7s+S+uXd4trTVmIImHqVcSZya1w=,koAp1oqjMkAHrAku4waB3bYkc9o=
6,28,7s+S+uXd4trTVmIImHqVcSZya1w=,koAp1oqjMkAHrAku4waB3bYkc9o=
5,28,7s+S+uXd4trTVmIImHqVcSZya1w=,koAp1oqjMkAHrAku4waB3bYkc9o=
4,28,7s+S+uXd4trTVmIImHqVcSZya1w=,koAp1oqjMkAHrAku4waB3bYkc9o=
3,28,7s+S+uXd4trTVmIImHqVcSZya1w=,koAp1oqjMkAHrAku4waB3bYkc9o=
8,28,7s+S+uXd4trTVmIImHqVcSZya1w=,koAp1oqjMkAHrAku4waB3bYkc9o=
2,28,7s+S+uXd4trTVmIImHqVcSZya1w=,koAp1oqjMkAHrAku4waB3bYkc9o=
1,28,7s+S+uXd4trTVmIImHqVcSZya1w=,koAp1oqjMkAHrAku4waB3bYkc9o=
0,29,7s+S+uXd4trTVmIImHqVcSZya1w=,koAp1oqjMkAHrAku4waB3bYkc9o=
6,17,7s+S+uXd4trTVmIImHqVcSZya1w=,koAp1oqjMkAHrAku4waB3bYkc9o=
15,19,7s+S+uXd4trTVmIImHqVcSZya1w=,koAp1oqjMkAHrAku4waB3bYkc9o=
15,27,7s+S+uXd4trTVmIImHqVcSZya1w=,koAp1oqjMkAHrAku4waB3bYkc9o=
13,27,7s+S+uXd4trTVmIImHqVcSZya1w=,koAp1oqjMkAHrAku4waB3bYkc9o=
14,27,7s+S+uXd4trTVmIImHqVcSZya1w=,koAp1oqjMkAHrAku4waB3bYkc9o=
11,27,7s+S+uXd4trTVmIImHqVcSZya1w=,koAp1oqjMkAHrAku4waB3bYkc9o=
4,18,7s+S+uXd4trTVmIImHqVcSZya1w=,koAp1oqjMkAHrAku4waB3bYkc9o=
12,27,7s+S+uXd4trTVmIImHqVcSZya1w=,koAp1oqjMkAHrAku4waB3bYkc9o=
9,27,7s+S+uXd4trTVmIImHqVcSZya1w=,koAp1oqjMkAHrAku4waB3bYkc9o=
8,27,7s+S+uXd4trTVmIImHqVcSZya1w=,koAp1oqjMkAHrAku4waB3bYkc9o=
10,27,7s+S+uXd4trTVmIImHqVcSZya1w=,koAp1oqjMkAHrAku4waB3bYkc9o=
7,27,7s+S+uXd4trTVmIImHqVcSZya1w=,koAp1oqjMkAHrAku4waB3bYkc9o=
5,27,7s+S+uXd4trTVmIImHqVcSZya1w=,koAp1oqjMkAHrAku4waB3bYkc9o=
6,27,7s+S+uXd4trTVmIImHqVcSZya1w=,koAp1oqjMkAHrAku4waB3bYkc9o=
4,27,7s+S+uXd4trTVmIImHqVcSZya1w=,koAp1oqjMkAHrAku4waB3bYkc9o=
5,17,7s+S+uXd4trTVmIImHqVcSZya1w=,koAp1oqjMkAHrAku4waB3bYkc9o=
3,27,7s+S+uXd4trTVmIImHqVcSZya1w=,koAp1oqjMkAHrAku4waB3bYkc9o=
14,19,7s+S+uXd4trTVmIImHqVcSZya1w=,koAp1oqjMkAHrAku4waB3bYkc9o=
1,27,7s+S+uXd4trTVmIImHqVcSZya1w=,koAp1oqjMkAHrAku4waB3bYkc9o=
2,27,7s+S+uXd4trTVmIImHqVcSZya1w=,koAp1oqjMkAHrAku4waB3bYkc9o=
14,26,7s+S+uXd4trTVmIImHqVcSZya1w=,koAp1oqjMkAHrAku4waB3bYkc9o=
15,26,7s+S+uXd4trTVmIImHqVcSZya1w=,koAp1oqjMkAHrAku4waB3bYkc9o=
3,18,7s+S+uXd4trTVmIImHqVcSZya1w=,koAp1oqjMkAHrAku4waB3bYkc9o=
13,26,7s+S+uXd4trTVmIImHqVcSZya1w=,koAp1oqjMkAHrAku4waB3bYkc9o=
6,16,7s+S+uXd4trTVmIImHqVcSZya1w=,koAp1oqjMkAHrAku4waB3bYkc9o=
12,26,7s+S+uXd4trTVmIImHqVcSZya1w=,koAp1oqjMkAHrAku4waB3bYkc9o=
11,26,7s+S+uXd4trTVmIImHqVcSZya1w=,koAp1oqjMkAHrAku4waB3bYkc9o=
10,26,7s+S+uXd4trTVmIImHqVcSZya1w=,koAp1oqjMkAHrAku4waB3bYkc9o=
0,27,7s+S+uXd4trTVmIImHqVcSZya1w=,koAp1oqjMkAHrAku4waB3bYkc9o=
9,26,7s+S+uXd4trTVmIImHqVcSZya1w=,koAp1oqjMkAHrAku4waB3bYkc9o=
7,16,7s+S+uXd4trTVmIImHqVcSZya1w=,koAp1oqjMkAHrAku4waB3bYkc9o=
4,17,7s+S+uXd4trTVmIImHqVcSZya1w=,koAp1oqjMkAHrAku4waB3bYkc9o=
8,26,7s+S+uXd4trTVmIImHqVcSZya1w=,koAp1oqjMkAHrAku4waB3bYkc9o=
7,26,7s+S+uXd4trTVmIImHqVcSZya1w=,koAp1oqjMkAHrAku4waB3bYkc9o=
0,28,7s+S+uXd4trTVmIImHqVcSZya1w=,koAp1oqjMkAHrAku4waB3bYkc9o=
5,26,7s+S+uXd4trTVmIImHqVcSZya1w=,koAp1oqjMkAHrAku4waB3bYkc9o=
6,26,7s+S+uXd4trTVmIImHqVcSZya1w=,koAp1oqjMkAHrAku4waB3bYkc9o=
4,26,7s+S+uXd4trTVmIImHqVcSZya1w=,koAp1oqjMkAHrAku4waB3bYkc9o=
3,26,7s+S+uXd4trTVmIImHqVcSZya1w=,koAp1oqjMkAHrAku4waB3bYkc9o=
13,19,7s+S+uXd4trTVmIImHqVcSZya1w=,koAp1oqjMkAHrAku4waB3bYkc9o=
2,26,7s+S+uXd4trTVmIImHqVcSZya1w=,koAp1oqjMkAHrAku4waB3bYkc9o=
1,26,7s+S+uXd4trTVmIImHqVcSZya1w=,koAp1oqjMkAHrAku4waB3bYkc9o=
3,17,7s+S+uXd4trTVmIImHqVcSZya1w=,koAp1oqjMkAHrAku4waB3bYkc9o=
2,18,7s+S+uXd4trTVmIImHqVcSZya1w=,koAp1oqjMkAHrAku4waB3bYkc9o=
0,18,7s+S+uXd4trTVmIImHqVcSZya1w=,koAp1oqjMkAHrAku4waB3bYkc9o=
15,25,7s+S+uXd4trTVmIImHqVcSZya1w=,koAp1oqjMkAHrAku4waB3bYkc9o=
14,25,7s+S+uXd4trTVmIImHqVcSZya1w=,koAp1oqjMkAHrAku4waB3bYkc9o=
13,25,7s+S+uXd4trTVmIImHqVcSZya1w=,koAp1oqjMkAHrAku4waB3bYkc9o=
12,25,7s+S+uXd4trTVmIImHqVcSZya1w=,koAp1oqjMkAHrAku4waB3bYkc9o=
1,18,7s+S+uXd4trTVmIImHqVcSZya1w=,koAp1oqjMkAHrAku4waB3bYkc9o=
11,25,7s+S+uXd4trTVmIImHqVcSZya1w=,koAp1oqjMkAHrAku4waB3bYkc9o=
9,25,7s+S+uXd4trTVmIImHqVcSZya1w=,koAp1oqjMkAHrAku4waB3bYkc9o=
8,25,7s+S+uXd4trTVmIImHqVcSZya1w=,koAp1oqjMkAHrAku4waB3bYkc9o=
10,25,7s+S+uXd4trTVmIImHqVcSZya1w=,koAp1oqjMkAHrAku4waB3bYkc9o=
7,25,7s+S+uXd4trTVmIImHqVcSZya1w=,koAp1oqjMkAHrAku4waB3bYkc9o=
6,25,7s+S+uXd4trTVmIImHqVcSZya1w=,koAp1oqjMkAHrAku4waB3bYkc9o=
4,25,7s+S+uXd4trTVmIImHqVcSZya1w=,koAp1oqjMkAHrAku4waB3bYkc9o=
4,19,7s+S+uXd4trTVmIImHqVcSZya1w=,koAp1oqjMkAHrAku4waB3bYkc9o=
5,25,7s+S+uXd4trTVmIImHqVcSZya1w=,koAp1oqjMkAHrAku4waB3bYkc9o=
2,25,7s+S+uXd4trTVmIImHqVcSZya1w=,koAp1oqjMkAHrAku4waB3bYkc9o=
2,17,7s+S+uXd4trTVmIImHqVcSZya1w=,koAp1oqjMkAHrAku4waB3bYkc9o=
1,25,7s+S+uXd4trTVmIImHqVcSZya1w=,koAp1oqjMkAHrAku4waB3bYkc9o=
15,24,7s+S+uXd4trTVmIImHqVcSZya1w=,koAp1oqjMkAHrAku4waB3bYkc9o=
15,16,7s+S+uXd4trTVmIImHqVcSZya1w=,koAp1oqjMkAHrAku4waB3bYkc9o=
14,24,7s+S+uXd4trTVmIImHqVcSZya1w=,koAp1oqjMkAHrAku4waB3bYkc9o=
3,25,7s+S+uXd4trTVmIImHqVcSZya1w=,koAp1oqjMkAHrAku4waB3bYkc9o=
13,24,7s+S+uXd4trTVmIImHqVcSZya1w=,koAp1oqjMkAHrAku4waB3bYkc9o=
11,24,7s+S+uXd4trTVmIImHqVcSZya1w=,koAp1oqjMkAHrAku4waB3bYkc9o=
12,24,7s+S+uXd4trTVmIImHqVcSZya1w=,koAp1oqjMkAHrAku4waB3bYkc9o=
10,24,7s+S+uXd4trTVmIImHqVcSZya1w=,koAp1oqjMkAHrAku4waB3bYkc9o=
9,24,7s+S+uXd4trTVmIImHqVcSZya1w=,koAp1oqjMkAHrAku4waB3bYkc9o=
14,16,7s+S+uXd4trTVmIImHqVcSZya1w=,koAp1oqjMkAHrAku4waB3bYkc9o=
8,24,7s+S+uXd4trTVmIImHqVcSZya1w=,koAp1oqjMkAHrAku4waB3bYkc9o=
7,24,7s+S+uXd4trTVmIImHqVcSZya1w=,koAp1oqjMkAHrAku4waB3bYkc9o=
6,24,7s+S+uXd4trTVmIImHqVcSZya1w=,koAp1oqjMkAHrAku4waB3bYkc9o=
5,24,7s+S+uXd4trTVmIImHqVcSZya1w=,koAp1oqjMkAHrAku4waB3bYkc9o=
13,16,7s+S+uXd4trTVmIImHqVcSZya1w=,koAp1oqjMkAHrAku4waB3bYkc9o=
15,17,7s+S+uXd4trTVmIImHqVcSZya1w=,koAp1oqjMkAHrAku4waB3bYkc9o=
4,24,7s+S+uXd4trTVmIImHqVcSZya1w=,koAp1oqjMkAHrAku4waB3bYkc9o=
3,24,7s+S+uXd4trTVmIImHqVcSZya1w=,koAp1oqjMkAHrAku4waB3bYkc9o=
14,17,7s+S+uXd4trTVmIImHqVcSZya1w=,koAp1oqjMkAHrAku4waB3bYkc9o=
0,17,7s+S+uXd4trTVmIImHqVcSZya1w=,koAp1oqjMkAHrAku4waB3bYkc9o=
2,24,7s+S+uXd4trTVmIImHqVcSZya1w=,koAp1oqjMkAHrAku4waB3bYkc9o=
7,19,7s+S+uXd4trTVmIImHqVcSZya1w=,koAp1oqjMkAHrAku4waB3bYkc9o=
0,16,7s+S+uXd4trTVmIImHqVcSZya1w=,koAp1oqjMkAHrAku4waB3bYkc9o=
13,17,7s+S+uXd4trTVmIImHqVcSZya1w=,koAp1oqjMkAHrAku4waB3bYkc9o=
15,23,7s+S+uXd4trTVmIImHqVcSZya1w=,koAp1oqjMkAHrAku4waB3bYkc9o=
12,19,7s+S+uXd4trTVmIImHqVcSZya1w=,koAp1oqjMkAHrAku4waB3bYkc9o=
4,16,7s+S+uXd4trTVmIImHqVcSZya1w=,koAp1oqjMkAHrAku4waB3bYkc9o=
14,23,7s+S+uXd4trTVmIImHqVcSZya1w=,koAp1oqjMkAHrAku4waB3bYkc9o=
13,23,7s+S+uXd4trTVmIImHqVcSZya1w=,koAp1oqjMkAHrAku4waB3bYkc9o=
12,23,7s+S+uXd4trTVmIImHqVcSZya1w=,koAp1oqjMkAHrAku4waB3bYkc9o=
11,23,7s+S+uXd4trTVmIImHqVcSZya1w=,koAp1oqjMkAHrAku4waB3bYkc9o=
12,17,7s+S+uXd4trTVmIImHqVcSZya1w=,koAp1oqjMkAHrAku4waB3bYkc9o=
11,19,7s+S+uXd4trTVmIImHqVcSZya1w=,koAp1oqjMkAHrAku4waB3bYkc9o=
10,23,7s+S+uXd4trTVmIImHqVcSZya1w=,koAp1oqjMkAHrAku4waB3bYkc9o=
0,26,7s+S+uXd4trTVmIImHqVcSZya1w=,koAp1oqjMkAHrAku4waB3bYkc9o=
7,17,7s+S+uXd4trTVmIImHqVcSZya1w=,koAp1oqjMkAHrAku4waB3bYkc9o=
1,24,7s+S+uXd4trTVmIImHqVcSZya1w=,koAp1oqjMkAHrAku4waB3bYkc9o=
11,17,7s+S+uXd4trTVmIImHqVcSZya1w=,koAp1oqjMkAHrAku4waB3bYkc9o=
7,23,7s+S+uXd4trTVmIImHqVcSZya1w=,koAp1oqjMkAHrAku4waB3bYkc9o=
8,23,7s+S+uXd4trTVmIImHqVcSZya1w=,koAp1oqjMkAHrAku4waB3bYkc9o=
9,23,7s+S+uXd4trTVmIImHqVcSZya1w=,koAp1oqjMkAHrAku4waB3bYkc9o=
6,23,7s+S+uXd4trTVmIImHqVcSZya1w=,koAp1oqjMkAHrAku4waB3bYkc9o=
5,23,7s+S+uXd4trTVmIImHqVcSZya1w=,koAp1oqjMkAHrAku4waB3bYkc9o=
0,19,7s+S+uXd4trTVmIImHqVcSZya1w=,koAp1oqjMkAHrAku4waB3bYkc9o=
4,23,7s+S+uXd4trTVmIImHqVcSZya1w=,koAp1oqjMkAHrAku4waB3bYkc9o=
3,23,7s+S+uXd4trTVmIImHqVcSZya1w=,koAp1oqjMkAHrAku4waB3bYkc9o=
1,16,7s+S+uXd4trTVmIImHqVcSZya1w=,koAp1oqjMkAHrAku4waB3bYkc9o=
2,23,7s+S+uXd4trTVmIImHqVcSZya1w=,koAp1oqjMkAHrAku4waB3bYkc9o=
15,18,7s+S+uXd4trTVmIImHqVcSZya1w=,koAp1oqjMkAHrAku4waB3bYkc9o=
15,22,7s+S+uXd4trTVmIImHqVcSZya1w=,koAp1oqjMkAHrAku4waB3bYkc9o=
1,19,7s+S+uXd4trTVmIImHqVcSZya1w=,koAp1oqjMkAHrAku4waB3bYkc9o=
13,18,7s+S+uXd4trTVmIImHqVcSZya1w=,koAp1oqjMkAHrAku4waB3bYkc9o=
14,18,7s+S+uXd4trTVmIImHqVcSZya1w=,koAp1oqjMkAHrAku4waB3bYkc9o=
11,18,7s+S+uXd4trTVmIImHqVcSZya1w=,koAp1oqjMkAHrAku4waB3bYkc9o=
14,22,7s+S+uXd4trTVmIImHqVcSZya1w=,koAp1oqjMkAHrAku4waB3bYkc9o=
13,22,7s+S+uXd4trTVmIImHqVcSZya1w=,koAp1oqjMkAHrAku4waB3bYkc9o=
12,18,7s+S+uXd4trTVmIImHqVcSZya1w=,koAp1oqjMkAHrAku4waB3bYkc9o=
10,17,7s+S+uXd4trTVmIImHqVcSZya1w=,koAp1oqjMkAHrAku4waB3bYkc9o=
10,19,7s+S+uXd4trTVmIImHqVcSZya1w=,koAp1oqjMkAHrAku4waB3bYkc9o=
10,22,7s+S+uXd4trTVmIImHqVcSZya1w=,koAp1oqjMkAHrAku4waB3bYkc9o=
2,19,7s+S+uXd4trTVmIImHqVcSZya1w=,koAp1oqjMkAHrAku4waB3bYkc9o=
9,22,7s+S+uXd4trTVmIImHqVcSZya1w=,koAp1oqjMkAHrAku4waB3bYkc9o=
12,22,7s+S+uXd4trTVmIImHqVcSZya1w=,koAp1oqjMkAHrAku4waB3bYkc9o=
11,22,7s+S+uXd4trTVmIImHqVcSZya1w=,koAp1oqjMkAHrAku4waB3bYkc9o=
8,22,7s+S+uXd4trTVmIImHqVcSZya1w=,koAp1oqjMkAHrAku4waB3bYkc9o=
7,22,7s+S+uXd4trTVmIImHqVcSZya1w=,koAp1oqjMkAHrAku4waB3bYkc9o=
6,22,7s+S+uXd4trTVmIImHqVcSZya1w=,koAp1oqjMkAHrAku4waB3bYkc9o=
5,22,7s+S+uXd4trTVmIImHqVcSZya1w=,koAp1oqjMkAHrAku4waB3bYkc9o=
5,18,7s+S+uXd4trTVmIImHqVcSZya1w=,koAp1oqjMkAHrAku4waB3bYkc9o=
4,22,7s+S+uXd4trTVmIImHqVcSZya1w=,koAp1oqjMkAHrAku4waB3bYkc9o=
3,22,7s+S+uXd4trTVmIImHqVcSZya1w=,koAp1oqjMkAHrAku4waB3bYkc9o=
1,22,7s+S+uXd4trTVmIImHqVcSZya1w=,koAp1oqjMkAHrAku4waB3bYkc9o=
2,22,7s+S+uXd4trTVmIImHqVcSZya1w=,koAp1oqjMkAHrAku4waB3bYkc9o=
7,18,7s+S+uXd4trTVmIImHqVcSZya1w=,koAp1oqjMkAHrAku4waB3bYkc9o=
0,22,7s+S+uXd4trTVmIImHqVcSZya1w=,koAp1oqjMkAHrAku4waB3bYkc9o=
15,21,7s+S+uXd4trTVmIImHqVcSZya1w=,koAp1oqjMkAHrAku4waB3bYkc9o=
14,21,7s+S+uXd4trTVmIImHqVcSZya1w=,koAp1oqjMkAHrAku4waB3bYkc9o=
13,21,7s+S+uXd4trTVmIImHqVcSZya1w=,koAp1oqjMkAHrAku4waB3bYkc9o=
12,21,7s+S+uXd4trTVmIImHqVcSZya1w=,koAp1oqjMkAHrAku4waB3bYkc9o=
11,21,7s+S+uXd4trTVmIImHqVcSZya1w=,koAp1oqjMkAHrAku4waB3bYkc9o=
10,21,7s+S+uXd4trTVmIImHqVcSZya1w=,koAp1oqjMkAHrAku4waB3bYkc9o=
9,21,7s+S+uXd4trTVmIImHqVcSZya1w=,koAp1oqjMkAHrAku4waB3bYkc9o=
8,21,7s+S+uXd4trTVmIImHqVcSZya1w=,koAp1oqjMkAHrAku4waB3bYkc9o=
6,18,7s+S+uXd4trTVmIImHqVcSZya1w=,koAp1oqjMkAHrAku4waB3bYkc9o=
0,31,7s+S+uXd4trTVmIImHqVcSZya1w=,koAp1oqjMkAHrAku4waB3bYkc9o=
6,21,7s+S+uXd4trTVmIImHqVcSZya1w=,koAp1oqjMkAHrAku4waB3bYkc9o=
5,19,7s+S+uXd4trTVmIImHqVcSZya1w=,koAp1oqjMkAHrAku4waB3bYkc9o=
4,21,7s+S+uXd4trTVmIImHqVcSZya1w=,koAp1oqjMkAHrAku4waB3bYkc9o=
5,21,7s+S+uXd4trTVmIImHqVcSZya1w=,koAp1oqjMkAHrAku4waB3bYkc9o=
8,19,7s+S+uXd4trTVmIImHqVcSZya1w=,koAp1oqjMkAHrAku4waB3bYkc9o=
3,21,7s+S+uXd4trTVmIImHqVcSZya1w=,koAp1oqjMkAHrAku4waB3bYkc9o=
10,18,7s+S+uXd4trTVmIImHqVcSZya1w=,koAp1oqjMkAHrAku4waB3bYkc9o=
7,21,7s+S+uXd4trTVmIImHqVcSZya1w=,koAp1oqjMkAHrAku4waB3bYkc9o=
11,16,7s+S+uXd4trTVmIImHqVcSZya1w=,koAp1oqjMkAHrAku4waB3bYkc9o=
1,21,7s+S+uXd4trTVmIImHqVcSZya1w=,koAp1oqjMkAHrAku4waB3bYkc9o=
15,20,7s+S+uXd4trTVmIImHqVcSZya1w=,koAp1oqjMkAHrAku4waB3bYkc9o=
14,20,7s+S+uXd4trTVmIImHqVcSZya1w=,koAp1oqjMkAHrAku4waB3bYkc9o=
13,20,7s+S+uXd4trTVmIImHqVcSZya1w=,koAp1oqjMkAHrAku4waB3bYkc9o=
0,21,7s+S+uXd4trTVmIImHqVcSZya1w=,koAp1oqjMkAHrAku4waB3bYkc9o=
9,17,7s+S+uXd4trTVmIImHqVcSZya1w=,koAp1oqjMkAHrAku4waB3bYkc9o=
1,17,7s+S+uXd4trTVmIImHqVcSZya1w=,koAp1oqjMkAHrAku4waB3bYkc9o=
12,20,7s+S+uXd4trTVmIImHqVcSZya1w=,koAp1oqjMkAHrAku4waB3bYkc9o=
2,16,7s+S+uXd4trTVmIImHqVcSZya1w=,koAp1oqjMkAHrAku4waB3bYkc9o=
10,20,7s+S+uXd4trTVmIImHqVcSZya1w=,koAp1oqjMkAHrAku4waB3bYkc9o=
11,20,7s+S+uXd4trTVmIImHqVcSZya1w=,koAp1oqjMkAHrAku4waB3bYkc9o=
9,18,7s+S+uXd4trTVmIImHqVcSZya1w=,koAp1oqjMkAHrAku4waB3bYkc9o=
2,21,7s+S+uXd4trTVmIImHqVcSZya1w=,koAp1oqjMkAHrAku4waB3bYkc9o=
8,20,7s+S+uXd4trTVmIImHqVcSZya1w=,koAp1oqjMkAHrAku4waB3bYkc9o=
9,20,7s+S+uXd4trTVmIImHqVcSZya1w=,koAp1oqjMkAHrAku4waB3bYkc9o=
8,16,7s+S+uXd4trTVmIImHqVcSZya1w=,koAp1oqjMkAHrAku4waB3bYkc9o=
8,17,7s+S+uXd4trTVmIImHqVcSZya1w=,koAp1oqjMkAHrAku4waB3bYkc9o=
9,19,7s+S+uXd4trTVmIImHqVcSZya1w=,koAp1oqjMkAHrAku4waB3bYkc9o=
0,23,7s+S+uXd4trTVmIImHqVcSZya1w=,koAp1oqjMkAHrAku4waB3bYkc9o=
12,16,7s+S+uXd4trTVmIImHqVcSZya1w=,koAp1oqjMkAHrAku4waB3bYkc9o=
10,16,7s+S+uXd4trTVmIImHqVcSZya1w=,koAp1oqjMkAHrAku4waB3bYkc9o=
6,19,7s+S+uXd4trTVmIImHqVcSZya1w=,koAp1oqjMkAHrAku4waB3bYkc9o=
8,18,7s+S+uXd4trTVmIImHqVcSZya1w=,koAp1oqjMkAHrAku4waB3bYkc9o=
1,23,7s+S+uXd4trTVmIImHqVcSZya1w=,koAp1oqjMkAHrAku4waB3bYkc9o=
9,16,7s+S+uXd4trTVmIImHqVcSZya1w=,koAp1oqjMkAHrAku4waB3bYkc9o=
0,25,7s+S+uXd4trTVmIImHqVcSZya1w=,koAp1oqjMkAHrAku4waB3bYkc9o=
0,24,7s+S+uXd4trTVmIImHqVcSZya1w=,koAp1oqjMkAHrAku4waB3bYkc9o=
23,19,Cf/mMLPy8KnHE18vdbmvBHQ5Dnw=,YWDKitVx2E2g/VCklnVSvZSM4MI=
22,19,Cf/mMLPy8KnHE18vdbmvBHQ5Dnw=,YWDKitVx2E2g/VCklnVSvZSM4MI=
21,16,Cf/mMLPy8KnHE18vdbmvBHQ5Dnw=,YWDKitVx2E2g/VCklnVSvZSM4MI=
22,18,Cf/mMLPy8KnHE18vdbmvBHQ5Dnw=,YWDKitVx2E2g/VCklnVSvZSM4MI=
21,18,Cf/mMLPy8KnHE18vdbmvBHQ5Dnw=,YWDKitVx2E2g/VCklnVSvZSM4MI=
19,16,Cf/mMLPy8KnHE18vdbmvBHQ5Dnw=,YWDKitVx2E2g/VCklnVSvZSM4MI=
21,19,Cf/mMLPy8KnHE18vdbmvBHQ5Dnw=,YWDKitVx2E2g/VCklnVSvZSM4MI=
20,19,Cf/mMLPy8KnHE18vdbmvBHQ5Dnw=,YWDKitVx2E2g/VCklnVSvZSM4MI=
21,17,Cf/mMLPy8KnHE18vdbmvBHQ5Dnw=,YWDKitVx2E2g/VCklnVSvZSM4MI=
19,19,Cf/mMLPy8KnHE18vdbmvBHQ5Dnw=,YWDKitVx2E2g/VCklnVSvZSM4MI=
20,17,Cf/mMLPy8KnHE18vdbmvBHQ5Dnw=,YWDKitVx2E2g/VCklnVSvZSM4MI=
18,19,Cf/mMLPy8KnHE18vdbmvBHQ5Dnw=,YWDKitVx2E2g/VCklnVSvZSM4MI=
17,16,Cf/mMLPy8KnHE18vdbmvBHQ5Dnw=,YWDKitVx2E2g/VCklnVSvZSM4MI=
20,18,Cf/mMLPy8KnHE18vdbmvBHQ5Dnw=,YWDKitVx2E2g/VCklnVSvZSM4MI=
31,31,Cf/mMLPy8KnHE18vdbmvBHQ5Dnw=,YWDKitVx2E2g/VCklnVSvZSM4MI=
29,31,Cf/mMLPy8KnHE18vdbmvBHQ5Dnw=,YWDKitVx2E2g/VCklnVSvZSM4MI=
30,31,Cf/mMLPy8KnHE18vdbmvBHQ5Dnw=,YWDKitVx2E2g/VCklnVSvZSM4MI=
28,31,Cf/mMLPy8KnHE18vdbmvBHQ5Dnw=,YWDKitVx2E2g/VCklnVSvZSM4MI=
27,31,Cf/mMLPy8KnHE18vdbmvBHQ5Dnw=,YWDKitVx2E2g/VCklnVSvZSM4MI=
26,31,Cf/mMLPy8KnHE18vdbmvBHQ5Dnw=,YWDKitVx2E2g/VCklnVSvZSM4MI=
25,31,Cf/mMLPy8KnHE18vdbmvBHQ5Dnw=,YWDKitVx2E2g/VCklnVSvZSM4MI=
23,31,Cf/mMLPy8KnHE18vdbmvBHQ5Dnw=,YWDKitVx2E2g/VCklnVSvZSM4MI=
22,31,Cf/mMLPy8KnHE18vdbmvBHQ5Dnw=,YWDKitVx2E2g/VCklnVSvZSM4MI=
24,31,Cf/mMLPy8KnHE18vdbmvBHQ5Dnw=,YWDKitVx2E2g/VCklnVSvZSM4MI=
21,31,Cf/mMLPy8KnHE18vdbmvBHQ5Dnw=,YWDKitVx2E2g/VCklnVSvZSM4MI=
20,31,Cf/mMLPy8KnHE18vdbmvBHQ5Dnw=,YWDKitVx2E2g/VCklnVSvZSM4MI=
19,31,Cf/mMLPy8KnHE18vdbmvBHQ5Dnw=,YWDKitVx2E2g/VCklnVSvZSM4MI=
18,31,Cf/mMLPy8KnHE18vdbmvBHQ5Dnw=,YWDKitVx2E2g/VCklnVSvZSM4MI=
17,31,Cf/mMLPy8KnHE18vdbmvBHQ5Dnw=,YWDKitVx2E2g/VCklnVSvZSM4MI=
16,31,Cf/mMLPy8KnHE18vdbmvBHQ5Dnw=,YWDKitVx2E2g/VCklnVSvZSM4MI=
17,19,Cf/mMLPy8KnHE18vdbmvBHQ5Dnw=,YWDKitVx2E2g/VCklnVSvZSM4MI=
20,16,Cf/mMLPy8KnHE18vdbmvBHQ5Dnw=,YWDKitVx2E2g/VCklnVSvZSM4MI=
19,18,Cf/mMLPy8KnHE18vdbmvBHQ5Dnw=,YWDKitVx2E2g/VCklnVSvZSM4MI=
31,30,Cf/mMLPy8KnHE18vdbmvBHQ5Dnw=,YWDKitVx2E2g/VCklnVSvZSM4MI=
30,30,Cf/mMLPy8KnHE18vdbmvBHQ5Dnw=,YWDKitVx2E2g/VCklnVSvZSM4MI=
29,30,Cf/mMLPy8KnHE18vdbmvBHQ5Dnw=,YWDKitVx2E2g/VCklnVSvZSM4MI=
28,30,Cf/mMLPy8KnHE18vdbmvBHQ5Dnw=,YWDKitVx2E2g/VCklnVSvZSM4MI=
27,30,Cf/mMLPy8KnHE18vdbmvBHQ5Dnw=,YWDKitVx2E2g/VCklnVSvZSM4MI=
26,30,Cf/mMLPy8KnHE18vdbmvBHQ5Dnw=,YWDKitVx2E2g/VCklnVSvZSM4MI=
25,30,Cf/mMLPy8KnHE18vdbmvBHQ5Dnw=,YWDKitVx2E2g/VCklnVSvZSM4MI=
24,30,Cf/mMLPy8KnHE18vdbmvBHQ5Dnw=,YWDKitVx2E2g/VCklnVSvZSM4MI=
23,30,Cf/mMLPy8KnHE18vdbmvBHQ5Dnw=,YWDKitVx2E2g/VCklnVSvZSM4MI=
22,30,Cf/mMLPy8KnHE18vdbmvBHQ5Dnw=,YWDKitVx2E2g/VCklnVSvZSM4MI=
21,30,Cf/mMLPy8KnHE18vdbmvBHQ5Dnw=,YWDKitVx2E2g/VCklnVSvZSM4MI=
20,30,Cf/mMLPy8KnHE18vdbmvBHQ5Dnw=,YWDKitVx2E2g/VCklnVSvZSM4MI=
19,30,Cf/mMLPy8KnHE18vdbmvBHQ5Dnw=,YWDKitVx2E2g/VCklnVSvZSM4MI=
18,30,Cf/mMLPy8KnHE18vdbmvBHQ5Dnw=,YWDKitVx2E2g/VCklnVSvZSM4MI=
17,30,Cf/mMLPy8KnHE18vdbmvBHQ5Dnw=,YWDKitVx2E2g/VCklnVSvZSM4MI=
19,17,Cf/mMLPy8KnHE18vdbmvBHQ5Dnw=,YWDKitVx2E2g/VCklnVSvZSM4MI=
18,18,Cf/mMLPy8KnHE18vdbmvBHQ5Dnw=,YWDKitVx2E2g/VCklnVSvZSM4MI=
16,30,Cf/mMLPy8KnHE18vdbmvBHQ5Dnw=,YWDKitVx2E2g/VCklnVSvZSM4MI=
31,29,Cf/mMLPy8KnHE18vdbmvBHQ5Dnw=,YWDKitVx2E2g/VCklnVSvZSM4MI=
30,29,Cf/mMLPy8KnHE18vdbmvBHQ5Dnw=,YWDKitVx2E2g/VCklnVSvZSM4MI=
29,29,Cf/mMLPy8KnHE18vdbmvBHQ5Dnw=,YWDKitVx2E2g/VCklnVSvZSM4MI=
28,29,Cf/mMLPy8KnHE18vdbmvBHQ5Dnw=,YWDKitVx2E2g/VCklnVSvZSM4MI=
27,29,Cf/mMLPy8KnHE18vdbmvBHQ5Dnw=,YWDKitVx2E2g/VCklnVSvZSM4MI=
26,29,Cf/mMLPy8KnHE18vdbmvBHQ5Dnw=,YWDKitVx2E2g/VCklnVSvZSM4MI=
25,29,Cf/mMLPy8KnHE18vdbmvBHQ5Dnw=,YWDKitVx2E2g/VCklnVSvZSM4MI=
24,29,Cf/mMLPy8KnHE18vdbmvBHQ5Dnw=,YWDKitVx2E2g/VCklnVSvZSM4MI=
23,29,Cf/mMLPy8KnHE18vdbmvBHQ5Dnw=,YWDKitVx2E2g/VCklnVSvZSM4MI=
21,29,Cf/mMLPy8KnHE18vdbmvBHQ5Dnw=,YWDKitVx2E2g/VCklnVSvZSM4MI=
22,29,Cf/mMLPy8KnHE18vdbmvBHQ5Dnw=,YWDKitVx2E2g/VCklnVSvZSM4MI=
20,29,Cf/mMLPy8KnHE18vdbmvBHQ5Dnw=,YWDKitVx2E2g/VCklnVSvZSM4MI=
18,29,Cf/mMLPy8KnHE18vdbmvBHQ5Dnw=,YWDKitVx2E2g/VCklnVSvZSM4MI=
17,29,Cf/mMLPy8KnHE18vdbmvBHQ5Dnw=,YWDKitVx2E2g/VCklnVSvZSM4MI=
18,17,Cf/mMLPy8KnHE18vdbmvBHQ5Dnw=,YWDKitVx2E2g/VCklnVSvZSM4MI=
17,18,Cf/mMLPy8KnHE18vdbmvBHQ5Dnw=,YWDKitVx2E2g/VCklnVSvZSM4MI=
19,29,Cf/mMLPy8KnHE18vdbmvBHQ5Dnw=,YWDKitVx2E2g/VCklnVSvZSM4MI=
31,28,Cf/mMLPy8KnHE18vdbmvBHQ5Dnw=,YWDKitVx2E2g/VCklnVSvZSM4MI=
16,29,Cf/mMLPy8KnHE18vdbmvBHQ5Dnw=,YWDKitVx2E2g/VCklnVSvZSM4MI=
30,28,Cf/mMLPy8KnHE18vdbmvBHQ5Dnw=,YWDKitVx2E2g/VCklnVSvZSM4MI=
29,28,Cf/mMLPy8KnHE18vdbmvBHQ5Dnw=,YWDKitVx2E2g/VCklnVSvZSM4MI=
28,28,Cf/mMLPy8KnHE18vdbmvBHQ5Dnw=,YWDKitVx2E2g/VCklnVSvZSM4MI=
27,28,Cf/mMLPy8KnHE18vdbmvBHQ5Dnw=,YWDKitVx2E2g/VCklnVSvZSM4MI=
26,28,Cf/mMLPy8KnHE18vdbmvBHQ5Dnw=,YWDKitVx2E2g/VCklnVSvZSM4MI=
25,28,Cf/mMLPy8KnHE18vdbmvBHQ5Dnw=,YWDKitVx2E2g/VCklnVSvZSM4MI=
24,28,Cf/mMLPy8KnHE18vdbmvBHQ5Dnw=,YWDKitVx2E2g/VCklnVSvZSM4MI=
22,28,Cf/mMLPy8KnHE18vdbmvBHQ5Dnw=,YWDKitVx2E2g/VCklnVSvZSM4MI=
21,28,Cf/mMLPy8KnHE18vdbmvBHQ5Dnw=,YWDKitVx2E2g/VCklnVSvZSM4MI=
20,28,Cf/mMLPy8KnHE18vdbmvBHQ5Dnw=,YWDKitVx2E2g/VCklnVSvZSM4MI=
23,28,Cf/mMLPy8KnHE18vdbmvBHQ5Dnw=,YWDKitVx2E2g/VCklnVSvZSM4MI=
18,28,Cf/mMLPy8KnHE18vdbmvBHQ5Dnw=,YWDKitVx2E2g/VCklnVSvZSM4MI=
19,28,Cf/mMLPy8KnHE18vdbmvBHQ5Dnw=,YWDKitVx2E2g/VCklnVSvZSM4MI=
17,28,Cf/mMLPy8KnHE18vdbmvBHQ5Dnw=,YWDKitVx2E2g/VCklnVSvZSM4MI=
17,17,Cf/mMLPy8KnHE18vdbmvBHQ5Dnw=,YWDKitVx2E2g/VCklnVSvZSM4MI=
16,28,Cf/mMLPy8KnHE18vdbmvBHQ5Dnw=,YWDKitVx2E2g/VCklnVSvZSM4MI=
16,17,Cf/mMLPy8KnHE18vdbmvBHQ5Dnw=,YWDKitVx2E2g/VCklnVSvZSM4MI=
18,16,Cf/mMLPy8KnHE18vdbmvBHQ5Dnw=,YWDKitVx2E2g/VCklnVSvZSM4MI=
16,19,Cf/mMLPy8KnHE18vdbmvBHQ5Dnw=,YWDKitVx2E2g/VCklnVSvZSM4MI=
31,18,Cf/mMLPy8KnHE18vdbmvBHQ5Dnw=,YWDKitVx2E2g/VCklnVSvZSM4MI=
31,16,Cf/mMLPy8KnHE18vdbmvBHQ5Dnw=,YWDKitVx2E2g/VCklnVSvZSM4MI=
16,18,Cf/mMLPy8KnHE18vdbmvBHQ5Dnw=,YWDKitVx2E2g/VCklnVSvZSM4MI=
31,17,Cf/mMLPy8KnHE18vdbmvBHQ5Dnw=,YWDKitVx2E2g/VCklnVSvZSM4MI=
30,16,Cf/mMLPy8KnHE18vdbmvBHQ5Dnw=,YWDKitVx2E2g/VCklnVSvZSM4MI=
30,17,Cf/mMLPy8KnHE18vdbmvBHQ5Dnw=,YWDKitVx2E2g/VCklnVSvZSM4MI=
31,27,Cf/mMLPy8KnHE18vdbmvBHQ5Dnw=,YWDKitVx2E2g/VCklnVSvZSM4MI=
30,27,Cf/mMLPy8KnHE18vdbmvBHQ5Dnw=,YWDKitVx2E2g/VCklnVSvZSM4MI=
28,27,Cf/mMLPy8KnHE18vdbmvBHQ5Dnw=,YWDKitVx2E2g/VCklnVSvZSM4MI=
29,27,Cf/mMLPy8KnHE18vdbmvBHQ5Dnw=,YWDKitVx2E2g/VCklnVSvZSM4MI=
27,27,Cf/mMLPy8KnHE18vdbmvBHQ5Dnw=,YWDKitVx2E2g/VCklnVSvZSM4MI=
26,27,Cf/mMLPy8KnHE18vdbmvBHQ5Dnw=,YWDKitVx2E2g/VCklnVSvZSM4MI=
25,27,Cf/mMLPy8KnHE18vdbmvBHQ5Dnw=,YWDKitVx2E2g/VCklnVSvZSM4MI=
24,27,Cf/mMLPy8KnHE18vdbmvBHQ5Dnw=,YWDKitVx2E2g/VCklnVSvZSM4MI=
23,27,Cf/mMLPy8KnHE18vdbmvBHQ5Dnw=,YWDKitVx2E2g/VCklnVSvZSM4MI=
22,27,Cf/mMLPy8KnHE18vdbmvBHQ5Dnw=,YWDKitVx2E2g/VCklnVSvZSM4MI=
21,27,Cf/mMLPy8KnHE18vdbmvBHQ5Dnw=,YWDKitVx2E2g/VCklnVSvZSM4MI=
20,27,Cf/mMLPy8KnHE18vdbmvBHQ5Dnw=,YWDKitVx2E2g/VCklnVSvZSM4MI=
18,27,Cf/mMLPy8KnHE18vdbmvBHQ5Dnw=,YWDKitVx2E2g/VCklnVSvZSM4MI=
19,27,Cf/mMLPy8KnHE18vdbmvBHQ5Dnw=,YWDKitVx2E2g/VCklnVSvZSM4MI=
17,27,Cf/mMLPy8KnHE18vdbmvBHQ5Dnw=,YWDKitVx2E2g/VCklnVSvZSM4MI=
16,27,Cf/mMLPy8KnHE18vdbmvBHQ5Dnw=,YWDKitVx2E2g/VCklnVSvZSM4MI=
29,16,Cf/mMLPy8KnHE18vdbmvBHQ5Dnw=,YWDKitVx2E2g/VCklnVSvZSM4MI=
31,26,Cf/mMLPy8KnHE18vdbmvBHQ5Dnw=,YWDKitVx2E2g/VCklnVSvZSM4MI=
30,18,Cf/mMLPy8KnHE18vdbmvBHQ5Dnw=,YWDKitVx2E2g/VCklnVSvZSM4MI=
29,17,Cf/mMLPy8KnHE18vdbmvBHQ5Dnw=,YWDKitVx2E2g/VCklnVSvZSM4MI=
30,26,Cf/mMLPy8KnHE18vdbmvBHQ5Dnw=,YWDKitVx2E2g/VCklnVSvZSM4MI=
28,26,Cf/mMLPy8KnHE18vdbmvBHQ5Dnw=,YWDKitVx2E2g/VCklnVSvZSM4MI=
27,26,Cf/mMLPy8KnHE18vdbmvBHQ5Dnw=,YWDKitVx2E2g/VCklnVSvZSM4MI=
26,26,Cf/mMLPy8KnHE18vdbmvBHQ5Dnw=,YWDKitVx2E2g/VCklnVSvZSM4MI=
29,26,Cf/mMLPy8KnHE18vdbmvBHQ5Dnw=,YWDKitVx2E2g/VCklnVSvZSM4MI=
25,26,Cf/mMLPy8KnHE18vdbmvBHQ5Dnw=,YWDKitVx2E2g/VCklnVSvZSM4MI=
23,26,Cf/mMLPy8KnHE18vdbmvBHQ5Dnw=,YWDKitVx2E2g/VCklnVSvZSM4MI=
21,26,Cf/mMLPy8KnHE18vdbmvBHQ5Dnw=,YWDKitVx2E2g/VCklnVSvZSM4MI=
22,26,Cf/mMLPy8KnHE18vdbmvBHQ5Dnw=,YWDKitVx2E2g/VCklnVSvZSM4MI=
24,26,Cf/mMLPy8KnHE18vdbmvBHQ5Dnw=,YWDKitVx2E2g/VCklnVSvZSM4MI=
20,26,Cf/mMLPy8KnHE18vdbmvBHQ5Dnw=,YWDKitVx2E2g/VCklnVSvZSM4MI=
19,26,Cf/mMLPy8KnHE18vdbmvBHQ5Dnw=,YWDKitVx2E2g/VCklnVSvZSM4MI=
18,26,Cf/mMLPy8KnHE18vdbmvBHQ5Dnw=,YWDKitVx2E2g/VCklnVSvZSM4MI=
17,26,Cf/mMLPy8KnHE18vdbmvBHQ5Dnw=,YWDKitVx2E2g/VCklnVSvZSM4MI=
28,16,Cf/mMLPy8KnHE18vdbmvBHQ5Dnw=,YWDKitVx2E2g/VCklnVSvZSM4MI=
29,18,Cf/mMLPy8KnHE18vdbmvBHQ5Dnw=,YWDKitVx2E2g/VCklnVSvZSM4MI=
16,26,Cf/mMLPy8KnHE18vdbmvBHQ5Dnw=,YWDKitVx2E2g/VCklnVSvZSM4MI=
31,25,Cf/mMLPy8KnHE18vdbmvBHQ5Dnw=,YWDKitVx2E2g/VCklnVSvZSM4MI=
28,17,Cf/mMLPy8KnHE18vdbmvBHQ5Dnw=,YWDKitVx2E2g/VCklnVSvZSM4MI=
29,25,Cf/mMLPy8KnHE18vdbmvBHQ5Dnw=,YWDKitVx2E2g/VCklnVSvZSM4MI=
30,25,Cf/mMLPy8KnHE18vdbmvBHQ5Dnw=,YWDKitVx2E2g/VCklnVSvZSM4MI=
28,25,Cf/mMLPy8KnHE18vdbmvBHQ5Dnw=,YWDKitVx2E2g/VCklnVSvZSM4MI=
27,25,Cf/mMLPy8KnHE18vdbmvBHQ5Dnw=,YWDKitVx2E2g/VCklnVSvZSM4MI=
25,25,Cf/mMLPy8KnHE18vdbmvBHQ5Dnw=,YWDKitVx2E2g/VCklnVSvZSM4MI=
26,25,Cf/mMLPy8KnHE18vdbmvBHQ5Dnw=,YWDKitVx2E2g/VCklnVSvZSM4MI=
24,25,Cf/mMLPy8KnHE18vdbmvBHQ5Dnw=,YWDKitVx2E2g/VCklnVSvZSM4MI=
23,25,Cf/mMLPy8KnHE18vdbmvBHQ5Dnw=,YWDKitVx2E2g/VCklnVSvZSM4MI=
22,25,Cf/mMLPy8KnHE18vdbmvBHQ5Dnw=,YWDKitVx2E2g/VCklnVSvZSM4MI=
21,25,Cf/mMLPy8KnHE18vdbmvBHQ5Dnw=,YWDKitVx2E2g/VCklnVSvZSM4MI=
20,25,Cf/mMLPy8KnHE18vdbmvBHQ5Dnw=,YWDKitVx2E2g/VCklnVSvZSM4MI=
19,25,Cf/mMLPy8KnHE18vdbmvBHQ5Dnw=,YWDKitVx2E2g/VCklnVSvZSM4MI=
18,25,Cf/mMLPy8KnHE18vdbmvBHQ5Dnw=,YWDKitVx2E2g/VCklnVSvZSM4MI=
17,25,Cf/mMLPy8KnHE18vdbmvBHQ5Dnw=,YWDKitVx2E2g/VCklnVSvZSM4MI=
16,25,Cf/mMLPy8KnHE18vdbmvBHQ5Dnw=,YWDKitVx2E2g/VCklnVSvZSM4MI=
28,18,Cf/mMLPy8KnHE18vdbmvBHQ5Dnw=,YWDKitVx2E2g/VCklnVSvZSM4MI=
31,24,Cf/mMLPy8KnHE18vdbmvBHQ5Dnw=,YWDKitVx2E2g/VCklnVSvZSM4MI=
30,24,Cf/mMLPy8KnHE18vdbmvBHQ5Dnw=,YWDKitVx2E2g/VCklnVSvZSM4MI=
29,24,Cf/mMLPy8KnHE18vdbmvBHQ5Dnw=,YWDKitVx2E2g/VCklnVSvZSM4MI=
28,24,Cf/mMLPy8KnHE18vdbmvBHQ5Dnw=,YWDKitVx2E2g/VCklnVSvZSM4MI=
27,24,Cf/mMLPy8KnHE18vdbmvBHQ5Dnw=,YWDKitVx2E2g/VCklnVSvZSM4MI=
26,24,Cf/mMLPy8KnHE18vdbmvBHQ5Dnw=,YWDKitVx2E2g/VCklnVSvZSM4MI=
25,24,Cf/mMLPy8KnHE18vdbmvBHQ5Dnw=,YWDKitVx2E2g/VCklnVSvZSM4MI=
24,24,Cf/mMLPy8KnHE18vdbmvBHQ5Dnw=,YWDKitVx2E2g/VCklnVSvZSM4MI=
23,24,Cf/mMLPy8KnHE18vdbmvBHQ5Dnw=,YWDKitVx2E2g/VCklnVSvZSM4MI=
22,24,Cf/mMLPy8KnHE18vdbmvBHQ5Dnw=,YWDKitVx2E2g/VCklnVSvZSM4MI=
21,24,Cf/mMLPy8KnHE18vdbmvBHQ5Dnw=,YWDKitVx2E2g/VCklnVSvZSM4MI=
20,24,Cf/mMLPy8KnHE18vdbmvBHQ5Dnw=,YWDKitVx2E2g/VCklnVSvZSM4MI=
19,24,Cf/mMLPy8KnHE18vdbmvBHQ5Dnw=,YWDKitVx2E2g/VCklnVSvZSM4MI=
18,24,Cf/mMLPy8KnHE18vdbmvBHQ5Dnw=,YWDKitVx2E2g/VCklnVSvZSM4MI=
16,24,Cf/mMLPy8KnHE18vdbmvBHQ5Dnw=,YWDKitVx2E2g/VCklnVSvZSM4MI=
17,24,Cf/mMLPy8KnHE18vdbmvBHQ5Dnw=,YWDKitVx2E2g/VCklnVSvZSM4MI=
31,23,Cf/mMLPy8KnHE18vdbmvBHQ5Dnw=,YWDKitVx2E2g/VCklnVSvZSM4MI=
30,23,Cf/mMLPy8KnHE18vdbmvBHQ5Dnw=,YWDKitVx2E2g/VCklnVSvZSM4MI=
26,16,Cf/mMLPy8KnHE18vdbmvBHQ5Dnw=,YWDKitVx2E2g/VCklnVSvZSM4MI=
29,23,Cf/mMLPy8KnHE18vdbmvBHQ5Dnw=,YWDKitVx2E2g/VCklnVSvZSM4MI=
28,23,Cf/mMLPy8KnHE18vdbmvBHQ5Dnw=,YWDKitVx2E2g/VCklnVSvZSM4MI=
27,23,Cf/mMLPy8KnHE18vdbmvBHQ5Dnw=,YWDKitVx2E2g/VCklnVSvZSM4MI=
26,23,Cf/mMLPy8KnHE18vdbmvBHQ5Dnw=,YWDKitVx2E2g/VCklnVSvZSM4MI=
25,23,Cf/mMLPy8KnHE18vdbmvBHQ5Dnw=,YWDKitVx2E2g/VCklnVSvZSM4MI=
24,23,Cf/mMLPy8KnHE18vdbmvBHQ5Dnw=,YWDKitVx2E2g/VCklnVSvZSM4MI=
23,23,Cf/mMLPy8KnHE18vdbmvBHQ5Dnw=,YWDKitVx2E2g/VCklnVSvZSM4MI=
22,23,Cf/mMLPy8KnHE18vdbmvBHQ5Dnw=,YWDKitVx2E2g/VCklnVSvZSM4MI=
20,23,Cf/mMLPy8KnHE18vdbmvBHQ5Dnw=,YWDKitVx2E2g/VCklnVSvZSM4MI=
21,23,Cf/mMLPy8KnHE18vdbmvBHQ5Dnw=,YWDKitVx2E2g/VCklnVSvZSM4MI=
18,23,Cf/mMLPy8KnHE18vdbmvBHQ5Dnw=,YWDKitVx2E2g/VCklnVSvZSM4MI=
19,23,Cf/mMLPy8KnHE18vdbmvBHQ5Dnw=,YWDKitVx2E2g/VCklnVSvZSM4MI=
17,23,Cf/mMLPy8KnHE18vdbmvBHQ5Dnw=,YWDKitVx2E2g/VCklnVSvZSM4MI=
16,23,Cf/mMLPy8KnHE18vdbmvBHQ5Dnw=,YWDKitVx2E2g/VCklnVSvZSM4MI=
25,16,Cf/mMLPy8KnHE18vdbmvBHQ5Dnw=,YWDKitVx2E2g/VCklnVSvZSM4MI=
31,22,Cf/mMLPy8KnHE18vdbmvBHQ5Dnw=,YWDKitVx2E2g/VCklnVSvZSM4MI=
30,22,Cf/mMLPy8KnHE18vdbmvBHQ5Dnw=,YWDKitVx2E2g/VCklnVSvZSM4MI=
29,22,Cf/mMLPy8KnHE18vdbmvBHQ5Dnw=,YWDKitVx2E2g/VCklnVSvZSM4MI=
27,22,Cf/mMLPy8KnHE18vdbmvBHQ5Dnw=,YWDKitVx2E2g/VCklnVSvZSM4MI=
28,22,Cf/mMLPy8KnHE18vdbmvBHQ5Dnw=,YWDKitVx2E2g/VCklnVSvZSM4MI=
26,22,Cf/mMLPy8KnHE18vdbmvBHQ5Dnw=,YWDKitVx2E2g/VCklnVSvZSM4MI=
25,22,Cf/mMLPy8KnHE18vdbmvBHQ5Dnw=,YWDKitVx2E2g/VCklnVSvZSM4MI=
24,22,Cf/mMLPy8KnHE18vdbmvBHQ5Dnw=,YWDKitVx2E2g/VCklnVSvZSM4MI=
23,22,Cf/mMLPy8KnHE18vdbmvBHQ5Dnw=,YWDKitVx2E2g/VCklnVSvZSM4MI=
22,22,Cf/mMLPy8KnHE18vdbmvBHQ5Dnw=,YWDKitVx2E2g/VCklnVSvZSM4MI=
21,22,Cf/mMLPy8KnHE18vdbmvBHQ5Dnw=,YWDKitVx2E2g/VCklnVSvZSM4MI=
19,22,Cf/mMLPy8KnHE18vdbmvBHQ5Dnw=,YWDKitVx2E2g/VCklnVSvZSM4MI=
18,22,Cf/mMLPy8KnHE18vdbmvBHQ5Dnw=,YWDKitVx2E2g/VCklnVSvZSM4MI=
20,22,Cf/mMLPy8KnHE18vdbmvBHQ5Dnw=,YWDKitVx2E2g/VCklnVSvZSM4MI=
17,22,Cf/mMLPy8KnHE18vdbmvBHQ5Dnw=,YWDKitVx2E2g/VCklnVSvZSM4MI=
16,22,Cf/mMLPy8KnHE18vdbmvBHQ5Dnw=,YWDKitVx2E2g/VCklnVSvZSM4MI=
25,17,Cf/mMLPy8KnHE18vdbmvBHQ5Dnw=,YWDKitVx2E2g/VCklnVSvZSM4MI=
24,16,Cf/mMLPy8KnHE18vdbmvBHQ5Dnw=,YWDKitVx2E2g/VCklnVSvZSM4MI=
31,21,Cf/mMLPy8KnHE18vdbmvBHQ5Dnw=,YWDKitVx2E2g/VCklnVSvZSM4MI=
30,21,Cf/mMLPy8KnHE18vdbmvBHQ5Dnw=,YWDKitVx2E2g/VCklnVSvZSM4MI=
29,21,Cf/mMLPy8KnHE18vdbmvBHQ5Dnw=,YWDKitVx2E2g/VCklnVSvZSM4MI=
28,21,Cf/mMLPy8KnHE18vdbmvBHQ5Dnw=,YWDKitVx2E2g/VCklnVSvZSM4MI=
27,21,Cf/mMLPy8KnHE18vdbmvBHQ5Dnw=,YWDKitVx2E2g/VCklnVSvZSM4MI=
26,21,Cf/mMLPy8KnHE18vdbmvBHQ5Dnw=,YWDKitVx2E2g/VCklnVSvZSM4MI=
24,21,Cf/mMLPy8KnHE18vdbmvBHQ5Dnw=,YWDKitVx2E2g/VCklnVSvZSM4MI=
25,21,Cf/mMLPy8KnHE18vdbmvBHQ5Dnw=,YWDKitVx2E2g/VCklnVSvZSM4MI=
23,21,Cf/mMLPy8KnHE18vdbmvBHQ5Dnw=,YWDKitVx2E2g/VCklnVSvZSM4MI=
22,21,Cf/mMLPy8KnHE18vdbmvBHQ5Dnw=,YWDKitVx2E2g/VCklnVSvZSM4MI=
21,21,Cf/mMLPy8KnHE18vdbmvBHQ5Dnw=,YWDKitVx2E2g/VCklnVSvZSM4MI=
20,21,Cf/mMLPy8KnHE18vdbmvBHQ5Dnw=,YWDKitVx2E2g/VCklnVSvZSM4MI=
18,21,Cf/mMLPy8KnHE18vdbmvBHQ5Dnw=,YWDKitVx2E2g/VCklnVSvZSM4MI=
19,21,Cf/mMLPy8KnHE18vdbmvBHQ5Dnw=,YWDKitVx2E2g/VCklnVSvZSM4MI=
17,21,Cf/mMLPy8KnHE18vdbmvBHQ5Dnw=,YWDKitVx2E2g/VCklnVSvZSM4MI=
16,21,Cf/mMLPy8KnHE18vdbmvBHQ5Dnw=,YWDKitVx2E2g/VCklnVSvZSM4MI=
26,17,Cf/mMLPy8KnHE18vdbmvBHQ5Dnw=,YWDKitVx2E2g/VCklnVSvZSM4MI=
31,20,Cf/mMLPy8KnHE18vdbmvBHQ5Dnw=,YWDKitVx2E2g/VCklnVSvZSM4MI=
30,20,Cf/mMLPy8KnHE18vdbmvBHQ5Dnw=,YWDKitVx2E2g/VCklnVSvZSM4MI=
29,20,Cf/mMLPy8KnHE18vdbmvBHQ5Dnw=,YWDKitVx2E2g/VCklnVSvZSM4MI=
28,20,Cf/mMLPy8KnHE18vdbmvBHQ5Dnw=,YWDKitVx2E2g/VCklnVSvZSM4MI=
24,17,Cf/mMLPy8KnHE18vdbmvBHQ5Dnw=,YWDKitVx2E2g/VCklnVSvZSM4MI=
27,20,Cf/mMLPy8KnHE18vdbmvBHQ5Dnw=,YWDKitVx2E2g/VCklnVSvZSM4MI=
24,20,Cf/mMLPy8KnHE18vdbmvBHQ5Dnw=,YWDKitVx2E2g/VCklnVSvZSM4MI=
23,20,Cf/mMLPy8KnHE18vdbmvBHQ5Dnw=,YWDKitVx2E2g/VCklnVSvZSM4MI=
22,20,Cf/mMLPy8KnHE18vdbmvBHQ5Dnw=,YWDKitVx2E2g/VCklnVSvZSM4MI=
21,20,Cf/mMLPy8KnHE18vdbmvBHQ5Dnw=,YWDKitVx2E2g/VCklnVSvZSM4MI=
20,20,Cf/mMLPy8KnHE18vdbmvBHQ5Dnw=,YWDKitVx2E2g/VCklnVSvZSM4MI=
19,20,Cf/mMLPy8KnHE18vdbmvBHQ5Dnw=,YWDKitVx2E2g/VCklnVSvZSM4MI=
17,20,Cf/mMLPy8KnHE18vdbmvBHQ5Dnw=,YWDKitVx2E2g/VCklnVSvZSM4MI=
18,20,Cf/mMLPy8KnHE18vdbmvBHQ5Dnw=,YWDKitVx2E2g/VCklnVSvZSM4MI=
16,20,Cf/mMLPy8KnHE18vdbmvBHQ5Dnw=,YWDKitVx2E2g/VCklnVSvZSM4MI=
22,17,Cf/mMLPy8KnHE18vdbmvBHQ5Dnw=,YWDKitVx2E2g/VCklnVSvZSM4MI=
31,19,Cf/mMLPy8KnHE18vdbmvBHQ5Dnw=,YWDKitVx2E2g/VCklnVSvZSM4MI=
22,16,Cf/mMLPy8KnHE18vdbmvBHQ5Dnw=,YWDKitVx2E2g/VCklnVSvZSM4MI=
30,19,Cf/mMLPy8KnHE18vdbmvBHQ5Dnw=,YWDKitVx2E2g/VCklnVSvZSM4MI=
29,19,Cf/mMLPy8KnHE18vdbmvBHQ5Dnw=,YWDKitVx2E2g/VCklnVSvZSM4MI=
28,19,Cf/mMLPy8KnHE18vdbmvBHQ5Dnw=,YWDKitVx2E2g/VCklnVSvZSM4MI=
27,16,Cf/mMLPy8KnHE18vdbmvBHQ5Dnw=,YWDKitVx2E2g/VCklnVSvZSM4MI=
25,20,Cf/mMLPy8KnHE18vdbmvBHQ5Dnw=,YWDKitVx2E2g/VCklnVSvZSM4MI=
26,20,Cf/mMLPy8KnHE18vdbmvBHQ5Dnw=,YWDKitVx2E2g/VCklnVSvZSM4MI=
27,19,Cf/mMLPy8KnHE18vdbmvBHQ5Dnw=,YWDKitVx2E2g/VCklnVSvZSM4MI=
27,17,Cf/mMLPy8KnHE18vdbmvBHQ5Dnw=,YWDKitVx2E2g/VCklnVSvZSM4MI=
16,16,Cf/mMLPy8KnHE18vdbmvBHQ5Dnw=,YWDKitVx2E2g/VCklnVSvZSM4MI=
23,16,Cf/mMLPy8KnHE18vdbmvBHQ5Dnw=,YWDKitVx2E2g/VCklnVSvZSM4MI=
26,18,Cf/mMLPy8KnHE18vdbmvBHQ5Dnw=,YWDKitVx2E2g/VCklnVSvZSM4MI=
27,18,Cf/mMLPy8KnHE18vdbmvBHQ5Dnw=,YWDKitVx2E2g/VCklnVSvZSM4MI=
26,19,Cf/mMLPy8KnHE18vdbmvBHQ5Dnw=,YWDKitVx2E2g/VCklnVSvZSM4MI=
23,17,Cf/mMLPy8KnHE18vdbmvBHQ5Dnw=,YWDKitVx2E2g/VCklnVSvZSM4MI=
25,19,Cf/mMLPy8KnHE18vdbmvBHQ5Dnw=,YWDKitVx2E2g/VCklnVSvZSM4MI=
24,19,Cf/mMLPy8KnHE18vdbmvBHQ5Dnw=,YWDKitVx2E2g/VCklnVSvZSM4MI=
25,18,Cf/mMLPy8KnHE18vdbmvBHQ5Dnw=,YWDKitVx2E2g/VCklnVSvZSM4MI=
23,18,Cf/mMLPy8KnHE18vdbmvBHQ5Dnw=,YWDKitVx2E2g/VCklnVSvZSM4MI=
24,18,Cf/mMLPy8KnHE18vdbmvBHQ5Dnw=,YWDKitVx2E2g/VCklnVSvZSM4MI=
20,3,mLvNfFPczoNKo/AnRrFcQPee7vE=,nO8jH5Lf7LTtk6v28gD1Ye8Vgik=
19,3,mLvNfFPczoNKo/AnRrFcQPee7vE=,nO8jH5Lf7LTtk6v28gD1Ye8Vgik=
31,15,mLvNfFPczoNKo/AnRrFcQPee7vE=,nO8jH5Lf7LTtk6v28gD1Ye8Vgik=
30,15,mLvNfFPczoNKo/AnRrFcQPee7vE=,nO8jH5Lf7LTtk6v28gD1Ye8Vgik=
29,15,mLvNfFPczoNKo/AnRrFcQPee7vE=,nO8jH5Lf7LTtk6v28gD1Ye8Vgik=
28,15,mLvNfFPczoNKo/AnRrFcQPee7vE=,nO8jH5Lf7LTtk6v28gD1Ye8Vgik=
27,15,mLvNfFPczoNKo/AnRrFcQPee7vE=,nO8jH5Lf7LTtk6v28gD1Ye8Vgik=
26,15,mLvNfFPczoNKo/AnRrFcQPee7vE=,nO8jH5Lf7LTtk6v28gD1Ye8Vgik=
19,0,mLvNfFPczoNKo/AnRrFcQPee7vE=,nO8jH5Lf7LTtk6v28gD1Ye8Vgik=
22,15,mLvNfFPczoNKo/AnRrFcQPee7vE=,nO8jH5Lf7LTtk6v28gD1Ye8Vgik=
21,15,mLvNfFPczoNKo/AnRrFcQPee7vE=,nO8jH5Lf7LTtk6v28gD1Ye8Vgik=
20,15,mLvNfFPczoNKo/AnRrFcQPee7vE=,nO8jH5Lf7LTtk6v28gD1Ye8Vgik=
19,15,mLvNfFPczoNKo/AnRrFcQPee7vE=,nO8jH5Lf7LTtk6v28gD1Ye8Vgik=
18,15,mLvNfFPczoNKo/AnRrFcQPee7vE=,nO8jH5Lf7LTtk6v28gD1Ye8Vgik=
17,15,mLvNfFPczoNKo/AnRrFcQPee7vE=,nO8jH5Lf7LTtk6v28gD1Ye8Vgik=
17,3,mLvNfFPczoNKo/AnRrFcQPee7vE=,nO8jH5Lf7LTtk6v28gD1Ye8Vgik=
16,15,mLvNfFPczoNKo/AnRrFcQPee7vE=,nO8jH5Lf7LTtk6v28gD1Ye8Vgik=
24,15,mLvNfFPczoNKo/AnRrFcQPee7vE=,nO8jH5Lf7LTtk6v28gD1Ye8Vgik=
31,14,mLvNfFPczoNKo/AnRrFcQPee7vE=,nO8jH5Lf7LTtk6v28gD1Ye8Vgik=
23,15,mLvNfFPczoNKo/AnRrFcQPee7vE=,nO8jH5Lf7LTtk6v28gD1Ye8Vgik=
30,14,mLvNfFPczoNKo/AnRrFcQPee7vE=,nO8jH5Lf7LTtk6v28gD1Ye8Vgik=
29,14,mLvNfFPczoNKo/AnRrFcQPee7vE=,nO8jH5Lf7LTtk6v28gD1Ye8Vgik=
28,14,mLvNfFPczoNKo/AnRrFcQPee7vE=,nO8jH5Lf7LTtk6v28gD1Ye8Vgik=
27,14,mLvNfFPczoNKo/AnRrFcQPee7vE=,nO8jH5Lf7LTtk6v28gD1Ye8Vgik=
20,0,mLvNfFPczoNKo/AnRrFcQPee7vE=,nO8jH5Lf7LTtk6v28gD1Ye8Vgik=
25,15,mLvNfFPczoNKo/AnRrFcQPee7vE=,nO8jH5Lf7LTtk6v28gD1Ye8Vgik=
26,14,mLvNfFPczoNKo/AnRrFcQPee7vE=,nO8jH5Lf7LTtk6v28gD1Ye8Vgik=
23,14,mLvNfFPczoNKo/AnRrFcQPee7vE=,nO8jH5Lf7LTtk6v28gD1Ye8Vgik=
22,14,mLvNfFPczoNKo/AnRrFcQPee7vE=,nO8jH5Lf7LTtk6v28gD1Ye8Vgik=
21,14,mLvNfFPczoNKo/AnRrFcQPee7vE=,nO8jH5Lf7LTtk6v28gD1Ye8Vgik=
20,14,mLvNfFPczoNKo/AnRrFcQPee7vE=,nO8jH5Lf7LTtk6v28gD1Ye8Vgik=
19,14,mLvNfFPczoNKo/AnRrFcQPee7vE=,nO8jH5Lf7LTtk6v28gD1Ye8Vgik=
18,14,mLvNfFPczoNKo/AnRrFcQPee7vE=,nO8jH5Lf7LTtk6v28gD1Ye8Vgik=
17,14,mLvNfFPczoNKo/AnRrFcQPee7vE=,nO8jH5Lf7LTtk6v28gD1Ye8Vgik=
31,13,mLvNfFPczoNKo/AnRrFcQPee7vE=,nO8jH5Lf7LTtk6v28gD1Ye8Vgik=
25,14,mLvNfFPczoNKo/AnRrFcQPee7vE=,nO8jH5Lf7LTtk6v28gD1Ye8Vgik=
16,14,mLvNfFPczoNKo/AnRrFcQPee7vE=,nO8jH5Lf7LTtk6v28gD1Ye8Vgik=
18,3,mLvNfFPczoNKo/AnRrFcQPee7vE=,nO8jH5Lf7LTtk6v28gD1Ye8Vgik=
30,13,mLvNfFPczoNKo/AnRrFcQPee7vE=,nO8jH5Lf7LTtk6v28gD1Ye8Vgik=
29,13,mLvNfFPczoNKo/AnRrFcQPee7vE=,nO8jH5Lf7LTtk6v28gD1Ye8Vgik=
28,13,mLvNfFPczoNKo/AnRrFcQPee7vE=,nO8jH5Lf7LTtk6v28gD1Ye8Vgik=
27,13,mLvNfFPczoNKo/AnRrFcQPee7vE=,nO8jH5Lf7LTtk6v28gD1Ye8Vgik=
24,14,mLvNfFPczoNKo/AnRrFcQPee7vE=,nO8jH5Lf7LTtk6v28gD1Ye8Vgik=
20,2,mLvNfFPczoNKo/AnRrFcQPee7vE=,nO8jH5Lf7LTtk6v28gD1Ye8Vgik=
26,13,mLvNfFPczoNKo/AnRrFcQPee7vE=,nO8jH5Lf7LTtk6v28gD1Ye8Vgik=
24,13,mLvNfFPczoNKo/AnRrFcQPee7vE=,nO8jH5Lf7LTtk6v28gD1Ye8Vgik=
22,13,mLvNfFPczoNKo/AnRrFcQPee7vE=,nO8jH5Lf7LTtk6v28gD1Ye8Vgik=
21,13,mLvNfFPczoNKo/AnRrFcQPee7vE=,nO8jH5Lf7LTtk6v28gD1Ye8Vgik=
20,13,mLvNfFPczoNKo/AnRrFcQPee7vE=,nO8jH5Lf7LTtk6v28gD1Ye8Vgik=
19,13,mLvNfFPczoNKo/AnRrFcQPee7vE=,nO8jH5Lf7LTtk6v28gD1Ye8Vgik=
18,13,mLvNfFPczoNKo/AnRrFcQPee7vE=,nO8jH5Lf7LTtk6v28gD1Ye8Vgik=
16,13,mLvNfFPczoNKo/AnRrFcQPee7vE=,nO8jH5Lf7LTtk6v28gD1Ye8Vgik=
17,13,mLvNfFPczoNKo/AnRrFcQPee7vE=,nO8jH5Lf7LTtk6v28gD1Ye8Vgik=
31,12,mLvNfFPczoNKo/AnRrFcQPee7vE=,nO8jH5Lf7LTtk6v28gD1Ye8Vgik=
25,13,mLvNfFPczoNKo/AnRrFcQPee7vE=,nO8jH5Lf7LTtk6v28gD1Ye8Vgik=
17,2,mLvNfFPczoNKo/AnRrFcQPee7vE=,nO8jH5Lf7LTtk6v28gD1Ye8Vgik=
30,12,mLvNfFPczoNKo/AnRrFcQPee7vE=,nO8jH5Lf7LTtk6v28gD1Ye8Vgik=
29,12,mLvNfFPczoNKo/AnRrFcQPee7vE=,nO8jH5Lf7LTtk6v28gD1Ye8Vgik=
27,12,mLvNfFPczoNKo/AnRrFcQPee7vE=,nO8jH5Lf7LTtk6v28gD1Ye8Vgik=
28,12,mLvNfFPczoNKo/AnRrFcQPee7vE=,nO8jH5Lf7LTtk6v28gD1Ye8Vgik=
21,0,mLvNfFPczoNKo/AnRrFcQPee7vE=,nO8jH5Lf7LTtk6v28gD1Ye8Vgik=
20,1,mLvNfFPczoNKo/AnRrFcQPee7vE=,nO8jH5Lf7LTtk6v28gD1Ye8Vgik=
26,12,mLvNfFPczoNKo/AnRrFcQPee7vE=,nO8jH5Lf7LTtk6v28gD1Ye8Vgik=
23,13,mLvNfFPczoNKo/AnRrFcQPee7vE=,nO8jH5Lf7LTtk6v28gD1Ye8Vgik=
22,12,mLvNfFPczoNKo/AnRrFcQPee7vE=,nO8jH5Lf7LTtk6v28gD1Ye8Vgik=
21,12,mLvNfFPczoNKo/AnRrFcQPee7vE=,nO8jH5Lf7LTtk6v28gD1Ye8Vgik=
20,12,mLvNfFPczoNKo/AnRrFcQPee7vE=,nO8jH5Lf7LTtk6v28gD1Ye8Vgik=
19,12,mLvNfFPczoNKo/AnRrFcQPee7vE=,nO8jH5Lf7LTtk6v28gD1Ye8Vgik=
18,12,mLvNfFPczoNKo/AnRrFcQPee7vE=,nO8jH5Lf7LTtk6v28gD1Ye8Vgik=
17,12,mLvNfFPczoNKo/AnRrFcQPee7vE=,nO8jH5Lf7LTtk6v28gD1Ye8Vgik=
16,12,mLvNfFPczoNKo/AnRrFcQPee7vE=,nO8jH5Lf7LTtk6v28gD1Ye8Vgik=
23,12,mLvNfFPczoNKo/AnRrFcQPee7vE=,nO8jH5Lf7LTtk6v28gD1Ye8Vgik=
21,3,mLvNfFPczoNKo/AnRrFcQPee7vE=,nO8jH5Lf7LTtk6v28gD1Ye8Vgik=
24,12,mLvNfFPczoNKo/AnRrFcQPee7vE=,nO8jH5Lf7LTtk6v28gD1Ye8Vgik=
16,3,mLvNfFPczoNKo/AnRrFcQPee7vE=,nO8jH5Lf7LTtk6v28gD1Ye8Vgik=
31,2,mLvNfFPczoNKo/AnRrFcQPee7vE=,nO8jH5Lf7LTtk6v28gD1Ye8Vgik=
16,2,mLvNfFPczoNKo/AnRrFcQPee7vE=,nO8jH5Lf7LTtk6v28gD1Ye8Vgik=
17,1,mLvNfFPczoNKo/AnRrFcQPee7vE=,nO8jH5Lf7LTtk6v28gD1Ye8Vgik=
31,0,mLvNfFPczoNKo/AnRrFcQPee7vE=,nO8jH5Lf7LTtk6v28gD1Ye8Vgik=
31,1,mLvNfFPczoNKo/AnRrFcQPee7vE=,nO8jH5Lf7LTtk6v28gD1Ye8Vgik=
31,11,mLvNfFPczoNKo/AnRrFcQPee7vE=,nO8jH5Lf7LTtk6v28gD1Ye8Vgik=
30,0,mLvNfFPczoNKo/AnRrFcQPee7vE=,nO8jH5Lf7LTtk6v28gD1Ye8Vgik=
30,11,mLvNfFPczoNKo/AnRrFcQPee7vE=,nO8jH5Lf7LTtk6v28gD1Ye8Vgik=
28,11,mLvNfFPczoNKo/AnRrFcQPee7vE=,nO8jH5Lf7LTtk6v28gD1Ye8Vgik=
26,11,mLvNfFPczoNKo/AnRrFcQPee7vE=,nO8jH5Lf7LTtk6v28gD1Ye8Vgik=
18,2,mLvNfFPczoNKo/AnRrFcQPee7vE=,nO8jH5Lf7LTtk6v28gD1Ye8Vgik=
29,11,mLvNfFPczoNKo/AnRrFcQPee7vE=,nO8jH5Lf7LTtk6v28gD1Ye8Vgik=
16,1,mLvNfFPczoNKo/AnRrFcQPee7vE=,nO8jH5Lf7LTtk6v28gD1Ye8Vgik=
23,11,mLvNfFPczoNKo/AnRrFcQPee7vE=,nO8jH5Lf7LTtk6v28gD1Ye8Vgik=
22,11,mLvNfFPczoNKo/AnRrFcQPee7vE=,nO8jH5Lf7LTtk6v28gD1Ye8Vgik=
27,11,mLvNfFPczoNKo/AnRrFcQPee7vE=,nO8jH5Lf7LTtk6v28gD1Ye8Vgik=
21,11,mLvNfFPczoNKo/AnRrFcQPee7vE=,nO8jH5Lf7LTtk6v28gD1Ye8Vgik=
20,11,mLvNfFPczoNKo/AnRrFcQPee7vE=,nO8jH5Lf7LTtk6v28gD1Ye8Vgik=
18,11,mLvNfFPczoNKo/AnRrFcQPee7vE=,nO8jH5Lf7LTtk6v28gD1Ye8Vgik=
19,11,mLvNfFPczoNKo/AnRrFcQPee7vE=,nO8jH5Lf7LTtk6v28gD1Ye8Vgik=
17,11,mLvNfFPczoNKo/AnRrFcQPee7vE=,nO8jH5Lf7LTtk6v28gD1Ye8Vgik=
25,12,mLvNfFPczoNKo/AnRrFcQPee7vE=,nO8jH5Lf7LTtk6v28gD1Ye8Vgik=
30,1,mLvNfFPczoNKo/AnRrFcQPee7vE=,nO8jH5Lf7LTtk6v28gD1Ye8Vgik=
16,11,mLvNfFPczoNKo/AnRrFcQPee7vE=,nO8jH5Lf7LTtk6v28gD1Ye8Vgik=
31,10,mLvNfFPczoNKo/AnRrFcQPee7vE=,nO8jH5Lf7LTtk6v28gD1Ye8Vgik=
30,10,mLvNfFPczoNKo/AnRrFcQPee7vE=,nO8jH5Lf7LTtk6v28gD1Ye8Vgik=
21,1,mLvNfFPczoNKo/AnRrFcQPee7vE=,nO8jH5Lf7LTtk6v28gD1Ye8Vgik=
27,10,mLvNfFPczoNKo/AnRrFcQPee7vE=,nO8jH5Lf7LTtk6v28gD1Ye8Vgik=
28,10,mLvNfFPczoNKo/AnRrFcQPee7vE=,nO8jH5Lf7LTtk6v28gD1Ye8Vgik=
19,2,mLvNfFPczoNKo/AnRrFcQPee7vE=,nO8jH5Lf7LTtk6v28gD1Ye8Vgik=
21,2,mLvNfFPczoNKo/AnRrFcQPee7vE=,nO8jH5Lf7LTtk6v28gD1Ye8Vgik=
29,10,mLvNfFPczoNKo/AnRrFcQPee7vE=,nO8jH5Lf7LTtk6v28gD1Ye8Vgik=
29,1,mLvNfFPczoNKo/AnRrFcQPee7vE=,nO8jH5Lf7LTtk6v28gD1Ye8Vgik=
30,2,mLvNfFPczoNKo/AnRrFcQPee7vE=,nO8jH5Lf7LTtk6v28gD1Ye8Vgik=
22,10,mLvNfFPczoNKo/AnRrFcQPee7vE=,nO8jH5Lf7LTtk6v28gD1Ye8Vgik=
21,10,mLvNfFPczoNKo/AnRrFcQPee7vE=,nO8jH5Lf7LTtk6v28gD1Ye8Vgik=
20,10,mLvNfFPczoNKo/AnRrFcQPee7vE=,nO8jH5Lf7LTtk6v28gD1Ye8Vgik=
19,10,mLvNfFPczoNKo/AnRrFcQPee7vE=,nO8jH5Lf7LTtk6v28gD1Ye8Vgik=
18,10,mLvNfFPczoNKo/AnRrFcQPee7vE=,nO8jH5Lf7LTtk6v28gD1Ye8Vgik=
17,10,mLvNfFPczoNKo/AnRrFcQPee7vE=,nO8jH5Lf7LTtk6v28gD1Ye8Vgik=
29,2,mLvNfFPczoNKo/AnRrFcQPee7vE=,nO8jH5Lf7LTtk6v28gD1Ye8Vgik=
23,10,mLvNfFPczoNKo/AnRrFcQPee7vE=,nO8jH5Lf7LTtk6v28gD1Ye8Vgik=
16,10,mLvNfFPczoNKo/AnRrFcQPee7vE=,nO8jH5Lf7LTtk6v28gD1Ye8Vgik=
25,11,mLvNfFPczoNKo/AnRrFcQPee7vE=,nO8jH5Lf7LTtk6v28gD1Ye8Vgik=
31,9,mLvNfFPczoNKo/AnRrFcQPee7vE=,nO8jH5Lf7LTtk6v28gD1Ye8Vgik=
30,9,mLvNfFPczoNKo/AnRrFcQPee7vE=,nO8jH5Lf7LTtk6v28gD1Ye8Vgik=
29,9,mLvNfFPczoNKo/AnRrFcQPee7vE=,nO8jH5Lf7LTtk6v28gD1Ye8Vgik=
28,9,mLvNfFPczoNKo/AnRrFcQPee7vE=,nO8jH5Lf7LTtk6v28gD1Ye8Vgik=
27,9,mLvNfFPczoNKo/AnRrFcQPee7vE=,nO8jH5Lf7LTtk6v28gD1Ye8Vgik=
24,11,mLvNfFPczoNKo/AnRrFcQPee7vE=,nO8jH5Lf7LTtk6v28gD1Ye8Vgik=
18,0,mLvNfFPczoNKo/AnRrFcQPee7vE=,nO8jH5Lf7LTtk6v28gD1Ye8Vgik=
17,0,mLvNfFPczoNKo/AnRrFcQPee7vE=,nO8jH5Lf7LTtk6v28gD1Ye8Vgik=
23,9,mLvNfFPczoNKo/AnRrFcQPee7vE=,nO8jH5Lf7LTtk6v28gD1Ye8Vgik=
22,9,mLvNfFPczoNKo/AnRrFcQPee7vE=,nO8jH5Lf7LTtk6v28gD1Ye8Vgik=
26,10,mLvNfFPczoNKo/AnRrFcQPee7vE=,nO8jH5Lf7LTtk6v28gD1Ye8Vgik=
26,9,mLvNfFPczoNKo/AnRrFcQPee7vE=,nO8jH5Lf7LTtk6v28gD1Ye8Vgik=
28,1,mLvNfFPczoNKo/AnRrFcQPee7vE=,nO8jH5Lf7LTtk6v28gD1Ye8Vgik=
20,9,mLvNfFPczoNKo/AnRrFcQPee7vE=,nO8jH5Lf7LTtk6v28gD1Ye8Vgik=
17,9,mLvNfFPczoNKo/AnRrFcQPee7vE=,nO8jH5Lf7LTtk6v28gD1Ye8Vgik=
18,9,mLvNfFPczoNKo/AnRrFcQPee7vE=,nO8jH5Lf7LTtk6v28gD1Ye8Vgik=
28,2,mLvNfFPczoNKo/AnRrFcQPee7vE=,nO8jH5Lf7LTtk6v28gD1Ye8Vgik=
24,10,mLvNfFPczoNKo/AnRrFcQPee7vE=,nO8jH5Lf7LTtk6v28gD1Ye8Vgik=
16,9,mLvNfFPczoNKo/AnRrFcQPee7vE=,nO8jH5Lf7LTtk6v28gD1Ye8Vgik=
31,8,mLvNfFPczoNKo/AnRrFcQPee7vE=,nO8jH5Lf7LTtk6v28gD1Ye8Vgik=
30,8,mLvNfFPczoNKo/AnRrFcQPee7vE=,nO8jH5Lf7LTtk6v28gD1Ye8Vgik=
29,8,mLvNfFPczoNKo/AnRrFcQPee7vE=,nO8jH5Lf7LTtk6v28gD1Ye8Vgik=
28,8,mLvNfFPczoNKo/AnRrFcQPee7vE=,nO8jH5Lf7LTtk6v28gD1Ye8Vgik=
27,8,mLvNfFPczoNKo/AnRrFcQPee7vE=,nO8jH5Lf7LTtk6v28gD1Ye8Vgik=
26,8,mLvNfFPczoNKo/AnRrFcQPee7vE=,nO8jH5Lf7LTtk6v28gD1Ye8Vgik=
25,8,mLvNfFPczoNKo/AnRrFcQPee7vE=,nO8jH5Lf7LTtk6v28gD1Ye8Vgik=
24,8,mLvNfFPczoNKo/AnRrFcQPee7vE=,nO8jH5Lf7LTtk6v28gD1Ye8Vgik=
19,9,mLvNfFPczoNKo/AnRrFcQPee7vE=,nO8jH5Lf7LTtk6v28gD1Ye8Vgik=
23,8,mLvNfFPczoNKo/AnRrFcQPee7vE=,nO8jH5Lf7LTtk6v28gD1Ye8Vgik=
21,9,mLvNfFPczoNKo/AnRrFcQPee7vE=,nO8jH5Lf7LTtk6v28gD1Ye8Vgik=
24,9,mLvNfFPczoNKo/AnRrFcQPee7vE=,nO8jH5Lf7LTtk6v28gD1Ye8Vgik=
27,1,mLvNfFPczoNKo/AnRrFcQPee7vE=,nO8jH5Lf7LTtk6v28gD1Ye8Vgik=
21,8,mLvNfFPczoNKo/AnRrFcQPee7vE=,nO8jH5Lf7LTtk6v28gD1Ye8Vgik=
17,8,mLvNfFPczoNKo/AnRrFcQPee7vE=,nO8jH5Lf7LTtk6v28gD1Ye8Vgik=
22,8,mLvNfFPczoNKo/AnRrFcQPee7vE=,nO8jH5Lf7LTtk6v28gD1Ye8Vgik=
16,8,mLvNfFPczoNKo/AnRrFcQPee7vE=,nO8jH5Lf7LTtk6v28gD1Ye8Vgik=
22,3,mLvNfFPczoNKo/AnRrFcQPee7vE=,nO8jH5Lf7LTtk6v28gD1Ye8Vgik=
26,1,mLvNfFPczoNKo/AnRrFcQPee7vE=,nO8jH5Lf7LTtk6v28gD1Ye8Vgik=
25,10,mLvNfFPczoNKo/AnRrFcQPee7vE=,nO8jH5Lf7LTtk6v28gD1Ye8Vgik=
31,7,mLvNfFPczoNKo/AnRrFcQPee7vE=,nO8jH5Lf7LTtk6v28gD1Ye8Vgik=
30,7,mLvNfFPczoNKo/AnRrFcQPee7vE=,nO8jH5Lf7LTtk6v28gD1Ye8Vgik=
29,7,mLvNfFPczoNKo/AnRrFcQPee7vE=,nO8jH5Lf7LTtk6v28gD1Ye8Vgik=
28,7,mLvNfFPczoNKo/AnRrFcQPee7vE=,nO8jH5Lf7LTtk6v28gD1Ye8Vgik=
27,7,mLvNfFPczoNKo/AnRrFcQPee7vE=,nO8jH5Lf7LTtk6v28gD1Ye8Vgik=
23,3,mLvNfFPczoNKo/AnRrFcQPee7vE=,nO8jH5Lf7LTtk6v28gD1Ye8Vgik=
25,9,mLvNfFPczoNKo/AnRrFcQPee7vE=,nO8jH5Lf7LTtk6v28gD1Ye8Vgik=
18,1,mLvNfFPczoNKo/AnRrFcQPee7vE=,nO8jH5Lf7LTtk6v28gD1Ye8Vgik=
18,8,mLvNfFPczoNKo/AnRrFcQPee7vE=,nO8jH5Lf7LTtk6v28gD1Ye8Vgik=
22,2,mLvNfFPczoNKo/AnRrFcQPee7vE=,nO8jH5Lf7LTtk6v28gD1Ye8Vgik=
16,0,mLvNfFPczoNKo/AnRrFcQPee7vE=,nO8jH5Lf7LTtk6v28gD1Ye8Vgik=
29,0,mLvNfFPczoNKo/AnRrFcQPee7vE=,nO8jH5Lf7LTtk6v28gD1Ye8Vgik=
20,8,mLvNfFPczoNKo/AnRrFcQPee7vE=,nO8jH5Lf7LTtk6v28gD1Ye8Vgik=
23,7,mLvNfFPczoNKo/AnRrFcQPee7vE=,nO8jH5Lf7LTtk6v28gD1Ye8Vgik=
24,7,mLvNfFPczoNKo/AnRrFcQPee7vE=,nO8jH5Lf7LTtk6v28gD1Ye8Vgik=
26,7,mLvNfFPczoNKo/AnRrFcQPee7vE=,nO8jH5Lf7LTtk6v28gD1Ye8Vgik=
27,0,mLvNfFPczoNKo/AnRrFcQPee7vE=,nO8jH5Lf7LTtk6v28gD1Ye8Vgik=
19,8,mLvNfFPczoNKo/AnRrFcQPee7vE=,nO8jH5Lf7LTtk6v28gD1Ye8Vgik=
31,6,mLvNfFPczoNKo/AnRrFcQPee7vE=,nO8jH5Lf7LTtk6v28gD1Ye8Vgik=
28,0,mLvNfFPczoNKo/AnRrFcQPee7vE=,nO8jH5Lf7LTtk6v28gD1Ye8Vgik=
30,6,mLvNfFPczoNKo/AnRrFcQPee7vE=,nO8jH5Lf7LTtk6v28gD1Ye8Vgik=
16,7,mLvNfFPczoNKo/AnRrFcQPee7vE=,nO8jH5Lf7LTtk6v28gD1Ye8Vgik=
28,6,mLvNfFPczoNKo/AnRrFcQPee7vE=,nO8jH5Lf7LTtk6v28gD1Ye8Vgik=
29,6,mLvNfFPczoNKo/AnRrFcQPee7vE=,nO8jH5Lf7LTtk6v28gD1Ye8Vgik=
26,2,mLvNfFPczoNKo/AnRrFcQPee7vE=,nO8jH5Lf7LTtk6v28gD1Ye8Vgik=
25,1,mLvNfFPczoNKo/AnRrFcQPee7vE=,nO8jH5Lf7LTtk6v28gD1Ye8Vgik=
19,7,mLvNfFPczoNKo/AnRrFcQPee7vE=,nO8jH5Lf7LTtk6v28gD1Ye8Vgik=
17,7,mLvNfFPczoNKo/AnRrFcQPee7vE=,nO8jH5Lf7LTtk6v28gD1Ye8Vgik=
27,6,mLvNfFPczoNKo/AnRrFcQPee7vE=,nO8jH5Lf7LTtk6v28gD1Ye8Vgik=
20,7,mLvNfFPczoNKo/AnRrFcQPee7vE=,nO8jH5Lf7LTtk6v28gD1Ye8Vgik=
25,7,mLvNfFPczoNKo/AnRrFcQPee7vE=,nO8jH5Lf7LTtk6v28gD1Ye8Vgik=
24,6,mLvNfFPczoNKo/AnRrFcQPee7vE=,nO8jH5Lf7LTtk6v28gD1Ye8Vgik=
27,2,mLvNfFPczoNKo/AnRrFcQPee7vE=,nO8jH5Lf7LTtk6v28gD1Ye8Vgik=
21,7,mLvNfFPczoNKo/AnRrFcQPee7vE=,nO8jH5Lf7LTtk6v28gD1Ye8Vgik=
23,6,mLvNfFPczoNKo/AnRrFcQPee7vE=,nO8jH5Lf7LTtk6v28gD1Ye8Vgik=
16,6,mLvNfFPczoNKo/AnRrFcQPee7vE=,nO8jH5Lf7LTtk6v28gD1Ye8Vgik=
25,2,mLvNfFPczoNKo/AnRrFcQPee7vE=,nO8jH5Lf7LTtk6v28gD1Ye8Vgik=
20,6,mLvNfFPczoNKo/AnRrFcQPee7vE=,nO8jH5Lf7LTtk6v28gD1Ye8Vgik=
24,1,mLvNfFPczoNKo/AnRrFcQPee7vE=,nO8jH5Lf7LTtk6v28gD1Ye8Vgik=
31,5,mLvNfFPczoNKo/AnRrFcQPee7vE=,nO8jH5Lf7LTtk6v28gD1Ye8Vgik=
30,5,mLvNfFPczoNKo/AnRrFcQPee7vE=,nO8jH5Lf7LTtk6v28gD1Ye8Vgik=
29,5,mLvNfFPczoNKo/AnRrFcQPee7vE=,nO8jH5Lf7LTtk6v28gD1Ye8Vgik=
28,5,mLvNfFPczoNKo/AnRrFcQPee7vE=,nO8jH5Lf7LTtk6v28gD1Ye8Vgik=
27,5,mLvNfFPczoNKo/AnRrFcQPee7vE=,nO8jH5Lf7LTtk6v28gD1Ye8Vgik=
19,1,mLvNfFPczoNKo/AnRrFcQPee7vE=,nO8jH5Lf7LTtk6v28gD1Ye8Vgik=
22,7,mLvNfFPczoNKo/AnRrFcQPee7vE=,nO8jH5Lf7LTtk6v28gD1Ye8Vgik=
24,3,mLvNfFPczoNKo/AnRrFcQPee7vE=,nO8jH5Lf7LTtk6v28gD1Ye8Vgik=
24,5,mLvNfFPczoNKo/AnRrFcQPee7vE=,nO8jH5Lf7LTtk6v28gD1Ye8Vgik=
18,6,mLvNfFPczoNKo/AnRrFcQPee7vE=,nO8jH5Lf7LTtk6v28gD1Ye8Vgik=
26,5,mLvNfFPczoNKo/AnRrFcQPee7vE=,nO8jH5Lf7LTtk6v28gD1Ye8Vgik=
21,6,mLvNfFPczoNKo/AnRrFcQPee7vE=,nO8jH5Lf7LTtk6v28gD1Ye8Vgik=
24,0,mLvNfFPczoNKo/AnRrFcQPee7vE=,nO8jH5Lf7LTtk6v28gD1Ye8Vgik=
25,5,mLvNfFPczoNKo/AnRrFcQPee7vE=,nO8jH5Lf7LTtk6v28gD1Ye8Vgik=
25,6,mLvNfFPczoNKo/AnRrFcQPee7vE=,nO8jH5Lf7LTtk6v28gD1Ye8Vgik=
18,7,mLvNfFPczoNKo/AnRrFcQPee7vE=,nO8jH5Lf7LTtk6v28gD1Ye8Vgik=
19,6,mLvNfFPczoNKo/AnRrFcQPee7vE=,nO8jH5Lf7LTtk6v28gD1Ye8Vgik=
17,6,mLvNfFPczoNKo/AnRrFcQPee7vE=,nO8jH5Lf7LTtk6v28gD1Ye8Vgik=
23,5,mLvNfFPczoNKo/AnRrFcQPee7vE=,nO8jH5Lf7LTtk6v28gD1Ye8Vgik=
23,0,mLvNfFPczoNKo/AnRrFcQPee7vE=,nO8jH5Lf7LTtk6v28gD1Ye8Vgik=
31,4,mLvNfFPczoNKo/AnRrFcQPee7vE=,nO8jH5Lf7LTtk6v28gD1Ye8Vgik=
29,4,mLvNfFPczoNKo/AnRrFcQPee7vE=,nO8jH5Lf7LTtk6v28gD1Ye8Vgik=
30,4,mLvNfFPczoNKo/AnRrFcQPee7vE=,nO8jH5Lf7LTtk6v28gD1Ye8Vgik=
28,4,mLvNfFPczoNKo/AnRrFcQPee7vE=,nO8jH5Lf7LTtk6v28gD1Ye8Vgik=
27,4,mLvNfFPczoNKo/AnRrFcQPee7vE=,nO8jH5Lf7LTtk6v28gD1Ye8Vgik=
19,5,mLvNfFPczoNKo/AnRrFcQPee7vE=,nO8jH5Lf7LTtk6v28gD1Ye8Vgik=
22,6,mLvNfFPczoNKo/AnRrFcQPee7vE=,nO8jH5Lf7LTtk6v28gD1Ye8Vgik=
24,2,mLvNfFPczoNKo/AnRrFcQPee7vE=,nO8jH5Lf7LTtk6v28gD1Ye8Vgik=
23,1,mLvNfFPczoNKo/AnRrFcQPee7vE=,nO8jH5Lf7LTtk6v28gD1Ye8Vgik=
16,5,mLvNfFPczoNKo/AnRrFcQPee7vE=,nO8jH5Lf7LTtk6v28gD1Ye8Vgik=
25,3,mLvNfFPczoNKo/AnRrFcQPee7vE=,nO8jH5Lf7LTtk6v28gD1Ye8Vgik=
26,4,mLvNfFPczoNKo/AnRrFcQPee7vE=,nO8jH5Lf7LTtk6v28gD1Ye8Vgik=
20,5,mLvNfFPczoNKo/AnRrFcQPee7vE=,nO8jH5Lf7LTtk6v28gD1Ye8Vgik=
20,4,mLvNfFPczoNKo/AnRrFcQPee7vE=,nO8jH5Lf7LTtk6v28gD1Ye8Vgik=
18,5,mLvNfFPczoNKo/AnRrFcQPee7vE=,nO8jH5Lf7LTtk6v28gD1Ye8Vgik=
26,3,mLvNfFPczoNKo/AnRrFcQPee7vE=,nO8jH5Lf7LTtk6v28gD1Ye8Vgik=
27,3,mLvNfFPczoNKo/AnRrFcQPee7vE=,nO8jH5Lf7LTtk6v28gD1Ye8Vgik=
28,3,mLvNfFPczoNKo/AnRrFcQPee7vE=,nO8jH5Lf7LTtk6v28gD1Ye8Vgik=
29,3,mLvNfFPczoNKo/AnRrFcQPee7vE=,nO8jH5Lf7LTtk6v28gD1Ye8Vgik=
30,3,mLvNfFPczoNKo/AnRrFcQPee7vE=,nO8jH5Lf7LTtk6v28gD1Ye8Vgik=
31,3,mLvNfFPczoNKo/AnRrFcQPee7vE=,nO8jH5Lf7LTtk6v28gD1Ye8Vgik=
21,5,mLvNfFPczoNKo/AnRrFcQPee7vE=,nO8jH5Lf7LTtk6v28gD1Ye8Vgik=
26,6,mLvNfFPczoNKo/AnRrFcQPee7vE=,nO8jH5Lf7LTtk6v28gD1Ye8Vgik=
17,5,mLvNfFPczoNKo/AnRrFcQPee7vE=,nO8jH5Lf7LTtk6v28gD1Ye8Vgik=
22,0,mLvNfFPczoNKo/AnRrFcQPee7vE=,nO8jH5Lf7LTtk6v28gD1Ye8Vgik=
19,4,mLvNfFPczoNKo/AnRrFcQPee7vE=,nO8jH5Lf7LTtk6v28gD1Ye8Vgik=
17,4,mLvNfFPczoNKo/AnRrFcQPee7vE=,nO8jH5Lf7LTtk6v28gD1Ye8Vgik=
22,1,mLvNfFPczoNKo/AnRrFcQPee7vE=,nO8jH5Lf7LTtk6v28gD1Ye8Vgik=
26,0,mLvNfFPczoNKo/AnRrFcQPee7vE=,nO8jH5Lf7LTtk6v28gD1Ye8Vgik=
18,4,mLvNfFPczoNKo/AnRrFcQPee7vE=,nO8jH5Lf7LTtk6v28gD1Ye8Vgik=
25,4,mLvNfFPczoNKo/AnRrFcQPee7vE=,nO8jH5Lf7LTtk6v28gD1Ye8Vgik=
24,4,mLvNfFPczoNKo/AnRrFcQPee7vE=,nO8jH5Lf7LTtk6v28gD1Ye8Vgik=
22,5,mLvNfFPczoNKo/AnRrFcQPee7vE=,nO8jH5Lf7LTtk6v28gD1Ye8Vgik=
16,4,mLvNfFPczoNKo/AnRrFcQPee7vE=,nO8jH5Lf7LTtk6v28gD1Ye8Vgik=
23,4,mLvNfFPczoNKo/AnRrFcQPee7vE=,nO8jH5Lf7LTtk6v28gD1Ye8Vgik=
21,4,mLvNfFPczoNKo/AnRrFcQPee7vE=,nO8jH5Lf7LTtk6v28gD1Ye8Vgik=
23,2,mLvNfFPczoNKo/AnRrFcQPee7vE=,nO8jH5Lf7LTtk6v28gD1Ye8Vgik=
25,0,mLvNfFPczoNKo/AnRrFcQPee7vE=,nO8jH5Lf7LTtk6v28gD1Ye8Vgik=
22,4,mLvNfFPczoNKo/AnRrFcQPee7vE=,nO8jH5Lf7LTtk6v28gD1Ye8Vgik=
