39,-13,WECZqlJNeMW7S6ZcCg4leNp9NLw=,PXne1a/SzkVCuP97n8GhszWZD2w=
38,-13,WECZqlJNeMW7S6ZcCg4leNp9NLw=,PXne1a/SzkVCuP97n8GhszWZD2w=
38,-14,WECZqlJNeMW7S6ZcCg4leNp9NLw=,PXne1a/SzkVCuP97n8GhszWZD2w=
37,-16,WECZqlJNeMW7S6ZcCg4leNp9NLw=,PXne1a/SzkVCuP97n8GhszWZD2w=
37,-14,WECZqlJNeMW7S6ZcCg4leNp9NLw=,PXne1a/SzkVCuP97n8GhszWZD2w=
35,-16,WECZqlJNeMW7S6ZcCg4leNp9NLw=,PXne1a/SzkVCuP97n8GhszWZD2w=
37,-13,WECZqlJNeMW7S6ZcCg4leNp9NLw=,PXne1a/SzkVCuP97n8GhszWZD2w=
36,-13,WECZqlJNeMW7S6ZcCg4leNp9NLw=,PXne1a/SzkVCuP97n8GhszWZD2w=
35,-13,WECZqlJNeMW7S6ZcCg4leNp9NLw=,PXne1a/SzkVCuP97n8GhszWZD2w=
37,-15,WECZqlJNeMW7S6ZcCg4leNp9NLw=,PXne1a/SzkVCuP97n8GhszWZD2w=
36,-15,WECZqlJNeMW7S6ZcCg4leNp9NLw=,PXne1a/SzkVCuP97n8GhszWZD2w=
34,-13,WECZqlJNeMW7S6ZcCg4leNp9NLw=,PXne1a/SzkVCuP97n8GhszWZD2w=
33,-16,WECZqlJNeMW7S6ZcCg4leNp9NLw=,PXne1a/SzkVCuP97n8GhszWZD2w=
36,-14,WECZqlJNeMW7S6ZcCg4leNp9NLw=,PXne1a/SzkVCuP97n8GhszWZD2w=
47,-1,WECZqlJNeMW7S6ZcCg4leNp9NLw=,PXne1a/SzkVCuP97n8GhszWZD2w=
46,-1,WECZqlJNeMW7S6ZcCg4leNp9NLw=,PXne1a/SzkVCuP97n8GhszWZD2w=
45,-1,WECZqlJNeMW7S6ZcCg4leNp9NLw=,PXne1a/SzkVCuP97n8GhszWZD2w=
44,-1,WECZqlJNeMW7S6ZcCg4leNp9NLw=,PXne1a/SzkVCuP97n8GhszWZD2w=
43,-1,WECZqlJNeMW7S6ZcCg4leNp9NLw=,PXne1a/SzkVCuP97n8GhszWZD2w=
42,-1,WECZqlJNeMW7S6ZcCg4leNp9NLw=,PXne1a/SzkVCuP97n8GhszWZD2w=
41,-1,WECZqlJNeMW7S6ZcCg4leNp9NLw=,PXne1a/SzkVCuP97n8GhszWZD2w=
40,-1,WECZqlJNeMW7S6ZcCg4leNp9NLw=,PXne1a/SzkVCuP97n8GhszWZD2w=
39,-1,WECZqlJNeMW7S6ZcCg4leNp9NLw=,PXne1a/SzkVCuP97n8GhszWZD2w=
37,-1,WECZqlJNeMW7S6ZcCg4leNp9NLw=,PXne1a/SzkVCuP97n8GhszWZD2w=
36,-1,WECZqlJNeMW7S6ZcCg4leNp9NLw=,PXne1a/SzkVCuP97n8GhszWZD2w=
38,-1,WECZqlJNeMW7S6ZcCg4leNp9NLw=,PXne1a/SzkVCuP97n8GhszWZD2w=
35,-1,WECZqlJNeMW7S6ZcCg4leNp9NLw=,PXne1a/SzkVCuP97n8GhszWZD2w=
34,-1,WECZqlJNeMW7S6ZcCg4leNp9NLw=,PXne1a/SzkVCuP97n8GhszWZD2w=
33,-1,WECZqlJNeMW7S6ZcCg4leNp9NLw=,PXne1a/SzkVCuP97n8GhszWZD2w=
36,-16,WECZqlJNeMW7S6ZcCg4leNp9NLw=,PXne1a/SzkVCuP97n8GhszWZD2w=
35,-14,WECZqlJNeMW7S6ZcCg4leNp9NLw=,PXne1a/SzkVCuP97n8GhszWZD2w=
33,-13,WECZqlJNeMW7S6ZcCg4leNp9NLw=,PXne1a/SzkVCuP97n8GhszWZD2w=
46,-2,WECZqlJNeMW7S6ZcCg4leNp9NLw=,PXne1a/SzkVCuP97n8GhszWZD2w=
47,-2,WECZqlJNeMW7S6ZcCg4leNp9NLw=,PXne1a/SzkVCuP97n8GhszWZD2w=
45,-2,WECZqlJNeMW7S6ZcCg4leNp9NLw=,PXne1a/SzkVCuP97n8GhszWZD2w=
44,-2,WECZqlJNeMW7S6ZcCg4leNp9NLw=,PXne1a/SzkVCuP97n8GhszWZD2w=
43,-2,WECZqlJNeMW7S6ZcCg4leNp9NLw=,PXne1a/SzkVCuP97n8GhszWZD2w=
42,-2,WECZqlJNeMW7S6ZcCg4leNp9NLw=,PXne1a/SzkVCuP97n8GhszWZD2w=
41,-2,WECZqlJNeMW7S6ZcCg4leNp9NLw=,PXne1a/SzkVCuP97n8GhszWZD2w=
40,-2,WECZqlJNeMW7S6ZcCg4leNp9NLw=,PXne1a/SzkVCuP97n8GhszWZD2w=
39,-2,WECZqlJNeMW7S6ZcCg4leNp9NLw=,PXne1a/SzkVCuP97n8GhszWZD2w=
38,-2,WECZqlJNeMW7S6ZcCg4leNp9NLw=,PXne1a/SzkVCuP97n8GhszWZD2w=
37,-2,WECZqlJNeMW7S6ZcCg4leNp9NLw=,PXne1a/SzkVCuP97n8GhszWZD2w=
36,-2,WECZqlJNeMW7S6ZcCg4leNp9NLw=,PXne1a/SzkVCuP97n8GhszWZD2w=
35,-2,WECZqlJNeMW7S6ZcCg4leNp9NLw=,PXne1a/SzkVCuP97n8GhszWZD2w=
34,-2,WECZqlJNeMW7S6ZcCg4leNp9NLw=,PXne1a/SzkVCuP97n8GhszWZD2w=
33,-2,WECZqlJNeMW7S6ZcCg4leNp9NLw=,PXne1a/SzkVCuP97n8GhszWZD2w=
35,-15,WECZqlJNeMW7S6ZcCg4leNp9NLw=,PXne1a/SzkVCuP97n8GhszWZD2w=
34,-14,WECZqlJNeMW7S6ZcCg4leNp9NLw=,PXne1a/SzkVCuP97n8GhszWZD2w=
47,-3,WECZqlJNeMW7S6ZcCg4leNp9NLw=,PXne1a/SzkVCuP97n8GhszWZD2w=
45,-3,WECZqlJNeMW7S6ZcCg4leNp9NLw=,PXne1a/SzkVCuP97n8GhszWZD2w=
46,-3,WECZqlJNeMW7S6ZcCg4leNp9NLw=,PXne1a/SzkVCuP97n8GhszWZD2w=
44,-3,WECZqlJNeMW7S6ZcCg4leNp9NLw=,PXne1a/SzkVCuP97n8GhszWZD2w=
43,-3,WECZqlJNeMW7S6ZcCg4leNp9NLw=,PXne1a/SzkVCuP97n8GhszWZD2w=
41,-3,WECZqlJNeMW7S6ZcCg4leNp9NLw=,PXne1a/SzkVCuP97n8GhszWZD2w=
40,-3,WECZqlJNeMW7S6ZcCg4leNp9NLw=,PXne1a/SzkVCuP97n8GhszWZD2w=
42,-3,WECZqlJNeMW7S6ZcCg4leNp9NLw=,PXne1a/SzkVCuP97n8GhszWZD2w=
39,-3,WECZqlJNeMW7S6ZcCg4leNp9NLw=,PXne1a/SzkVCuP97n8GhszWZD2w=
37,-3,WECZqlJNeMW7S6ZcCg4leNp9NLw=,PXne1a/SzkVCuP97n8GhszWZD2w=
36,-3,WECZqlJNeMW7S6ZcCg4leNp9NLw=,PXne1a/SzkVCuP97n8GhszWZD2w=
35,-3,WECZqlJNeMW7S6ZcCg4leNp9NLw=,PXne1a/SzkVCuP97n8GhszWZD2w=
38,-3,WECZqlJNeMW7S6ZcCg4leNp9NLw=,PXne1a/SzkVCuP97n8GhszWZD2w=
34,-3,WECZqlJNeMW7S6ZcCg4leNp9NLw=,PXne1a/SzkVCuP97n8GhszWZD2w=
33,-3,WECZqlJNeMW7S6ZcCg4leNp9NLw=,PXne1a/SzkVCuP97n8GhszWZD2w=
34,-15,WECZqlJNeMW7S6ZcCg4leNp9NLw=,PXne1a/SzkVCuP97n8GhszWZD2w=
47,-4,WECZqlJNeMW7S6ZcCg4leNp9NLw=,PXne1a/SzkVCuP97n8GhszWZD2w=
33,-14,WECZqlJNeMW7S6ZcCg4leNp9NLw=,PXne1a/SzkVCuP97n8GhszWZD2w=
46,-4,WECZqlJNeMW7S6ZcCg4leNp9NLw=,PXne1a/SzkVCuP97n8GhszWZD2w=
45,-4,WECZqlJNeMW7S6ZcCg4leNp9NLw=,PXne1a/SzkVCuP97n8GhszWZD2w=
44,-4,WECZqlJNeMW7S6ZcCg4leNp9NLw=,PXne1a/SzkVCuP97n8GhszWZD2w=
43,-4,WECZqlJNeMW7S6ZcCg4leNp9NLw=,PXne1a/SzkVCuP97n8GhszWZD2w=
42,-4,WECZqlJNeMW7S6ZcCg4leNp9NLw=,PXne1a/SzkVCuP97n8GhszWZD2w=
41,-4,WECZqlJNeMW7S6ZcCg4leNp9NLw=,PXne1a/SzkVCuP97n8GhszWZD2w=
40,-4,WECZqlJNeMW7S6ZcCg4leNp9NLw=,PXne1a/SzkVCuP97n8GhszWZD2w=
39,-4,WECZqlJNeMW7S6ZcCg4leNp9NLw=,PXne1a/SzkVCuP97n8GhszWZD2w=
38,-4,WECZqlJNeMW7S6ZcCg4leNp9NLw=,PXne1a/SzkVCuP97n8GhszWZD2w=
37,-4,WECZqlJNeMW7S6ZcCg4leNp9NLw=,PXne1a/SzkVCuP97n8GhszWZD2w=
35,-4,WECZqlJNeMW7S6ZcCg4leNp9NLw=,PXne1a/SzkVCuP97n8GhszWZD2w=
36,-4,WECZqlJNeMW7S6ZcCg4leNp9NLw=,PXne1a/SzkVCuP97n8GhszWZD2w=
34,-4,WECZqlJNeMW7S6ZcCg4leNp9NLw=,PXne1a/SzkVCuP97n8GhszWZD2w=
33,-15,WECZqlJNeMW7S6ZcCg4leNp9NLw=,PXne1a/SzkVCuP97n8GhszWZD2w=
33,-4,WECZqlJNeMW7S6ZcCg4leNp9NLw=,PXne1a/SzkVCuP97n8GhszWZD2w=
34,-16,WECZqlJNeMW7S6ZcCg4leNp9NLw=,PXne1a/SzkVCuP97n8GhszWZD2w=
47,-14,WECZqlJNeMW7S6ZcCg4leNp9NLw=,PXne1a/SzkVCuP97n8GhszWZD2w=
46,-16,WECZqlJNeMW7S6ZcCg4leNp9NLw=,PXne1a/SzkVCuP97n8GhszWZD2w=
47,-15,WECZqlJNeMW7S6ZcCg4leNp9NLw=,PXne1a/SzkVCuP97n8GhszWZD2w=
47,-16,WECZqlJNeMW7S6ZcCg4leNp9NLw=,PXne1a/SzkVCuP97n8GhszWZD2w=
46,-15,WECZqlJNeMW7S6ZcCg4leNp9NLw=,PXne1a/SzkVCuP97n8GhszWZD2w=
46,-5,WECZqlJNeMW7S6ZcCg4leNp9NLw=,PXne1a/SzkVCuP97n8GhszWZD2w=
47,-5,WECZqlJNeMW7S6ZcCg4leNp9NLw=,PXne1a/SzkVCuP97n8GhszWZD2w=
45,-5,WECZqlJNeMW7S6ZcCg4leNp9NLw=,PXne1a/SzkVCuP97n8GhszWZD2w=
44,-5,WECZqlJNeMW7S6ZcCg4leNp9NLw=,PXne1a/SzkVCuP97n8GhszWZD2w=
42,-5,WECZqlJNeMW7S6ZcCg4leNp9NLw=,PXne1a/SzkVCuP97n8GhszWZD2w=
43,-5,WECZqlJNeMW7S6ZcCg4leNp9NLw=,PXne1a/SzkVCuP97n8GhszWZD2w=
41,-5,WECZqlJNeMW7S6ZcCg4leNp9NLw=,PXne1a/SzkVCuP97n8GhszWZD2w=
40,-5,WECZqlJNeMW7S6ZcCg4leNp9NLw=,PXne1a/SzkVCuP97n8GhszWZD2w=
39,-5,WECZqlJNeMW7S6ZcCg4leNp9NLw=,PXne1a/SzkVCuP97n8GhszWZD2w=
37,-5,WECZqlJNeMW7S6ZcCg4leNp9NLw=,PXne1a/SzkVCuP97n8GhszWZD2w=
38,-5,WECZqlJNeMW7S6ZcCg4leNp9NLw=,PXne1a/SzkVCuP97n8GhszWZD2w=
36,-5,WECZqlJNeMW7S6ZcCg4leNp9NLw=,PXne1a/SzkVCuP97n8GhszWZD2w=
34,-5,WECZqlJNeMW7S6ZcCg4leNp9NLw=,PXne1a/SzkVCuP97n8GhszWZD2w=
33,-5,WECZqlJNeMW7S6ZcCg4leNp9NLw=,PXne1a/SzkVCuP97n8GhszWZD2w=
35,-5,WECZqlJNeMW7S6ZcCg4leNp9NLw=,PXne1a/SzkVCuP97n8GhszWZD2w=
46,-14,WECZqlJNeMW7S6ZcCg4leNp9NLw=,PXne1a/SzkVCuP97n8GhszWZD2w=
46,-6,WECZqlJNeMW7S6ZcCg4leNp9NLw=,PXne1a/SzkVCuP97n8GhszWZD2w=
45,-15,WECZqlJNeMW7S6ZcCg4leNp9NLw=,PXne1a/SzkVCuP97n8GhszWZD2w=
45,-16,WECZqlJNeMW7S6ZcCg4leNp9NLw=,PXne1a/SzkVCuP97n8GhszWZD2w=
47,-6,WECZqlJNeMW7S6ZcCg4leNp9NLw=,PXne1a/SzkVCuP97n8GhszWZD2w=
44,-6,WECZqlJNeMW7S6ZcCg4leNp9NLw=,PXne1a/SzkVCuP97n8GhszWZD2w=
45,-6,WECZqlJNeMW7S6ZcCg4leNp9NLw=,PXne1a/SzkVCuP97n8GhszWZD2w=
43,-6,WECZqlJNeMW7S6ZcCg4leNp9NLw=,PXne1a/SzkVCuP97n8GhszWZD2w=
42,-6,WECZqlJNeMW7S6ZcCg4leNp9NLw=,PXne1a/SzkVCuP97n8GhszWZD2w=
40,-6,WECZqlJNeMW7S6ZcCg4leNp9NLw=,PXne1a/SzkVCuP97n8GhszWZD2w=
41,-6,WECZqlJNeMW7S6ZcCg4leNp9NLw=,PXne1a/SzkVCuP97n8GhszWZD2w=
39,-6,WECZqlJNeMW7S6ZcCg4leNp9NLw=,PXne1a/SzkVCuP97n8GhszWZD2w=
38,-6,WECZqlJNeMW7S6ZcCg4leNp9NLw=,PXne1a/SzkVCuP97n8GhszWZD2w=
36,-6,WECZqlJNeMW7S6ZcCg4leNp9NLw=,PXne1a/SzkVCuP97n8GhszWZD2w=
37,-6,WECZqlJNeMW7S6ZcCg4leNp9NLw=,PXne1a/SzkVCuP97n8GhszWZD2w=
33,-6,WECZqlJNeMW7S6ZcCg4leNp9NLw=,PXne1a/SzkVCuP97n8GhszWZD2w=
34,-6,WECZqlJNeMW7S6ZcCg4leNp9NLw=,PXne1a/SzkVCuP97n8GhszWZD2w=
35,-6,WECZqlJNeMW7S6ZcCg4leNp9NLw=,PXne1a/SzkVCuP97n8GhszWZD2w=
44,-16,WECZqlJNeMW7S6ZcCg4leNp9NLw=,PXne1a/SzkVCuP97n8GhszWZD2w=
47,-7,WECZqlJNeMW7S6ZcCg4leNp9NLw=,PXne1a/SzkVCuP97n8GhszWZD2w=
45,-14,WECZqlJNeMW7S6ZcCg4leNp9NLw=,PXne1a/SzkVCuP97n8GhszWZD2w=
46,-7,WECZqlJNeMW7S6ZcCg4leNp9NLw=,PXne1a/SzkVCuP97n8GhszWZD2w=
45,-7,WECZqlJNeMW7S6ZcCg4leNp9NLw=,PXne1a/SzkVCuP97n8GhszWZD2w=
44,-15,WECZqlJNeMW7S6ZcCg4leNp9NLw=,PXne1a/SzkVCuP97n8GhszWZD2w=
44,-7,WECZqlJNeMW7S6ZcCg4leNp9NLw=,PXne1a/SzkVCuP97n8GhszWZD2w=
42,-7,WECZqlJNeMW7S6ZcCg4leNp9NLw=,PXne1a/SzkVCuP97n8GhszWZD2w=
43,-7,WECZqlJNeMW7S6ZcCg4leNp9NLw=,PXne1a/SzkVCuP97n8GhszWZD2w=
41,-7,WECZqlJNeMW7S6ZcCg4leNp9NLw=,PXne1a/SzkVCuP97n8GhszWZD2w=
39,-7,WECZqlJNeMW7S6ZcCg4leNp9NLw=,PXne1a/SzkVCuP97n8GhszWZD2w=
40,-7,WECZqlJNeMW7S6ZcCg4leNp9NLw=,PXne1a/SzkVCuP97n8GhszWZD2w=
38,-7,WECZqlJNeMW7S6ZcCg4leNp9NLw=,PXne1a/SzkVCuP97n8GhszWZD2w=
36,-7,WECZqlJNeMW7S6ZcCg4leNp9NLw=,PXne1a/SzkVCuP97n8GhszWZD2w=
37,-7,WECZqlJNeMW7S6ZcCg4leNp9NLw=,PXne1a/SzkVCuP97n8GhszWZD2w=
34,-7,WECZqlJNeMW7S6ZcCg4leNp9NLw=,PXne1a/SzkVCuP97n8GhszWZD2w=
35,-7,WECZqlJNeMW7S6ZcCg4leNp9NLw=,PXne1a/SzkVCuP97n8GhszWZD2w=
33,-7,WECZqlJNeMW7S6ZcCg4leNp9NLw=,PXne1a/SzkVCuP97n8GhszWZD2w=
43,-16,WECZqlJNeMW7S6ZcCg4leNp9NLw=,PXne1a/SzkVCuP97n8GhszWZD2w=
47,-8,WECZqlJNeMW7S6ZcCg4leNp9NLw=,PXne1a/SzkVCuP97n8GhszWZD2w=
44,-14,WECZqlJNeMW7S6ZcCg4leNp9NLw=,PXne1a/SzkVCuP97n8GhszWZD2w=
43,-15,WECZqlJNeMW7S6ZcCg4leNp9NLw=,PXne1a/SzkVCuP97n8GhszWZD2w=
46,-8,WECZqlJNeMW7S6ZcCg4leNp9NLw=,PXne1a/SzkVCuP97n8GhszWZD2w=
45,-8,WECZqlJNeMW7S6ZcCg4leNp9NLw=,PXne1a/SzkVCuP97n8GhszWZD2w=
43,-8,WECZqlJNeMW7S6ZcCg4leNp9NLw=,PXne1a/SzkVCuP97n8GhszWZD2w=
42,-8,WECZqlJNeMW7S6ZcCg4leNp9NLw=,PXne1a/SzkVCuP97n8GhszWZD2w=
44,-8,WECZqlJNeMW7S6ZcCg4leNp9NLw=,PXne1a/SzkVCuP97n8GhszWZD2w=
40,-8,WECZqlJNeMW7S6ZcCg4leNp9NLw=,PXne1a/SzkVCuP97n8GhszWZD2w=
41,-8,WECZqlJNeMW7S6ZcCg4leNp9NLw=,PXne1a/SzkVCuP97n8GhszWZD2w=
39,-8,WECZqlJNeMW7S6ZcCg4leNp9NLw=,PXne1a/SzkVCuP97n8GhszWZD2w=
36,-8,WECZqlJNeMW7S6ZcCg4leNp9NLw=,PXne1a/SzkVCuP97n8GhszWZD2w=
38,-8,WECZqlJNeMW7S6ZcCg4leNp9NLw=,PXne1a/SzkVCuP97n8GhszWZD2w=
37,-8,WECZqlJNeMW7S6ZcCg4leNp9NLw=,PXne1a/SzkVCuP97n8GhszWZD2w=
35,-8,WECZqlJNeMW7S6ZcCg4leNp9NLw=,PXne1a/SzkVCuP97n8GhszWZD2w=
34,-8,WECZqlJNeMW7S6ZcCg4leNp9NLw=,PXne1a/SzkVCuP97n8GhszWZD2w=
33,-8,WECZqlJNeMW7S6ZcCg4leNp9NLw=,PXne1a/SzkVCuP97n8GhszWZD2w=
42,-16,WECZqlJNeMW7S6ZcCg4leNp9NLw=,PXne1a/SzkVCuP97n8GhszWZD2w=
43,-14,WECZqlJNeMW7S6ZcCg4leNp9NLw=,PXne1a/SzkVCuP97n8GhszWZD2w=
47,-9,WECZqlJNeMW7S6ZcCg4leNp9NLw=,PXne1a/SzkVCuP97n8GhszWZD2w=
46,-9,WECZqlJNeMW7S6ZcCg4leNp9NLw=,PXne1a/SzkVCuP97n8GhszWZD2w=
42,-15,WECZqlJNeMW7S6ZcCg4leNp9NLw=,PXne1a/SzkVCuP97n8GhszWZD2w=
45,-9,WECZqlJNeMW7S6ZcCg4leNp9NLw=,PXne1a/SzkVCuP97n8GhszWZD2w=
44,-9,WECZqlJNeMW7S6ZcCg4leNp9NLw=,PXne1a/SzkVCuP97n8GhszWZD2w=
43,-9,WECZqlJNeMW7S6ZcCg4leNp9NLw=,PXne1a/SzkVCuP97n8GhszWZD2w=
42,-9,WECZqlJNeMW7S6ZcCg4leNp9NLw=,PXne1a/SzkVCuP97n8GhszWZD2w=
41,-9,WECZqlJNeMW7S6ZcCg4leNp9NLw=,PXne1a/SzkVCuP97n8GhszWZD2w=
39,-9,WECZqlJNeMW7S6ZcCg4leNp9NLw=,PXne1a/SzkVCuP97n8GhszWZD2w=
38,-9,WECZqlJNeMW7S6ZcCg4leNp9NLw=,PXne1a/SzkVCuP97n8GhszWZD2w=
40,-9,WECZqlJNeMW7S6ZcCg4leNp9NLw=,PXne1a/SzkVCuP97n8GhszWZD2w=
37,-9,WECZqlJNeMW7S6ZcCg4leNp9NLw=,PXne1a/SzkVCuP97n8GhszWZD2w=
35,-9,WECZqlJNeMW7S6ZcCg4leNp9NLw=,PXne1a/SzkVCuP97n8GhszWZD2w=
36,-9,WECZqlJNeMW7S6ZcCg4leNp9NLw=,PXne1a/SzkVCuP97n8GhszWZD2w=
34,-9,WECZqlJNeMW7S6ZcCg4leNp9NLw=,PXne1a/SzkVCuP97n8GhszWZD2w=
33,-9,WECZqlJNeMW7S6ZcCg4leNp9NLw=,PXne1a/SzkVCuP97n8GhszWZD2w=
42,-14,WECZqlJNeMW7S6ZcCg4leNp9NLw=,PXne1a/SzkVCuP97n8GhszWZD2w=
41,-16,WECZqlJNeMW7S6ZcCg4leNp9NLw=,PXne1a/SzkVCuP97n8GhszWZD2w=
41,-15,WECZqlJNeMW7S6ZcCg4leNp9NLw=,PXne1a/SzkVCuP97n8GhszWZD2w=
47,-10,WECZqlJNeMW7S6ZcCg4leNp9NLw=,PXne1a/SzkVCuP97n8GhszWZD2w=
46,-10,WECZqlJNeMW7S6ZcCg4leNp9NLw=,PXne1a/SzkVCuP97n8GhszWZD2w=
44,-10,WECZqlJNeMW7S6ZcCg4leNp9NLw=,PXne1a/SzkVCuP97n8GhszWZD2w=
45,-10,WECZqlJNeMW7S6ZcCg4leNp9NLw=,PXne1a/SzkVCuP97n8GhszWZD2w=
42,-10,WECZqlJNeMW7S6ZcCg4leNp9NLw=,PXne1a/SzkVCuP97n8GhszWZD2w=
41,-10,WECZqlJNeMW7S6ZcCg4leNp9NLw=,PXne1a/SzkVCuP97n8GhszWZD2w=
43,-10,WECZqlJNeMW7S6ZcCg4leNp9NLw=,PXne1a/SzkVCuP97n8GhszWZD2w=
39,-10,WECZqlJNeMW7S6ZcCg4leNp9NLw=,PXne1a/SzkVCuP97n8GhszWZD2w=
38,-10,WECZqlJNeMW7S6ZcCg4leNp9NLw=,PXne1a/SzkVCuP97n8GhszWZD2w=
40,-10,WECZqlJNeMW7S6ZcCg4leNp9NLw=,PXne1a/SzkVCuP97n8GhszWZD2w=
37,-10,WECZqlJNeMW7S6ZcCg4leNp9NLw=,PXne1a/SzkVCuP97n8GhszWZD2w=
36,-10,WECZqlJNeMW7S6ZcCg4leNp9NLw=,PXne1a/SzkVCuP97n8GhszWZD2w=
34,-10,WECZqlJNeMW7S6ZcCg4leNp9NLw=,PXne1a/SzkVCuP97n8GhszWZD2w=
35,-10,WECZqlJNeMW7S6ZcCg4leNp9NLw=,PXne1a/SzkVCuP97n8GhszWZD2w=
33,-10,WECZqlJNeMW7S6ZcCg4leNp9NLw=,PXne1a/SzkVCuP97n8GhszWZD2w=
40,-16,WECZqlJNeMW7S6ZcCg4leNp9NLw=,PXne1a/SzkVCuP97n8GhszWZD2w=
41,-14,WECZqlJNeMW7S6ZcCg4leNp9NLw=,PXne1a/SzkVCuP97n8GhszWZD2w=
47,-11,WECZqlJNeMW7S6ZcCg4leNp9NLw=,PXne1a/SzkVCuP97n8GhszWZD2w=
46,-11,WECZqlJNeMW7S6ZcCg4leNp9NLw=,PXne1a/SzkVCuP97n8GhszWZD2w=
40,-15,WECZqlJNeMW7S6ZcCg4leNp9NLw=,PXne1a/SzkVCuP97n8GhszWZD2w=
45,-11,WECZqlJNeMW7S6ZcCg4leNp9NLw=,PXne1a/SzkVCuP97n8GhszWZD2w=
44,-11,WECZqlJNeMW7S6ZcCg4leNp9NLw=,PXne1a/SzkVCuP97n8GhszWZD2w=
43,-11,WECZqlJNeMW7S6ZcCg4leNp9NLw=,PXne1a/SzkVCuP97n8GhszWZD2w=
41,-11,WECZqlJNeMW7S6ZcCg4leNp9NLw=,PXne1a/SzkVCuP97n8GhszWZD2w=
42,-11,WECZqlJNeMW7S6ZcCg4leNp9NLw=,PXne1a/SzkVCuP97n8GhszWZD2w=
40,-11,WECZqlJNeMW7S6ZcCg4leNp9NLw=,PXne1a/SzkVCuP97n8GhszWZD2w=
39,-11,WECZqlJNeMW7S6ZcCg4leNp9NLw=,PXne1a/SzkVCuP97n8GhszWZD2w=
36,-11,WECZqlJNeMW7S6ZcCg4leNp9NLw=,PXne1a/SzkVCuP97n8GhszWZD2w=
38,-11,WECZqlJNeMW7S6ZcCg4leNp9NLw=,PXne1a/SzkVCuP97n8GhszWZD2w=
35,-11,WECZqlJNeMW7S6ZcCg4leNp9NLw=,PXne1a/SzkVCuP97n8GhszWZD2w=
37,-11,WECZqlJNeMW7S6ZcCg4leNp9NLw=,PXne1a/SzkVCuP97n8GhszWZD2w=
34,-11,WECZqlJNeMW7S6ZcCg4leNp9NLw=,PXne1a/SzkVCuP97n8GhszWZD2w=
33,-11,WECZqlJNeMW7S6ZcCg4leNp9NLw=,PXne1a/SzkVCuP97n8GhszWZD2w=
40,-14,WECZqlJNeMW7S6ZcCg4leNp9NLw=,PXne1a/SzkVCuP97n8GhszWZD2w=
47,-12,WECZqlJNeMW7S6ZcCg4leNp9NLw=,PXne1a/SzkVCuP97n8GhszWZD2w=
39,-16,WECZqlJNeMW7S6ZcCg4leNp9NLw=,PXne1a/SzkVCuP97n8GhszWZD2w=
39,-15,WECZqlJNeMW7S6ZcCg4leNp9NLw=,PXne1a/SzkVCuP97n8GhszWZD2w=
46,-12,WECZqlJNeMW7S6ZcCg4leNp9NLw=,PXne1a/SzkVCuP97n8GhszWZD2w=
45,-12,WECZqlJNeMW7S6ZcCg4leNp9NLw=,PXne1a/SzkVCuP97n8GhszWZD2w=
43,-12,WECZqlJNeMW7S6ZcCg4leNp9NLw=,PXne1a/SzkVCuP97n8GhszWZD2w=
42,-12,WECZqlJNeMW7S6ZcCg4leNp9NLw=,PXne1a/SzkVCuP97n8GhszWZD2w=
44,-12,WECZqlJNeMW7S6ZcCg4leNp9NLw=,PXne1a/SzkVCuP97n8GhszWZD2w=
41,-12,WECZqlJNeMW7S6ZcCg4leNp9NLw=,PXne1a/SzkVCuP97n8GhszWZD2w=
40,-12,WECZqlJNeMW7S6ZcCg4leNp9NLw=,PXne1a/SzkVCuP97n8GhszWZD2w=
39,-12,WECZqlJNeMW7S6ZcCg4leNp9NLw=,PXne1a/SzkVCuP97n8GhszWZD2w=
38,-12,WECZqlJNeMW7S6ZcCg4leNp9NLw=,PXne1a/SzkVCuP97n8GhszWZD2w=
37,-12,WECZqlJNeMW7S6ZcCg4leNp9NLw=,PXne1a/SzkVCuP97n8GhszWZD2w=
36,-12,WECZqlJNeMW7S6ZcCg4leNp9NLw=,PXne1a/SzkVCuP97n8GhszWZD2w=
35,-12,WECZqlJNeMW7S6ZcCg4leNp9NLw=,PXne1a/SzkVCuP97n8GhszWZD2w=
34,-12,WECZqlJNeMW7S6ZcCg4leNp9NLw=,PXne1a/SzkVCuP97n8GhszWZD2w=
33,-12,WECZqlJNeMW7S6ZcCg4leNp9NLw=,PXne1a/SzkVCuP97n8GhszWZD2w=
38,-16,WECZqlJNeMW7S6ZcCg4leNp9NLw=,PXne1a/SzkVCuP97n8GhszWZD2w=
39,-14,WECZqlJNeMW7S6ZcCg4leNp9NLw=,PXne1a/SzkVCuP97n8GhszWZD2w=
47,-13,WECZqlJNeMW7S6ZcCg4leNp9NLw=,PXne1a/SzkVCuP97n8GhszWZD2w=
46,-13,WECZqlJNeMW7S6ZcCg4leNp9NLw=,PXne1a/SzkVCuP97n8GhszWZD2w=
38,-15,WECZqlJNeMW7S6ZcCg4leNp9NLw=,PXne1a/SzkVCuP97n8GhszWZD2w=
44,-13,WECZqlJNeMW7S6ZcCg4leNp9NLw=,PXne1a/SzkVCuP97n8GhszWZD2w=
45,-13,WECZqlJNeMW7S6ZcCg4leNp9NLw=,PXne1a/SzkVCuP97n8GhszWZD2w=
43,-13,WECZqlJNeMW7S6ZcCg4leNp9NLw=,PXne1a/SzkVCuP97n8GhszWZD2w=
32,-12,WECZqlJNeMW7S6ZcCg4leNp9NLw=,PXne1a/SzkVCuP97n8GhszWZD2w=
42,-13,WECZqlJNeMW7S6ZcCg4leNp9NLw=,PXne1a/SzkVCuP97n8GhszWZD2w=
32,-11,WECZqlJNeMW7S6ZcCg4leNp9NLw=,PXne1a/SzkVCuP97n8GhszWZD2w=
32,-9,WECZqlJNeMW7S6ZcCg4leNp9NLw=,PXne1a/SzkVCuP97n8GhszWZD2w=
32,-10,WECZqlJNeMW7S6ZcCg4leNp9NLw=,PXne1a/SzkVCuP97n8GhszWZD2w=
32,-8,WECZqlJNeMW7S6ZcCg4leNp9NLw=,PXne1a/SzkVCuP97n8GhszWZD2w=
41,-13,WECZqlJNeMW7S6ZcCg4leNp9NLw=,PXne1a/SzkVCuP97n8GhszWZD2w=
32,-16,WECZqlJNeMW7S6ZcCg4leNp9NLw=,PXne1a/SzkVCuP97n8GhszWZD2w=
32,-6,WECZqlJNeMW7S6ZcCg4leNp9NLw=,PXne1a/SzkVCuP97n8GhszWZD2w=
32,-5,WECZqlJNeMW7S6ZcCg4leNp9NLw=,PXne1a/SzkVCuP97n8GhszWZD2w=
40,-13,WECZqlJNeMW7S6ZcCg4leNp9NLw=,PXne1a/SzkVCuP97n8GhszWZD2w=
32,-7,WECZqlJNeMW7S6ZcCg4leNp9NLw=,PXne1a/SzkVCuP97n8GhszWZD2w=
32,-14,WECZqlJNeMW7S6ZcCg4leNp9NLw=,PXne1a/SzkVCuP97n8GhszWZD2w=
32,-13,WECZqlJNeMW7S6ZcCg4leNp9NLw=,PXne1a/SzkVCuP97n8GhszWZD2w=
32,-4,WECZqlJNeMW7S6ZcCg4leNp9NLw=,PXne1a/SzkVCuP97n8GhszWZD2w=
32,-15,WECZqlJNeMW7S6ZcCg4leNp9NLw=,PXne1a/SzkVCuP97n8GhszWZD2w=
32,-3,WECZqlJNeMW7S6ZcCg4leNp9NLw=,PXne1a/SzkVCuP97n8GhszWZD2w=
32,-2,WECZqlJNeMW7S6ZcCg4leNp9NLw=,PXne1a/SzkVCuP97n8GhszWZD2w=
32,-1,WECZqlJNeMW7S6ZcCg4leNp9NLw=,PXne1a/SzkVCuP97n8GhszWZD2w=
