-2,-11,vWBEzz9fz0lCEmO2pH9gctqg3po=,HoOr5zLXOJP4OQcCQ5PZ6Z5gX3M=
-2,-10,vWBEzz9fz0lCEmO2pH9gctqg3po=,HoOr5zLXOJP4OQcCQ5PZ6Z5gX3M=
-3,-10,vWBEzz9fz0lCEmO2pH9gctqg3po=,HoOr5zLXOJP4OQcCQ5PZ6Z5gX3M=
-3,-11,vWBEzz9fz0lCEmO2pH9gctqg3po=,HoOr5zLXOJP4OQcCQ5PZ6Z5gX3M=
-2,-8,vWBEzz9fz0lCEmO2pH9gctqg3po=,Ma/oXCMQbwul6dYkdlNQDpFmbrs=
-3,-8,vWBEzz9fz0lCEmO2pH9gctqg3po=,Ma/oXCMQbwul6dYkdlNQDpFmbrs=
-3,-6,vWBEzz9fz0lCEmO2pH9gctqg3po=,Ma/oXCMQbwul6dYkdlNQDpFmbrs=
-2,-7,vWBEzz9fz0lCEmO2pH9gctqg3po=,Ma/oXCMQbwul6dYkdlNQDpFmbrs=
-3,-7,vWBEzz9fz0lCEmO2pH9gctqg3po=,Ma/oXCMQbwul6dYkdlNQDpFmbrs=
-2,-9,vWBEzz9fz0lCEmO2pH9gctqg3po=,HoOr5zLXOJP4OQcCQ5PZ6Z5gX3M=
-4,-6,vWBEzz9fz0lCEmO2pH9gctqg3po=,Ma/oXCMQbwul6dYkdlNQDpFmbrs=
-3,-9,vWBEzz9fz0lCEmO2pH9gctqg3po=,HoOr5zLXOJP4OQcCQ5PZ6Z5gX3M=
-4,-7,vWBEzz9fz0lCEmO2pH9gctqg3po=,Ma/oXCMQbwul6dYkdlNQDpFmbrs=
-2,-6,vWBEzz9fz0lCEmO2pH9gctqg3po=,Ma/oXCMQbwul6dYkdlNQDpFmbrs=
-10,-3,vWBEzz9fz0lCEmO2pH9gctqg3po=,wDuMLjI8xcV2mjl3wyMiH9lDc2Q=
-11,-3,vWBEzz9fz0lCEmO2pH9gctqg3po=,wDuMLjI8xcV2mjl3wyMiH9lDc2Q=
-11,-2,vWBEzz9fz0lCEmO2pH9gctqg3po=,wDuMLjI8xcV2mjl3wyMiH9lDc2Q=
-6,-3,vWBEzz9fz0lCEmO2pH9gctqg3po=,hn7OvN0f2uPFipgo3tSSfyW5vyA=
-7,-4,vWBEzz9fz0lCEmO2pH9gctqg3po=,hn7OvN0f2uPFipgo3tSSfyW5vyA=
-6,-4,vWBEzz9fz0lCEmO2pH9gctqg3po=,hn7OvN0f2uPFipgo3tSSfyW5vyA=
-9,-3,vWBEzz9fz0lCEmO2pH9gctqg3po=,wDuMLjI8xcV2mjl3wyMiH9lDc2Q=
-8,-3,vWBEzz9fz0lCEmO2pH9gctqg3po=,hn7OvN0f2uPFipgo3tSSfyW5vyA=
-7,-3,vWBEzz9fz0lCEmO2pH9gctqg3po=,hn7OvN0f2uPFipgo3tSSfyW5vyA=
-13,-2,vWBEzz9fz0lCEmO2pH9gctqg3po=,UfXhLK7rJ8uyBVm2V45qyjkIjEQ=
-12,-3,vWBEzz9fz0lCEmO2pH9gctqg3po=,wDuMLjI8xcV2mjl3wyMiH9lDc2Q=
-12,-2,vWBEzz9fz0lCEmO2pH9gctqg3po=,wDuMLjI8xcV2mjl3wyMiH9lDc2Q=
-13,-3,vWBEzz9fz0lCEmO2pH9gctqg3po=,UfXhLK7rJ8uyBVm2V45qyjkIjEQ=
-1,-11,vWBEzz9fz0lCEmO2pH9gctqg3po=,HoOr5zLXOJP4OQcCQ5PZ6Z5gX3M=
-1,-10,vWBEzz9fz0lCEmO2pH9gctqg3po=,HoOr5zLXOJP4OQcCQ5PZ6Z5gX3M=
-1,-9,vWBEzz9fz0lCEmO2pH9gctqg3po=,HoOr5zLXOJP4OQcCQ5PZ6Z5gX3M=
-4,-9,vWBEzz9fz0lCEmO2pH9gctqg3po=,HoOr5zLXOJP4OQcCQ5PZ6Z5gX3M=
-4,-11,vWBEzz9fz0lCEmO2pH9gctqg3po=,HoOr5zLXOJP4OQcCQ5PZ6Z5gX3M=
-4,-10,vWBEzz9fz0lCEmO2pH9gctqg3po=,HoOr5zLXOJP4OQcCQ5PZ6Z5gX3M=
-4,-8,vWBEzz9fz0lCEmO2pH9gctqg3po=,Ma/oXCMQbwul6dYkdlNQDpFmbrs=
-3,-12,vWBEzz9fz0lCEmO2pH9gctqg3po=,HoOr5zLXOJP4OQcCQ5PZ6Z5gX3M=
-2,-12,vWBEzz9fz0lCEmO2pH9gctqg3po=,HoOr5zLXOJP4OQcCQ5PZ6Z5gX3M=
-1,-12,vWBEzz9fz0lCEmO2pH9gctqg3po=,HoOr5zLXOJP4OQcCQ5PZ6Z5gX3M=
-1,-7,vWBEzz9fz0lCEmO2pH9gctqg3po=,Ma/oXCMQbwul6dYkdlNQDpFmbrs=
-1,-8,vWBEzz9fz0lCEmO2pH9gctqg3po=,Ma/oXCMQbwul6dYkdlNQDpFmbrs=
-5,-3,vWBEzz9fz0lCEmO2pH9gctqg3po=,hn7OvN0f2uPFipgo3tSSfyW5vyA=
-4,-5,vWBEzz9fz0lCEmO2pH9gctqg3po=,Ma/oXCMQbwul6dYkdlNQDpFmbrs=
-5,-4,vWBEzz9fz0lCEmO2pH9gctqg3po=,hn7OvN0f2uPFipgo3tSSfyW5vyA=
-3,-5,vWBEzz9fz0lCEmO2pH9gctqg3po=,Ma/oXCMQbwul6dYkdlNQDpFmbrs=
-4,-3,vWBEzz9fz0lCEmO2pH9gctqg3po=,w1TtVIY5X4jP2U3oKGbtrOd+OLo=
-16,-3,vWBEzz9fz0lCEmO2pH9gctqg3po=,UfXhLK7rJ8uyBVm2V45qyjkIjEQ=
-16,-2,vWBEzz9fz0lCEmO2pH9gctqg3po=,UfXhLK7rJ8uyBVm2V45qyjkIjEQ=
-14,-4,vWBEzz9fz0lCEmO2pH9gctqg3po=,UfXhLK7rJ8uyBVm2V45qyjkIjEQ=
-6,-2,vWBEzz9fz0lCEmO2pH9gctqg3po=,hn7OvN0f2uPFipgo3tSSfyW5vyA=
-4,-4,vWBEzz9fz0lCEmO2pH9gctqg3po=,w1TtVIY5X4jP2U3oKGbtrOd+OLo=
-11,-4,vWBEzz9fz0lCEmO2pH9gctqg3po=,wDuMLjI8xcV2mjl3wyMiH9lDc2Q=
-12,-4,vWBEzz9fz0lCEmO2pH9gctqg3po=,wDuMLjI8xcV2mjl3wyMiH9lDc2Q=
-9,-4,vWBEzz9fz0lCEmO2pH9gctqg3po=,wDuMLjI8xcV2mjl3wyMiH9lDc2Q=
-10,-4,vWBEzz9fz0lCEmO2pH9gctqg3po=,wDuMLjI8xcV2mjl3wyMiH9lDc2Q=
-8,-4,vWBEzz9fz0lCEmO2pH9gctqg3po=,hn7OvN0f2uPFipgo3tSSfyW5vyA=
-13,-4,vWBEzz9fz0lCEmO2pH9gctqg3po=,UfXhLK7rJ8uyBVm2V45qyjkIjEQ=
-16,-4,vWBEzz9fz0lCEmO2pH9gctqg3po=,UfXhLK7rJ8uyBVm2V45qyjkIjEQ=
-4,-12,vWBEzz9fz0lCEmO2pH9gctqg3po=,HoOr5zLXOJP4OQcCQ5PZ6Z5gX3M=
-5,-2,vWBEzz9fz0lCEmO2pH9gctqg3po=,hn7OvN0f2uPFipgo3tSSfyW5vyA=
-14,-3,vWBEzz9fz0lCEmO2pH9gctqg3po=,UfXhLK7rJ8uyBVm2V45qyjkIjEQ=
-6,-1,vWBEzz9fz0lCEmO2pH9gctqg3po=,hn7OvN0f2uPFipgo3tSSfyW5vyA=
-4,-2,vWBEzz9fz0lCEmO2pH9gctqg3po=,w1TtVIY5X4jP2U3oKGbtrOd+OLo=
-3,-4,vWBEzz9fz0lCEmO2pH9gctqg3po=,w1TtVIY5X4jP2U3oKGbtrOd+OLo=
-3,-2,vWBEzz9fz0lCEmO2pH9gctqg3po=,w1TtVIY5X4jP2U3oKGbtrOd+OLo=
-5,-1,vWBEzz9fz0lCEmO2pH9gctqg3po=,hn7OvN0f2uPFipgo3tSSfyW5vyA=
-7,-2,vWBEzz9fz0lCEmO2pH9gctqg3po=,hn7OvN0f2uPFipgo3tSSfyW5vyA=
-8,-2,vWBEzz9fz0lCEmO2pH9gctqg3po=,hn7OvN0f2uPFipgo3tSSfyW5vyA=
-15,-4,vWBEzz9fz0lCEmO2pH9gctqg3po=,UfXhLK7rJ8uyBVm2V45qyjkIjEQ=
-14,-2,vWBEzz9fz0lCEmO2pH9gctqg3po=,UfXhLK7rJ8uyBVm2V45qyjkIjEQ=
-14,-1,vWBEzz9fz0lCEmO2pH9gctqg3po=,UfXhLK7rJ8uyBVm2V45qyjkIjEQ=
-15,-2,vWBEzz9fz0lCEmO2pH9gctqg3po=,UfXhLK7rJ8uyBVm2V45qyjkIjEQ=
-13,-1,vWBEzz9fz0lCEmO2pH9gctqg3po=,UfXhLK7rJ8uyBVm2V45qyjkIjEQ=
-16,-1,vWBEzz9fz0lCEmO2pH9gctqg3po=,UfXhLK7rJ8uyBVm2V45qyjkIjEQ=
-12,-1,vWBEzz9fz0lCEmO2pH9gctqg3po=,wDuMLjI8xcV2mjl3wyMiH9lDc2Q=
-10,-2,vWBEzz9fz0lCEmO2pH9gctqg3po=,wDuMLjI8xcV2mjl3wyMiH9lDc2Q=
-15,-1,vWBEzz9fz0lCEmO2pH9gctqg3po=,UfXhLK7rJ8uyBVm2V45qyjkIjEQ=
-15,-3,vWBEzz9fz0lCEmO2pH9gctqg3po=,UfXhLK7rJ8uyBVm2V45qyjkIjEQ=
-9,-2,vWBEzz9fz0lCEmO2pH9gctqg3po=,wDuMLjI8xcV2mjl3wyMiH9lDc2Q=
-11,-1,vWBEzz9fz0lCEmO2pH9gctqg3po=,wDuMLjI8xcV2mjl3wyMiH9lDc2Q=
-3,-3,vWBEzz9fz0lCEmO2pH9gctqg3po=,w1TtVIY5X4jP2U3oKGbtrOd+OLo=
-7,-1,vWBEzz9fz0lCEmO2pH9gctqg3po=,hn7OvN0f2uPFipgo3tSSfyW5vyA=
-3,-1,vWBEzz9fz0lCEmO2pH9gctqg3po=,w1TtVIY5X4jP2U3oKGbtrOd+OLo=
-4,-1,vWBEzz9fz0lCEmO2pH9gctqg3po=,w1TtVIY5X4jP2U3oKGbtrOd+OLo=
-10,-1,vWBEzz9fz0lCEmO2pH9gctqg3po=,wDuMLjI8xcV2mjl3wyMiH9lDc2Q=
-1,-6,vWBEzz9fz0lCEmO2pH9gctqg3po=,Ma/oXCMQbwul6dYkdlNQDpFmbrs=
-9,-1,vWBEzz9fz0lCEmO2pH9gctqg3po=,wDuMLjI8xcV2mjl3wyMiH9lDc2Q=
-1,-5,vWBEzz9fz0lCEmO2pH9gctqg3po=,Ma/oXCMQbwul6dYkdlNQDpFmbrs=
-1,-4,vWBEzz9fz0lCEmO2pH9gctqg3po=,w1TtVIY5X4jP2U3oKGbtrOd+OLo=
-1,-1,vWBEzz9fz0lCEmO2pH9gctqg3po=,w1TtVIY5X4jP2U3oKGbtrOd+OLo=
-2,-1,vWBEzz9fz0lCEmO2pH9gctqg3po=,w1TtVIY5X4jP2U3oKGbtrOd+OLo=
-2,-5,vWBEzz9fz0lCEmO2pH9gctqg3po=,Ma/oXCMQbwul6dYkdlNQDpFmbrs=
-1,-2,vWBEzz9fz0lCEmO2pH9gctqg3po=,w1TtVIY5X4jP2U3oKGbtrOd+OLo=
-8,-1,vWBEzz9fz0lCEmO2pH9gctqg3po=,hn7OvN0f2uPFipgo3tSSfyW5vyA=
-2,-3,vWBEzz9fz0lCEmO2pH9gctqg3po=,w1TtVIY5X4jP2U3oKGbtrOd+OLo=
-2,-2,vWBEzz9fz0lCEmO2pH9gctqg3po=,w1TtVIY5X4jP2U3oKGbtrOd+OLo=
-2,-4,vWBEzz9fz0lCEmO2pH9gctqg3po=,w1TtVIY5X4jP2U3oKGbtrOd+OLo=
-1,-3,vWBEzz9fz0lCEmO2pH9gctqg3po=,w1TtVIY5X4jP2U3oKGbtrOd+OLo=
