-28,3,Ys1JuqfmK4LEdVTPjJSReSVI2XE=,uCSz9YfC2dJflkI71MxiwItaqBg=
-27,5,Ys1JuqfmK4LEdVTPjJSReSVI2XE=,uCSz9YfC2dJflkI71MxiwItaqBg=
-26,6,Ys1JuqfmK4LEdVTPjJSReSVI2XE=,uCSz9YfC2dJflkI71MxiwItaqBg=
-28,5,2wXkvoqaqZZEVt/QPHnXKCq7ceE=,uCSz9YfC2dJflkI71MxiwItaqBg=
-27,6,2wXkvoqaqZZEVt/QPHnXKCq7ceE=,uCSz9YfC2dJflkI71MxiwItaqBg=
-29,5,2wXkvoqaqZZEVt/QPHnXKCq7ceE=,uCSz9YfC2dJflkI71MxiwItaqBg=
-30,5,2wXkvoqaqZZEVt/QPHnXKCq7ceE=,uCSz9YfC2dJflkI71MxiwItaqBg=
-28,6,2wXkvoqaqZZEVt/QPHnXKCq7ceE=,uCSz9YfC2dJflkI71MxiwItaqBg=
-26,7,2wXkvoqaqZZEVt/QPHnXKCq7ceE=,uCSz9YfC2dJflkI71MxiwItaqBg=
-29,6,2wXkvoqaqZZEVt/QPHnXKCq7ceE=,uCSz9YfC2dJflkI71MxiwItaqBg=
-30,6,2wXkvoqaqZZEVt/QPHnXKCq7ceE=,uCSz9YfC2dJflkI71MxiwItaqBg=
-27,7,2wXkvoqaqZZEVt/QPHnXKCq7ceE=,uCSz9YfC2dJflkI71MxiwItaqBg=
-28,7,2wXkvoqaqZZEVt/QPHnXKCq7ceE=,uCSz9YfC2dJflkI71MxiwItaqBg=
-31,5,2wXkvoqaqZZEVt/QPHnXKCq7ceE=,uCSz9YfC2dJflkI71MxiwItaqBg=
-27,4,2wXkvoqaqZZEVt/QPHnXKCq7ceE=,uCSz9YfC2dJflkI71MxiwItaqBg=
-29,7,2wXkvoqaqZZEVt/QPHnXKCq7ceE=,uCSz9YfC2dJflkI71MxiwItaqBg=
-31,6,2wXkvoqaqZZEVt/QPHnXKCq7ceE=,uCSz9YfC2dJflkI71MxiwItaqBg=
-29,3,2wXkvoqaqZZEVt/QPHnXKCq7ceE=,uCSz9YfC2dJflkI71MxiwItaqBg=
-32,6,2wXkvoqaqZZEVt/QPHnXKCq7ceE=,uCSz9YfC2dJflkI71MxiwItaqBg=
-30,7,2wXkvoqaqZZEVt/QPHnXKCq7ceE=,uCSz9YfC2dJflkI71MxiwItaqBg=
-32,5,2wXkvoqaqZZEVt/QPHnXKCq7ceE=,uCSz9YfC2dJflkI71MxiwItaqBg=
-31,2,2wXkvoqaqZZEVt/QPHnXKCq7ceE=,uCSz9YfC2dJflkI71MxiwItaqBg=
-31,1,2wXkvoqaqZZEVt/QPHnXKCq7ceE=,uCSz9YfC2dJflkI71MxiwItaqBg=
-32,1,2wXkvoqaqZZEVt/QPHnXKCq7ceE=,uCSz9YfC2dJflkI71MxiwItaqBg=
-31,0,2wXkvoqaqZZEVt/QPHnXKCq7ceE=,uCSz9YfC2dJflkI71MxiwItaqBg=
-30,3,2wXkvoqaqZZEVt/QPHnXKCq7ceE=,uCSz9YfC2dJflkI71MxiwItaqBg=
-32,3,2wXkvoqaqZZEVt/QPHnXKCq7ceE=,uCSz9YfC2dJflkI71MxiwItaqBg=
-31,3,2wXkvoqaqZZEVt/QPHnXKCq7ceE=,uCSz9YfC2dJflkI71MxiwItaqBg=
-26,2,2wXkvoqaqZZEVt/QPHnXKCq7ceE=,uCSz9YfC2dJflkI71MxiwItaqBg=
-27,2,2wXkvoqaqZZEVt/QPHnXKCq7ceE=,uCSz9YfC2dJflkI71MxiwItaqBg=
-28,2,2wXkvoqaqZZEVt/QPHnXKCq7ceE=,uCSz9YfC2dJflkI71MxiwItaqBg=
-28,4,2wXkvoqaqZZEVt/QPHnXKCq7ceE=,uCSz9YfC2dJflkI71MxiwItaqBg=
-29,4,2wXkvoqaqZZEVt/QPHnXKCq7ceE=,uCSz9YfC2dJflkI71MxiwItaqBg=
-30,4,2wXkvoqaqZZEVt/QPHnXKCq7ceE=,uCSz9YfC2dJflkI71MxiwItaqBg=
-31,4,2wXkvoqaqZZEVt/QPHnXKCq7ceE=,uCSz9YfC2dJflkI71MxiwItaqBg=
-32,4,2wXkvoqaqZZEVt/QPHnXKCq7ceE=,uCSz9YfC2dJflkI71MxiwItaqBg=
-26,3,2wXkvoqaqZZEVt/QPHnXKCq7ceE=,uCSz9YfC2dJflkI71MxiwItaqBg=
-26,5,2wXkvoqaqZZEVt/QPHnXKCq7ceE=,uCSz9YfC2dJflkI71MxiwItaqBg=
-32,2,2wXkvoqaqZZEVt/QPHnXKCq7ceE=,uCSz9YfC2dJflkI71MxiwItaqBg=
-26,4,2wXkvoqaqZZEVt/QPHnXKCq7ceE=,uCSz9YfC2dJflkI71MxiwItaqBg=
-31,7,2wXkvoqaqZZEVt/QPHnXKCq7ceE=,uCSz9YfC2dJflkI71MxiwItaqBg=
-27,3,2wXkvoqaqZZEVt/QPHnXKCq7ceE=,uCSz9YfC2dJflkI71MxiwItaqBg=
-32,7,2wXkvoqaqZZEVt/QPHnXKCq7ceE=,uCSz9YfC2dJflkI71MxiwItaqBg=
-32,0,2wXkvoqaqZZEVt/QPHnXKCq7ceE=,uCSz9YfC2dJflkI71MxiwItaqBg=
-24,2,2wXkvoqaqZZEVt/QPHnXKCq7ceE=,3EHSPBk4Usxsy2ckekTsYKZjvlE=
-23,2,2wXkvoqaqZZEVt/QPHnXKCq7ceE=,3EHSPBk4Usxsy2ckekTsYKZjvlE=
-22,2,2wXkvoqaqZZEVt/QPHnXKCq7ceE=,3EHSPBk4Usxsy2ckekTsYKZjvlE=
-21,2,2wXkvoqaqZZEVt/QPHnXKCq7ceE=,3EHSPBk4Usxsy2ckekTsYKZjvlE=
-25,4,2wXkvoqaqZZEVt/QPHnXKCq7ceE=,uCSz9YfC2dJflkI71MxiwItaqBg=
-20,2,2wXkvoqaqZZEVt/QPHnXKCq7ceE=,3EHSPBk4Usxsy2ckekTsYKZjvlE=
-25,5,2wXkvoqaqZZEVt/QPHnXKCq7ceE=,uCSz9YfC2dJflkI71MxiwItaqBg=
-19,2,2wXkvoqaqZZEVt/QPHnXKCq7ceE=,3EHSPBk4Usxsy2ckekTsYKZjvlE=
-18,2,2wXkvoqaqZZEVt/QPHnXKCq7ceE=,3EHSPBk4Usxsy2ckekTsYKZjvlE=
-24,3,2wXkvoqaqZZEVt/QPHnXKCq7ceE=,3EHSPBk4Usxsy2ckekTsYKZjvlE=
-23,3,2wXkvoqaqZZEVt/QPHnXKCq7ceE=,3EHSPBk4Usxsy2ckekTsYKZjvlE=
-25,3,2wXkvoqaqZZEVt/QPHnXKCq7ceE=,uCSz9YfC2dJflkI71MxiwItaqBg=
-22,3,2wXkvoqaqZZEVt/QPHnXKCq7ceE=,3EHSPBk4Usxsy2ckekTsYKZjvlE=
-19,3,2wXkvoqaqZZEVt/QPHnXKCq7ceE=,3EHSPBk4Usxsy2ckekTsYKZjvlE=
-20,3,2wXkvoqaqZZEVt/QPHnXKCq7ceE=,3EHSPBk4Usxsy2ckekTsYKZjvlE=
-21,3,2wXkvoqaqZZEVt/QPHnXKCq7ceE=,3EHSPBk4Usxsy2ckekTsYKZjvlE=
-18,3,2wXkvoqaqZZEVt/QPHnXKCq7ceE=,3EHSPBk4Usxsy2ckekTsYKZjvlE=
-24,4,2wXkvoqaqZZEVt/QPHnXKCq7ceE=,3EHSPBk4Usxsy2ckekTsYKZjvlE=
-23,4,2wXkvoqaqZZEVt/QPHnXKCq7ceE=,3EHSPBk4Usxsy2ckekTsYKZjvlE=
-21,4,2wXkvoqaqZZEVt/QPHnXKCq7ceE=,3EHSPBk4Usxsy2ckekTsYKZjvlE=
-22,4,2wXkvoqaqZZEVt/QPHnXKCq7ceE=,3EHSPBk4Usxsy2ckekTsYKZjvlE=
-20,4,2wXkvoqaqZZEVt/QPHnXKCq7ceE=,3EHSPBk4Usxsy2ckekTsYKZjvlE=
-18,4,2wXkvoqaqZZEVt/QPHnXKCq7ceE=,3EHSPBk4Usxsy2ckekTsYKZjvlE=
-19,4,2wXkvoqaqZZEVt/QPHnXKCq7ceE=,3EHSPBk4Usxsy2ckekTsYKZjvlE=
-24,5,2wXkvoqaqZZEVt/QPHnXKCq7ceE=,3EHSPBk4Usxsy2ckekTsYKZjvlE=
-23,5,2wXkvoqaqZZEVt/QPHnXKCq7ceE=,3EHSPBk4Usxsy2ckekTsYKZjvlE=
-22,5,2wXkvoqaqZZEVt/QPHnXKCq7ceE=,3EHSPBk4Usxsy2ckekTsYKZjvlE=
-20,5,2wXkvoqaqZZEVt/QPHnXKCq7ceE=,3EHSPBk4Usxsy2ckekTsYKZjvlE=
-19,5,2wXkvoqaqZZEVt/QPHnXKCq7ceE=,3EHSPBk4Usxsy2ckekTsYKZjvlE=
-18,5,2wXkvoqaqZZEVt/QPHnXKCq7ceE=,3EHSPBk4Usxsy2ckekTsYKZjvlE=
-21,5,2wXkvoqaqZZEVt/QPHnXKCq7ceE=,3EHSPBk4Usxsy2ckekTsYKZjvlE=
-24,6,2wXkvoqaqZZEVt/QPHnXKCq7ceE=,3EHSPBk4Usxsy2ckekTsYKZjvlE=
-23,6,2wXkvoqaqZZEVt/QPHnXKCq7ceE=,3EHSPBk4Usxsy2ckekTsYKZjvlE=
-22,6,2wXkvoqaqZZEVt/QPHnXKCq7ceE=,3EHSPBk4Usxsy2ckekTsYKZjvlE=
-21,6,2wXkvoqaqZZEVt/QPHnXKCq7ceE=,3EHSPBk4Usxsy2ckekTsYKZjvlE=
-20,6,2wXkvoqaqZZEVt/QPHnXKCq7ceE=,3EHSPBk4Usxsy2ckekTsYKZjvlE=
-24,7,2wXkvoqaqZZEVt/QPHnXKCq7ceE=,3EHSPBk4Usxsy2ckekTsYKZjvlE=
-18,6,2wXkvoqaqZZEVt/QPHnXKCq7ceE=,3EHSPBk4Usxsy2ckekTsYKZjvlE=
-23,7,2wXkvoqaqZZEVt/QPHnXKCq7ceE=,3EHSPBk4Usxsy2ckekTsYKZjvlE=
-19,6,2wXkvoqaqZZEVt/QPHnXKCq7ceE=,3EHSPBk4Usxsy2ckekTsYKZjvlE=
-22,7,2wXkvoqaqZZEVt/QPHnXKCq7ceE=,3EHSPBk4Usxsy2ckekTsYKZjvlE=
-21,7,2wXkvoqaqZZEVt/QPHnXKCq7ceE=,3EHSPBk4Usxsy2ckekTsYKZjvlE=
-19,7,2wXkvoqaqZZEVt/QPHnXKCq7ceE=,3EHSPBk4Usxsy2ckekTsYKZjvlE=
-20,7,2wXkvoqaqZZEVt/QPHnXKCq7ceE=,3EHSPBk4Usxsy2ckekTsYKZjvlE=
-18,7,2wXkvoqaqZZEVt/QPHnXKCq7ceE=,3EHSPBk4Usxsy2ckekTsYKZjvlE=
-25,2,2wXkvoqaqZZEVt/QPHnXKCq7ceE=,uCSz9YfC2dJflkI71MxiwItaqBg=
-18,1,2wXkvoqaqZZEVt/QPHnXKCq7ceE=,3EHSPBk4Usxsy2ckekTsYKZjvlE=
-25,6,2wXkvoqaqZZEVt/QPHnXKCq7ceE=,uCSz9YfC2dJflkI71MxiwItaqBg=
-25,7,2wXkvoqaqZZEVt/QPHnXKCq7ceE=,uCSz9YfC2dJflkI71MxiwItaqBg=
-29,2,2wXkvoqaqZZEVt/QPHnXKCq7ceE=,uCSz9YfC2dJflkI71MxiwItaqBg=
-30,2,2wXkvoqaqZZEVt/QPHnXKCq7ceE=,uCSz9YfC2dJflkI71MxiwItaqBg=
-24,0,2wXkvoqaqZZEVt/QPHnXKCq7ceE=,3EHSPBk4Usxsy2ckekTsYKZjvlE=
-29,0,2wXkvoqaqZZEVt/QPHnXKCq7ceE=,uCSz9YfC2dJflkI71MxiwItaqBg=
-27,1,2wXkvoqaqZZEVt/QPHnXKCq7ceE=,uCSz9YfC2dJflkI71MxiwItaqBg=
-26,0,2wXkvoqaqZZEVt/QPHnXKCq7ceE=,uCSz9YfC2dJflkI71MxiwItaqBg=
-27,0,2wXkvoqaqZZEVt/QPHnXKCq7ceE=,uCSz9YfC2dJflkI71MxiwItaqBg=
-24,1,2wXkvoqaqZZEVt/QPHnXKCq7ceE=,3EHSPBk4Usxsy2ckekTsYKZjvlE=
-21,1,2wXkvoqaqZZEVt/QPHnXKCq7ceE=,3EHSPBk4Usxsy2ckekTsYKZjvlE=
-28,0,2wXkvoqaqZZEVt/QPHnXKCq7ceE=,uCSz9YfC2dJflkI71MxiwItaqBg=
-26,1,2wXkvoqaqZZEVt/QPHnXKCq7ceE=,uCSz9YfC2dJflkI71MxiwItaqBg=
-30,0,2wXkvoqaqZZEVt/QPHnXKCq7ceE=,uCSz9YfC2dJflkI71MxiwItaqBg=
-25,0,2wXkvoqaqZZEVt/QPHnXKCq7ceE=,uCSz9YfC2dJflkI71MxiwItaqBg=
-22,1,2wXkvoqaqZZEVt/QPHnXKCq7ceE=,3EHSPBk4Usxsy2ckekTsYKZjvlE=
-17,2,2wXkvoqaqZZEVt/QPHnXKCq7ceE=,3EHSPBk4Usxsy2ckekTsYKZjvlE=
-30,1,2wXkvoqaqZZEVt/QPHnXKCq7ceE=,uCSz9YfC2dJflkI71MxiwItaqBg=
-17,3,2wXkvoqaqZZEVt/QPHnXKCq7ceE=,3EHSPBk4Usxsy2ckekTsYKZjvlE=
-17,4,2wXkvoqaqZZEVt/QPHnXKCq7ceE=,3EHSPBk4Usxsy2ckekTsYKZjvlE=
-17,5,2wXkvoqaqZZEVt/QPHnXKCq7ceE=,3EHSPBk4Usxsy2ckekTsYKZjvlE=
-17,7,2wXkvoqaqZZEVt/QPHnXKCq7ceE=,3EHSPBk4Usxsy2ckekTsYKZjvlE=
-25,1,2wXkvoqaqZZEVt/QPHnXKCq7ceE=,uCSz9YfC2dJflkI71MxiwItaqBg=
-17,1,2wXkvoqaqZZEVt/QPHnXKCq7ceE=,3EHSPBk4Usxsy2ckekTsYKZjvlE=
-17,6,2wXkvoqaqZZEVt/QPHnXKCq7ceE=,3EHSPBk4Usxsy2ckekTsYKZjvlE=
-23,1,2wXkvoqaqZZEVt/QPHnXKCq7ceE=,3EHSPBk4Usxsy2ckekTsYKZjvlE=
-19,1,2wXkvoqaqZZEVt/QPHnXKCq7ceE=,3EHSPBk4Usxsy2ckekTsYKZjvlE=
-18,0,2wXkvoqaqZZEVt/QPHnXKCq7ceE=,3EHSPBk4Usxsy2ckekTsYKZjvlE=
-21,0,2wXkvoqaqZZEVt/QPHnXKCq7ceE=,3EHSPBk4Usxsy2ckekTsYKZjvlE=
-20,1,2wXkvoqaqZZEVt/QPHnXKCq7ceE=,3EHSPBk4Usxsy2ckekTsYKZjvlE=
-29,1,2wXkvoqaqZZEVt/QPHnXKCq7ceE=,uCSz9YfC2dJflkI71MxiwItaqBg=
-17,0,2wXkvoqaqZZEVt/QPHnXKCq7ceE=,3EHSPBk4Usxsy2ckekTsYKZjvlE=
-22,0,2wXkvoqaqZZEVt/QPHnXKCq7ceE=,3EHSPBk4Usxsy2ckekTsYKZjvlE=
-20,0,2wXkvoqaqZZEVt/QPHnXKCq7ceE=,3EHSPBk4Usxsy2ckekTsYKZjvlE=
-28,1,2wXkvoqaqZZEVt/QPHnXKCq7ceE=,uCSz9YfC2dJflkI71MxiwItaqBg=
-23,0,2wXkvoqaqZZEVt/QPHnXKCq7ceE=,3EHSPBk4Usxsy2ckekTsYKZjvlE=
-19,0,2wXkvoqaqZZEVt/QPHnXKCq7ceE=,3EHSPBk4Usxsy2ckekTsYKZjvlE=
-4,23,2wXkvoqaqZZEVt/QPHnXKCq7ceE=,KgYrGIJPyn8ZzxxPVWtT79NuMS0=
-1,18,2wXkvoqaqZZEVt/QPHnXKCq7ceE=,KgYrGIJPyn8ZzxxPVWtT79NuMS0=
-2,18,2wXkvoqaqZZEVt/QPHnXKCq7ceE=,KgYrGIJPyn8ZzxxPVWtT79NuMS0=
-5,22,2wXkvoqaqZZEVt/QPHnXKCq7ceE=,KgYrGIJPyn8ZzxxPVWtT79NuMS0=
-3,18,2wXkvoqaqZZEVt/QPHnXKCq7ceE=,KgYrGIJPyn8ZzxxPVWtT79NuMS0=
-5,23,2wXkvoqaqZZEVt/QPHnXKCq7ceE=,KgYrGIJPyn8ZzxxPVWtT79NuMS0=
-1,17,2wXkvoqaqZZEVt/QPHnXKCq7ceE=,KgYrGIJPyn8ZzxxPVWtT79NuMS0=
-4,18,2wXkvoqaqZZEVt/QPHnXKCq7ceE=,KgYrGIJPyn8ZzxxPVWtT79NuMS0=
-5,21,2wXkvoqaqZZEVt/QPHnXKCq7ceE=,KgYrGIJPyn8ZzxxPVWtT79NuMS0=
-2,17,2wXkvoqaqZZEVt/QPHnXKCq7ceE=,KgYrGIJPyn8ZzxxPVWtT79NuMS0=
-6,21,2wXkvoqaqZZEVt/QPHnXKCq7ceE=,KgYrGIJPyn8ZzxxPVWtT79NuMS0=
-3,17,2wXkvoqaqZZEVt/QPHnXKCq7ceE=,KgYrGIJPyn8ZzxxPVWtT79NuMS0=
-7,21,2wXkvoqaqZZEVt/QPHnXKCq7ceE=,KgYrGIJPyn8ZzxxPVWtT79NuMS0=
-8,21,2wXkvoqaqZZEVt/QPHnXKCq7ceE=,KgYrGIJPyn8ZzxxPVWtT79NuMS0=
-4,17,2wXkvoqaqZZEVt/QPHnXKCq7ceE=,KgYrGIJPyn8ZzxxPVWtT79NuMS0=
-1,20,2wXkvoqaqZZEVt/QPHnXKCq7ceE=,KgYrGIJPyn8ZzxxPVWtT79NuMS0=
-5,17,2wXkvoqaqZZEVt/QPHnXKCq7ceE=,KgYrGIJPyn8ZzxxPVWtT79NuMS0=
-2,20,2wXkvoqaqZZEVt/QPHnXKCq7ceE=,KgYrGIJPyn8ZzxxPVWtT79NuMS0=
-3,20,2wXkvoqaqZZEVt/QPHnXKCq7ceE=,KgYrGIJPyn8ZzxxPVWtT79NuMS0=
-4,20,2wXkvoqaqZZEVt/QPHnXKCq7ceE=,KgYrGIJPyn8ZzxxPVWtT79NuMS0=
-6,17,2wXkvoqaqZZEVt/QPHnXKCq7ceE=,KgYrGIJPyn8ZzxxPVWtT79NuMS0=
-7,20,2wXkvoqaqZZEVt/QPHnXKCq7ceE=,KgYrGIJPyn8ZzxxPVWtT79NuMS0=
-1,19,2wXkvoqaqZZEVt/QPHnXKCq7ceE=,KgYrGIJPyn8ZzxxPVWtT79NuMS0=
-8,20,2wXkvoqaqZZEVt/QPHnXKCq7ceE=,KgYrGIJPyn8ZzxxPVWtT79NuMS0=
-2,19,2wXkvoqaqZZEVt/QPHnXKCq7ceE=,KgYrGIJPyn8ZzxxPVWtT79NuMS0=
-3,19,2wXkvoqaqZZEVt/QPHnXKCq7ceE=,KgYrGIJPyn8ZzxxPVWtT79NuMS0=
-4,19,2wXkvoqaqZZEVt/QPHnXKCq7ceE=,KgYrGIJPyn8ZzxxPVWtT79NuMS0=
-5,19,2wXkvoqaqZZEVt/QPHnXKCq7ceE=,KgYrGIJPyn8ZzxxPVWtT79NuMS0=
-5,18,2wXkvoqaqZZEVt/QPHnXKCq7ceE=,KgYrGIJPyn8ZzxxPVWtT79NuMS0=
-7,17,2wXkvoqaqZZEVt/QPHnXKCq7ceE=,KgYrGIJPyn8ZzxxPVWtT79NuMS0=
-6,19,2wXkvoqaqZZEVt/QPHnXKCq7ceE=,KgYrGIJPyn8ZzxxPVWtT79NuMS0=
-7,19,2wXkvoqaqZZEVt/QPHnXKCq7ceE=,KgYrGIJPyn8ZzxxPVWtT79NuMS0=
-6,22,2wXkvoqaqZZEVt/QPHnXKCq7ceE=,KgYrGIJPyn8ZzxxPVWtT79NuMS0=
-6,18,2wXkvoqaqZZEVt/QPHnXKCq7ceE=,KgYrGIJPyn8ZzxxPVWtT79NuMS0=
-7,18,2wXkvoqaqZZEVt/QPHnXKCq7ceE=,KgYrGIJPyn8ZzxxPVWtT79NuMS0=
-6,23,2wXkvoqaqZZEVt/QPHnXKCq7ceE=,KgYrGIJPyn8ZzxxPVWtT79NuMS0=
-7,23,2wXkvoqaqZZEVt/QPHnXKCq7ceE=,KgYrGIJPyn8ZzxxPVWtT79NuMS0=
-8,23,2wXkvoqaqZZEVt/QPHnXKCq7ceE=,KgYrGIJPyn8ZzxxPVWtT79NuMS0=
-1,22,2wXkvoqaqZZEVt/QPHnXKCq7ceE=,KgYrGIJPyn8ZzxxPVWtT79NuMS0=
-5,20,2wXkvoqaqZZEVt/QPHnXKCq7ceE=,KgYrGIJPyn8ZzxxPVWtT79NuMS0=
-8,19,2wXkvoqaqZZEVt/QPHnXKCq7ceE=,KgYrGIJPyn8ZzxxPVWtT79NuMS0=
-7,22,2wXkvoqaqZZEVt/QPHnXKCq7ceE=,KgYrGIJPyn8ZzxxPVWtT79NuMS0=
-1,21,2wXkvoqaqZZEVt/QPHnXKCq7ceE=,KgYrGIJPyn8ZzxxPVWtT79NuMS0=
-8,22,2wXkvoqaqZZEVt/QPHnXKCq7ceE=,KgYrGIJPyn8ZzxxPVWtT79NuMS0=
-2,21,2wXkvoqaqZZEVt/QPHnXKCq7ceE=,KgYrGIJPyn8ZzxxPVWtT79NuMS0=
-3,21,2wXkvoqaqZZEVt/QPHnXKCq7ceE=,KgYrGIJPyn8ZzxxPVWtT79NuMS0=
-2,22,2wXkvoqaqZZEVt/QPHnXKCq7ceE=,KgYrGIJPyn8ZzxxPVWtT79NuMS0=
-8,18,2wXkvoqaqZZEVt/QPHnXKCq7ceE=,KgYrGIJPyn8ZzxxPVWtT79NuMS0=
-4,21,2wXkvoqaqZZEVt/QPHnXKCq7ceE=,KgYrGIJPyn8ZzxxPVWtT79NuMS0=
-1,23,2wXkvoqaqZZEVt/QPHnXKCq7ceE=,KgYrGIJPyn8ZzxxPVWtT79NuMS0=
-2,23,2wXkvoqaqZZEVt/QPHnXKCq7ceE=,KgYrGIJPyn8ZzxxPVWtT79NuMS0=
-8,17,2wXkvoqaqZZEVt/QPHnXKCq7ceE=,KgYrGIJPyn8ZzxxPVWtT79NuMS0=
-3,22,2wXkvoqaqZZEVt/QPHnXKCq7ceE=,KgYrGIJPyn8ZzxxPVWtT79NuMS0=
-3,23,2wXkvoqaqZZEVt/QPHnXKCq7ceE=,KgYrGIJPyn8ZzxxPVWtT79NuMS0=
-6,20,2wXkvoqaqZZEVt/QPHnXKCq7ceE=,KgYrGIJPyn8ZzxxPVWtT79NuMS0=
-4,22,2wXkvoqaqZZEVt/QPHnXKCq7ceE=,KgYrGIJPyn8ZzxxPVWtT79NuMS0=
-4,16,2wXkvoqaqZZEVt/QPHnXKCq7ceE=,KgYrGIJPyn8ZzxxPVWtT79NuMS0=
-2,16,2wXkvoqaqZZEVt/QPHnXKCq7ceE=,KgYrGIJPyn8ZzxxPVWtT79NuMS0=
-8,16,2wXkvoqaqZZEVt/QPHnXKCq7ceE=,KgYrGIJPyn8ZzxxPVWtT79NuMS0=
-6,16,2wXkvoqaqZZEVt/QPHnXKCq7ceE=,KgYrGIJPyn8ZzxxPVWtT79NuMS0=
-3,16,2wXkvoqaqZZEVt/QPHnXKCq7ceE=,KgYrGIJPyn8ZzxxPVWtT79NuMS0=
-7,16,2wXkvoqaqZZEVt/QPHnXKCq7ceE=,KgYrGIJPyn8ZzxxPVWtT79NuMS0=
-5,16,2wXkvoqaqZZEVt/QPHnXKCq7ceE=,KgYrGIJPyn8ZzxxPVWtT79NuMS0=
-1,16,2wXkvoqaqZZEVt/QPHnXKCq7ceE=,KgYrGIJPyn8ZzxxPVWtT79NuMS0=
-12,1,2wXkvoqaqZZEVt/QPHnXKCq7ceE=,Z9Z8dhGoXOgYghMuexA9/Fm3g6w=
-10,2,2wXkvoqaqZZEVt/QPHnXKCq7ceE=,Z9Z8dhGoXOgYghMuexA9/Fm3g6w=
-10,7,2wXkvoqaqZZEVt/QPHnXKCq7ceE=,Z9Z8dhGoXOgYghMuexA9/Fm3g6w=
-11,7,2wXkvoqaqZZEVt/QPHnXKCq7ceE=,Z9Z8dhGoXOgYghMuexA9/Fm3g6w=
-12,7,2wXkvoqaqZZEVt/QPHnXKCq7ceE=,Z9Z8dhGoXOgYghMuexA9/Fm3g6w=
-13,7,2wXkvoqaqZZEVt/QPHnXKCq7ceE=,Z9Z8dhGoXOgYghMuexA9/Fm3g6w=
-14,7,2wXkvoqaqZZEVt/QPHnXKCq7ceE=,Z9Z8dhGoXOgYghMuexA9/Fm3g6w=
-15,7,2wXkvoqaqZZEVt/QPHnXKCq7ceE=,Z9Z8dhGoXOgYghMuexA9/Fm3g6w=
-10,6,2wXkvoqaqZZEVt/QPHnXKCq7ceE=,Z9Z8dhGoXOgYghMuexA9/Fm3g6w=
-11,2,2wXkvoqaqZZEVt/QPHnXKCq7ceE=,Z9Z8dhGoXOgYghMuexA9/Fm3g6w=
-11,6,2wXkvoqaqZZEVt/QPHnXKCq7ceE=,Z9Z8dhGoXOgYghMuexA9/Fm3g6w=
-12,6,2wXkvoqaqZZEVt/QPHnXKCq7ceE=,Z9Z8dhGoXOgYghMuexA9/Fm3g6w=
-13,6,2wXkvoqaqZZEVt/QPHnXKCq7ceE=,Z9Z8dhGoXOgYghMuexA9/Fm3g6w=
-14,6,2wXkvoqaqZZEVt/QPHnXKCq7ceE=,Z9Z8dhGoXOgYghMuexA9/Fm3g6w=
-12,2,2wXkvoqaqZZEVt/QPHnXKCq7ceE=,Z9Z8dhGoXOgYghMuexA9/Fm3g6w=
-15,6,2wXkvoqaqZZEVt/QPHnXKCq7ceE=,Z9Z8dhGoXOgYghMuexA9/Fm3g6w=
-10,5,2wXkvoqaqZZEVt/QPHnXKCq7ceE=,Z9Z8dhGoXOgYghMuexA9/Fm3g6w=
-11,5,2wXkvoqaqZZEVt/QPHnXKCq7ceE=,Z9Z8dhGoXOgYghMuexA9/Fm3g6w=
-12,5,2wXkvoqaqZZEVt/QPHnXKCq7ceE=,Z9Z8dhGoXOgYghMuexA9/Fm3g6w=
-13,5,2wXkvoqaqZZEVt/QPHnXKCq7ceE=,Z9Z8dhGoXOgYghMuexA9/Fm3g6w=
-14,5,2wXkvoqaqZZEVt/QPHnXKCq7ceE=,Z9Z8dhGoXOgYghMuexA9/Fm3g6w=
-15,5,2wXkvoqaqZZEVt/QPHnXKCq7ceE=,Z9Z8dhGoXOgYghMuexA9/Fm3g6w=
-10,4,2wXkvoqaqZZEVt/QPHnXKCq7ceE=,Z9Z8dhGoXOgYghMuexA9/Fm3g6w=
-11,4,2wXkvoqaqZZEVt/QPHnXKCq7ceE=,Z9Z8dhGoXOgYghMuexA9/Fm3g6w=
-12,4,2wXkvoqaqZZEVt/QPHnXKCq7ceE=,Z9Z8dhGoXOgYghMuexA9/Fm3g6w=
-13,2,2wXkvoqaqZZEVt/QPHnXKCq7ceE=,Z9Z8dhGoXOgYghMuexA9/Fm3g6w=
-13,4,2wXkvoqaqZZEVt/QPHnXKCq7ceE=,Z9Z8dhGoXOgYghMuexA9/Fm3g6w=
-14,4,2wXkvoqaqZZEVt/QPHnXKCq7ceE=,Z9Z8dhGoXOgYghMuexA9/Fm3g6w=
-15,4,2wXkvoqaqZZEVt/QPHnXKCq7ceE=,Z9Z8dhGoXOgYghMuexA9/Fm3g6w=
-14,2,2wXkvoqaqZZEVt/QPHnXKCq7ceE=,Z9Z8dhGoXOgYghMuexA9/Fm3g6w=
-10,3,2wXkvoqaqZZEVt/QPHnXKCq7ceE=,Z9Z8dhGoXOgYghMuexA9/Fm3g6w=
-11,3,2wXkvoqaqZZEVt/QPHnXKCq7ceE=,Z9Z8dhGoXOgYghMuexA9/Fm3g6w=
-12,3,2wXkvoqaqZZEVt/QPHnXKCq7ceE=,Z9Z8dhGoXOgYghMuexA9/Fm3g6w=
-13,3,2wXkvoqaqZZEVt/QPHnXKCq7ceE=,Z9Z8dhGoXOgYghMuexA9/Fm3g6w=
-14,3,2wXkvoqaqZZEVt/QPHnXKCq7ceE=,Z9Z8dhGoXOgYghMuexA9/Fm3g6w=
-15,3,2wXkvoqaqZZEVt/QPHnXKCq7ceE=,Z9Z8dhGoXOgYghMuexA9/Fm3g6w=
-15,2,2wXkvoqaqZZEVt/QPHnXKCq7ceE=,Z9Z8dhGoXOgYghMuexA9/Fm3g6w=
-8,10,2wXkvoqaqZZEVt/QPHnXKCq7ceE=,9PUPoStL0vXCBV/9bfQXu278Aw8=
-8,13,2wXkvoqaqZZEVt/QPHnXKCq7ceE=,9PUPoStL0vXCBV/9bfQXu278Aw8=
-7,13,2wXkvoqaqZZEVt/QPHnXKCq7ceE=,9PUPoStL0vXCBV/9bfQXu278Aw8=
-7,10,2wXkvoqaqZZEVt/QPHnXKCq7ceE=,9PUPoStL0vXCBV/9bfQXu278Aw8=
-6,13,2wXkvoqaqZZEVt/QPHnXKCq7ceE=,9PUPoStL0vXCBV/9bfQXu278Aw8=
-8,9,2wXkvoqaqZZEVt/QPHnXKCq7ceE=,9PUPoStL0vXCBV/9bfQXu278Aw8=
-6,10,2wXkvoqaqZZEVt/QPHnXKCq7ceE=,9PUPoStL0vXCBV/9bfQXu278Aw8=
-7,9,2wXkvoqaqZZEVt/QPHnXKCq7ceE=,9PUPoStL0vXCBV/9bfQXu278Aw8=
-6,9,2wXkvoqaqZZEVt/QPHnXKCq7ceE=,9PUPoStL0vXCBV/9bfQXu278Aw8=
-8,11,2wXkvoqaqZZEVt/QPHnXKCq7ceE=,9PUPoStL0vXCBV/9bfQXu278Aw8=
-7,11,2wXkvoqaqZZEVt/QPHnXKCq7ceE=,9PUPoStL0vXCBV/9bfQXu278Aw8=
-2,13,2wXkvoqaqZZEVt/QPHnXKCq7ceE=,9PUPoStL0vXCBV/9bfQXu278Aw8=
-6,11,2wXkvoqaqZZEVt/QPHnXKCq7ceE=,9PUPoStL0vXCBV/9bfQXu278Aw8=
-8,14,2wXkvoqaqZZEVt/QPHnXKCq7ceE=,9PUPoStL0vXCBV/9bfQXu278Aw8=
-7,14,2wXkvoqaqZZEVt/QPHnXKCq7ceE=,9PUPoStL0vXCBV/9bfQXu278Aw8=
-6,14,2wXkvoqaqZZEVt/QPHnXKCq7ceE=,9PUPoStL0vXCBV/9bfQXu278Aw8=
-8,12,2wXkvoqaqZZEVt/QPHnXKCq7ceE=,9PUPoStL0vXCBV/9bfQXu278Aw8=
-5,14,2wXkvoqaqZZEVt/QPHnXKCq7ceE=,9PUPoStL0vXCBV/9bfQXu278Aw8=
-4,14,2wXkvoqaqZZEVt/QPHnXKCq7ceE=,9PUPoStL0vXCBV/9bfQXu278Aw8=
-7,12,2wXkvoqaqZZEVt/QPHnXKCq7ceE=,9PUPoStL0vXCBV/9bfQXu278Aw8=
-6,12,2wXkvoqaqZZEVt/QPHnXKCq7ceE=,9PUPoStL0vXCBV/9bfQXu278Aw8=
-3,14,2wXkvoqaqZZEVt/QPHnXKCq7ceE=,9PUPoStL0vXCBV/9bfQXu278Aw8=
-2,10,2wXkvoqaqZZEVt/QPHnXKCq7ceE=,9PUPoStL0vXCBV/9bfQXu278Aw8=
-2,11,2wXkvoqaqZZEVt/QPHnXKCq7ceE=,9PUPoStL0vXCBV/9bfQXu278Aw8=
-2,12,2wXkvoqaqZZEVt/QPHnXKCq7ceE=,9PUPoStL0vXCBV/9bfQXu278Aw8=
-7,15,2wXkvoqaqZZEVt/QPHnXKCq7ceE=,9PUPoStL0vXCBV/9bfQXu278Aw8=
-6,15,2wXkvoqaqZZEVt/QPHnXKCq7ceE=,9PUPoStL0vXCBV/9bfQXu278Aw8=
-5,15,2wXkvoqaqZZEVt/QPHnXKCq7ceE=,9PUPoStL0vXCBV/9bfQXu278Aw8=
-3,15,2wXkvoqaqZZEVt/QPHnXKCq7ceE=,9PUPoStL0vXCBV/9bfQXu278Aw8=
-4,15,2wXkvoqaqZZEVt/QPHnXKCq7ceE=,9PUPoStL0vXCBV/9bfQXu278Aw8=
-2,15,2wXkvoqaqZZEVt/QPHnXKCq7ceE=,9PUPoStL0vXCBV/9bfQXu278Aw8=
-16,2,2wXkvoqaqZZEVt/QPHnXKCq7ceE=,Z9Z8dhGoXOgYghMuexA9/Fm3g6w=
-16,3,2wXkvoqaqZZEVt/QPHnXKCq7ceE=,Z9Z8dhGoXOgYghMuexA9/Fm3g6w=
-16,4,2wXkvoqaqZZEVt/QPHnXKCq7ceE=,Z9Z8dhGoXOgYghMuexA9/Fm3g6w=
-16,5,2wXkvoqaqZZEVt/QPHnXKCq7ceE=,Z9Z8dhGoXOgYghMuexA9/Fm3g6w=
-16,6,2wXkvoqaqZZEVt/QPHnXKCq7ceE=,Z9Z8dhGoXOgYghMuexA9/Fm3g6w=
-16,7,2wXkvoqaqZZEVt/QPHnXKCq7ceE=,Z9Z8dhGoXOgYghMuexA9/Fm3g6w=
-8,15,2wXkvoqaqZZEVt/QPHnXKCq7ceE=,9PUPoStL0vXCBV/9bfQXu278Aw8=
-2,14,2wXkvoqaqZZEVt/QPHnXKCq7ceE=,9PUPoStL0vXCBV/9bfQXu278Aw8=
-3,13,2wXkvoqaqZZEVt/QPHnXKCq7ceE=,9PUPoStL0vXCBV/9bfQXu278Aw8=
-3,12,2wXkvoqaqZZEVt/QPHnXKCq7ceE=,9PUPoStL0vXCBV/9bfQXu278Aw8=
-5,13,2wXkvoqaqZZEVt/QPHnXKCq7ceE=,9PUPoStL0vXCBV/9bfQXu278Aw8=
-1,14,2wXkvoqaqZZEVt/QPHnXKCq7ceE=,9PUPoStL0vXCBV/9bfQXu278Aw8=
-4,13,2wXkvoqaqZZEVt/QPHnXKCq7ceE=,9PUPoStL0vXCBV/9bfQXu278Aw8=
-1,13,2wXkvoqaqZZEVt/QPHnXKCq7ceE=,9PUPoStL0vXCBV/9bfQXu278Aw8=
-5,12,2wXkvoqaqZZEVt/QPHnXKCq7ceE=,9PUPoStL0vXCBV/9bfQXu278Aw8=
-4,12,2wXkvoqaqZZEVt/QPHnXKCq7ceE=,9PUPoStL0vXCBV/9bfQXu278Aw8=
-1,15,2wXkvoqaqZZEVt/QPHnXKCq7ceE=,9PUPoStL0vXCBV/9bfQXu278Aw8=
-1,12,2wXkvoqaqZZEVt/QPHnXKCq7ceE=,9PUPoStL0vXCBV/9bfQXu278Aw8=
-13,1,2wXkvoqaqZZEVt/QPHnXKCq7ceE=,Z9Z8dhGoXOgYghMuexA9/Fm3g6w=
-15,1,2wXkvoqaqZZEVt/QPHnXKCq7ceE=,Z9Z8dhGoXOgYghMuexA9/Fm3g6w=
-8,6,2wXkvoqaqZZEVt/QPHnXKCq7ceE=,PJCbnQDih9pa/IQo2IKy4ll1+Ys=
-8,8,2wXkvoqaqZZEVt/QPHnXKCq7ceE=,9PUPoStL0vXCBV/9bfQXu278Aw8=
-7,6,2wXkvoqaqZZEVt/QPHnXKCq7ceE=,PJCbnQDih9pa/IQo2IKy4ll1+Ys=
-8,7,2wXkvoqaqZZEVt/QPHnXKCq7ceE=,PJCbnQDih9pa/IQo2IKy4ll1+Ys=
-7,7,2wXkvoqaqZZEVt/QPHnXKCq7ceE=,PJCbnQDih9pa/IQo2IKy4ll1+Ys=
-6,8,2wXkvoqaqZZEVt/QPHnXKCq7ceE=,9PUPoStL0vXCBV/9bfQXu278Aw8=
-8,2,2wXkvoqaqZZEVt/QPHnXKCq7ceE=,PJCbnQDih9pa/IQo2IKy4ll1+Ys=
-7,8,2wXkvoqaqZZEVt/QPHnXKCq7ceE=,9PUPoStL0vXCBV/9bfQXu278Aw8=
-7,2,HHDpmYirAH8QLwH/I/fVyKUPVEc=,PJCbnQDih9pa/IQo2IKy4ll1+Ys=
-9,3,HHDpmYirAH8QLwH/I/fVyKUPVEc=,Z9Z8dhGoXOgYghMuexA9/Fm3g6w=
-7,3,HHDpmYirAH8QLwH/I/fVyKUPVEc=,PJCbnQDih9pa/IQo2IKy4ll1+Ys=
-8,3,HHDpmYirAH8QLwH/I/fVyKUPVEc=,PJCbnQDih9pa/IQo2IKy4ll1+Ys=
-9,4,HHDpmYirAH8QLwH/I/fVyKUPVEc=,Z9Z8dhGoXOgYghMuexA9/Fm3g6w=
-7,4,HHDpmYirAH8QLwH/I/fVyKUPVEc=,PJCbnQDih9pa/IQo2IKy4ll1+Ys=
-8,4,HHDpmYirAH8QLwH/I/fVyKUPVEc=,PJCbnQDih9pa/IQo2IKy4ll1+Ys=
-9,6,HHDpmYirAH8QLwH/I/fVyKUPVEc=,Z9Z8dhGoXOgYghMuexA9/Fm3g6w=
-9,7,HHDpmYirAH8QLwH/I/fVyKUPVEc=,Z9Z8dhGoXOgYghMuexA9/Fm3g6w=
-9,5,HHDpmYirAH8QLwH/I/fVyKUPVEc=,Z9Z8dhGoXOgYghMuexA9/Fm3g6w=
-8,5,HHDpmYirAH8QLwH/I/fVyKUPVEc=,PJCbnQDih9pa/IQo2IKy4ll1+Ys=
-9,2,HHDpmYirAH8QLwH/I/fVyKUPVEc=,Z9Z8dhGoXOgYghMuexA9/Fm3g6w=
-7,5,HHDpmYirAH8QLwH/I/fVyKUPVEc=,PJCbnQDih9pa/IQo2IKy4ll1+Ys=
-2,5,HHDpmYirAH8QLwH/I/fVyKUPVEc=,PJCbnQDih9pa/IQo2IKy4ll1+Ys=
-1,8,HHDpmYirAH8QLwH/I/fVyKUPVEc=,9PUPoStL0vXCBV/9bfQXu278Aw8=
-5,5,HHDpmYirAH8QLwH/I/fVyKUPVEc=,PJCbnQDih9pa/IQo2IKy4ll1+Ys=
-6,5,HHDpmYirAH8QLwH/I/fVyKUPVEc=,PJCbnQDih9pa/IQo2IKy4ll1+Ys=
-15,0,HHDpmYirAH8QLwH/I/fVyKUPVEc=,Z9Z8dhGoXOgYghMuexA9/Fm3g6w=
-3,5,HHDpmYirAH8QLwH/I/fVyKUPVEc=,PJCbnQDih9pa/IQo2IKy4ll1+Ys=
-16,0,HHDpmYirAH8QLwH/I/fVyKUPVEc=,Z9Z8dhGoXOgYghMuexA9/Fm3g6w=
-4,5,HHDpmYirAH8QLwH/I/fVyKUPVEc=,PJCbnQDih9pa/IQo2IKy4ll1+Ys=
-14,1,HHDpmYirAH8QLwH/I/fVyKUPVEc=,Z9Z8dhGoXOgYghMuexA9/Fm3g6w=
-9,1,HHDpmYirAH8QLwH/I/fVyKUPVEc=,Z9Z8dhGoXOgYghMuexA9/Fm3g6w=
-5,10,HHDpmYirAH8QLwH/I/fVyKUPVEc=,9PUPoStL0vXCBV/9bfQXu278Aw8=
-1,5,HHDpmYirAH8QLwH/I/fVyKUPVEc=,PJCbnQDih9pa/IQo2IKy4ll1+Ys=
-16,1,HHDpmYirAH8QLwH/I/fVyKUPVEc=,Z9Z8dhGoXOgYghMuexA9/Fm3g6w=
-5,11,HHDpmYirAH8QLwH/I/fVyKUPVEc=,9PUPoStL0vXCBV/9bfQXu278Aw8=
-11,1,HHDpmYirAH8QLwH/I/fVyKUPVEc=,Z9Z8dhGoXOgYghMuexA9/Fm3g6w=
-4,10,HHDpmYirAH8QLwH/I/fVyKUPVEc=,9PUPoStL0vXCBV/9bfQXu278Aw8=
-3,9,HHDpmYirAH8QLwH/I/fVyKUPVEc=,9PUPoStL0vXCBV/9bfQXu278Aw8=
-3,10,HHDpmYirAH8QLwH/I/fVyKUPVEc=,9PUPoStL0vXCBV/9bfQXu278Aw8=
-10,1,HHDpmYirAH8QLwH/I/fVyKUPVEc=,Z9Z8dhGoXOgYghMuexA9/Fm3g6w=
-4,11,HHDpmYirAH8QLwH/I/fVyKUPVEc=,9PUPoStL0vXCBV/9bfQXu278Aw8=
-3,11,HHDpmYirAH8QLwH/I/fVyKUPVEc=,9PUPoStL0vXCBV/9bfQXu278Aw8=
-1,11,HHDpmYirAH8QLwH/I/fVyKUPVEc=,9PUPoStL0vXCBV/9bfQXu278Aw8=
-1,10,HHDpmYirAH8QLwH/I/fVyKUPVEc=,9PUPoStL0vXCBV/9bfQXu278Aw8=
-4,9,HHDpmYirAH8QLwH/I/fVyKUPVEc=,9PUPoStL0vXCBV/9bfQXu278Aw8=
-11,0,HHDpmYirAH8QLwH/I/fVyKUPVEc=,Z9Z8dhGoXOgYghMuexA9/Fm3g6w=
-10,0,HHDpmYirAH8QLwH/I/fVyKUPVEc=,Z9Z8dhGoXOgYghMuexA9/Fm3g6w=
-3,6,HHDpmYirAH8QLwH/I/fVyKUPVEc=,PJCbnQDih9pa/IQo2IKy4ll1+Ys=
-12,0,HHDpmYirAH8QLwH/I/fVyKUPVEc=,Z9Z8dhGoXOgYghMuexA9/Fm3g6w=
-4,6,HHDpmYirAH8QLwH/I/fVyKUPVEc=,PJCbnQDih9pa/IQo2IKy4ll1+Ys=
-1,9,HHDpmYirAH8QLwH/I/fVyKUPVEc=,9PUPoStL0vXCBV/9bfQXu278Aw8=
-2,6,HHDpmYirAH8QLwH/I/fVyKUPVEc=,PJCbnQDih9pa/IQo2IKy4ll1+Ys=
-9,0,HHDpmYirAH8QLwH/I/fVyKUPVEc=,Z9Z8dhGoXOgYghMuexA9/Fm3g6w=
-14,0,HHDpmYirAH8QLwH/I/fVyKUPVEc=,Z9Z8dhGoXOgYghMuexA9/Fm3g6w=
-4,7,HHDpmYirAH8QLwH/I/fVyKUPVEc=,PJCbnQDih9pa/IQo2IKy4ll1+Ys=
-3,7,HHDpmYirAH8QLwH/I/fVyKUPVEc=,PJCbnQDih9pa/IQo2IKy4ll1+Ys=
-2,7,HHDpmYirAH8QLwH/I/fVyKUPVEc=,PJCbnQDih9pa/IQo2IKy4ll1+Ys=
-1,7,HHDpmYirAH8QLwH/I/fVyKUPVEc=,PJCbnQDih9pa/IQo2IKy4ll1+Ys=
-2,8,HHDpmYirAH8QLwH/I/fVyKUPVEc=,9PUPoStL0vXCBV/9bfQXu278Aw8=
-1,6,HHDpmYirAH8QLwH/I/fVyKUPVEc=,PJCbnQDih9pa/IQo2IKy4ll1+Ys=
-6,6,HHDpmYirAH8QLwH/I/fVyKUPVEc=,PJCbnQDih9pa/IQo2IKy4ll1+Ys=
-5,6,HHDpmYirAH8QLwH/I/fVyKUPVEc=,PJCbnQDih9pa/IQo2IKy4ll1+Ys=
-3,8,HHDpmYirAH8QLwH/I/fVyKUPVEc=,9PUPoStL0vXCBV/9bfQXu278Aw8=
-6,2,HHDpmYirAH8QLwH/I/fVyKUPVEc=,PJCbnQDih9pa/IQo2IKy4ll1+Ys=
-5,9,HHDpmYirAH8QLwH/I/fVyKUPVEc=,9PUPoStL0vXCBV/9bfQXu278Aw8=
-4,8,HHDpmYirAH8QLwH/I/fVyKUPVEc=,9PUPoStL0vXCBV/9bfQXu278Aw8=
-6,7,HHDpmYirAH8QLwH/I/fVyKUPVEc=,PJCbnQDih9pa/IQo2IKy4ll1+Ys=
-13,0,HHDpmYirAH8QLwH/I/fVyKUPVEc=,Z9Z8dhGoXOgYghMuexA9/Fm3g6w=
-6,3,HHDpmYirAH8QLwH/I/fVyKUPVEc=,PJCbnQDih9pa/IQo2IKy4ll1+Ys=
-5,2,HHDpmYirAH8QLwH/I/fVyKUPVEc=,PJCbnQDih9pa/IQo2IKy4ll1+Ys=
-8,1,HHDpmYirAH8QLwH/I/fVyKUPVEc=,PJCbnQDih9pa/IQo2IKy4ll1+Ys=
-6,4,HHDpmYirAH8QLwH/I/fVyKUPVEc=,PJCbnQDih9pa/IQo2IKy4ll1+Ys=
-7,1,HHDpmYirAH8QLwH/I/fVyKUPVEc=,PJCbnQDih9pa/IQo2IKy4ll1+Ys=
-5,1,HHDpmYirAH8QLwH/I/fVyKUPVEc=,PJCbnQDih9pa/IQo2IKy4ll1+Ys=
-2,9,HHDpmYirAH8QLwH/I/fVyKUPVEc=,9PUPoStL0vXCBV/9bfQXu278Aw8=
-5,4,HHDpmYirAH8QLwH/I/fVyKUPVEc=,PJCbnQDih9pa/IQo2IKy4ll1+Ys=
-6,1,HHDpmYirAH8QLwH/I/fVyKUPVEc=,PJCbnQDih9pa/IQo2IKy4ll1+Ys=
-2,4,HHDpmYirAH8QLwH/I/fVyKUPVEc=,PJCbnQDih9pa/IQo2IKy4ll1+Ys=
-6,0,HHDpmYirAH8QLwH/I/fVyKUPVEc=,PJCbnQDih9pa/IQo2IKy4ll1+Ys=
-3,4,HHDpmYirAH8QLwH/I/fVyKUPVEc=,PJCbnQDih9pa/IQo2IKy4ll1+Ys=
-1,4,HHDpmYirAH8QLwH/I/fVyKUPVEc=,PJCbnQDih9pa/IQo2IKy4ll1+Ys=
-4,4,HHDpmYirAH8QLwH/I/fVyKUPVEc=,PJCbnQDih9pa/IQo2IKy4ll1+Ys=
-5,7,HHDpmYirAH8QLwH/I/fVyKUPVEc=,PJCbnQDih9pa/IQo2IKy4ll1+Ys=
-8,0,HHDpmYirAH8QLwH/I/fVyKUPVEc=,PJCbnQDih9pa/IQo2IKy4ll1+Ys=
-7,0,HHDpmYirAH8QLwH/I/fVyKUPVEc=,PJCbnQDih9pa/IQo2IKy4ll1+Ys=
-5,3,HHDpmYirAH8QLwH/I/fVyKUPVEc=,PJCbnQDih9pa/IQo2IKy4ll1+Ys=
-5,0,HHDpmYirAH8QLwH/I/fVyKUPVEc=,PJCbnQDih9pa/IQo2IKy4ll1+Ys=
-5,8,HHDpmYirAH8QLwH/I/fVyKUPVEc=,9PUPoStL0vXCBV/9bfQXu278Aw8=
-3,1,HHDpmYirAH8QLwH/I/fVyKUPVEc=,PJCbnQDih9pa/IQo2IKy4ll1+Ys=
-4,2,HHDpmYirAH8QLwH/I/fVyKUPVEc=,PJCbnQDih9pa/IQo2IKy4ll1+Ys=
-4,0,HHDpmYirAH8QLwH/I/fVyKUPVEc=,PJCbnQDih9pa/IQo2IKy4ll1+Ys=
-1,2,HHDpmYirAH8QLwH/I/fVyKUPVEc=,PJCbnQDih9pa/IQo2IKy4ll1+Ys=
-4,1,HHDpmYirAH8QLwH/I/fVyKUPVEc=,PJCbnQDih9pa/IQo2IKy4ll1+Ys=
-2,1,HHDpmYirAH8QLwH/I/fVyKUPVEc=,PJCbnQDih9pa/IQo2IKy4ll1+Ys=
-1,3,HHDpmYirAH8QLwH/I/fVyKUPVEc=,PJCbnQDih9pa/IQo2IKy4ll1+Ys=
-3,0,HHDpmYirAH8QLwH/I/fVyKUPVEc=,PJCbnQDih9pa/IQo2IKy4ll1+Ys=
-2,2,HHDpmYirAH8QLwH/I/fVyKUPVEc=,PJCbnQDih9pa/IQo2IKy4ll1+Ys=
-1,1,HHDpmYirAH8QLwH/I/fVyKUPVEc=,PJCbnQDih9pa/IQo2IKy4ll1+Ys=
-1,0,HHDpmYirAH8QLwH/I/fVyKUPVEc=,PJCbnQDih9pa/IQo2IKy4ll1+Ys=
-2,0,HHDpmYirAH8QLwH/I/fVyKUPVEc=,PJCbnQDih9pa/IQo2IKy4ll1+Ys=
-2,3,HHDpmYirAH8QLwH/I/fVyKUPVEc=,PJCbnQDih9pa/IQo2IKy4ll1+Ys=
-3,2,HHDpmYirAH8QLwH/I/fVyKUPVEc=,PJCbnQDih9pa/IQo2IKy4ll1+Ys=
-4,3,HHDpmYirAH8QLwH/I/fVyKUPVEc=,PJCbnQDih9pa/IQo2IKy4ll1+Ys=
-3,3,HHDpmYirAH8QLwH/I/fVyKUPVEc=,PJCbnQDih9pa/IQo2IKy4ll1+Ys=
