-9,35,ahR7UVphhnKVFntxTivDhCY1lNE=,KgYrGIJPyn8ZzxxPVWtT79NuMS0=
-10,35,ahR7UVphhnKVFntxTivDhCY1lNE=,KgYrGIJPyn8ZzxxPVWtT79NuMS0=
-11,34,ahR7UVphhnKVFntxTivDhCY1lNE=,KgYrGIJPyn8ZzxxPVWtT79NuMS0=
-11,35,ahR7UVphhnKVFntxTivDhCY1lNE=,KgYrGIJPyn8ZzxxPVWtT79NuMS0=
-12,34,ahR7UVphhnKVFntxTivDhCY1lNE=,KgYrGIJPyn8ZzxxPVWtT79NuMS0=
-13,34,ahR7UVphhnKVFntxTivDhCY1lNE=,KgYrGIJPyn8ZzxxPVWtT79NuMS0=
-14,34,ahR7UVphhnKVFntxTivDhCY1lNE=,KgYrGIJPyn8ZzxxPVWtT79NuMS0=
-11,33,ahR7UVphhnKVFntxTivDhCY1lNE=,KgYrGIJPyn8ZzxxPVWtT79NuMS0=
-15,34,ahR7UVphhnKVFntxTivDhCY1lNE=,KgYrGIJPyn8ZzxxPVWtT79NuMS0=
-1,47,ahR7UVphhnKVFntxTivDhCY1lNE=,KgYrGIJPyn8ZzxxPVWtT79NuMS0=
-12,33,ahR7UVphhnKVFntxTivDhCY1lNE=,KgYrGIJPyn8ZzxxPVWtT79NuMS0=
-12,35,ahR7UVphhnKVFntxTivDhCY1lNE=,KgYrGIJPyn8ZzxxPVWtT79NuMS0=
-2,47,ahR7UVphhnKVFntxTivDhCY1lNE=,KgYrGIJPyn8ZzxxPVWtT79NuMS0=
-3,47,ahR7UVphhnKVFntxTivDhCY1lNE=,KgYrGIJPyn8ZzxxPVWtT79NuMS0=
-4,47,ahR7UVphhnKVFntxTivDhCY1lNE=,KgYrGIJPyn8ZzxxPVWtT79NuMS0=
-5,47,ahR7UVphhnKVFntxTivDhCY1lNE=,KgYrGIJPyn8ZzxxPVWtT79NuMS0=
-6,47,ahR7UVphhnKVFntxTivDhCY1lNE=,KgYrGIJPyn8ZzxxPVWtT79NuMS0=
-7,47,ahR7UVphhnKVFntxTivDhCY1lNE=,KgYrGIJPyn8ZzxxPVWtT79NuMS0=
-8,47,ahR7UVphhnKVFntxTivDhCY1lNE=,KgYrGIJPyn8ZzxxPVWtT79NuMS0=
-9,47,ahR7UVphhnKVFntxTivDhCY1lNE=,KgYrGIJPyn8ZzxxPVWtT79NuMS0=
-10,47,ahR7UVphhnKVFntxTivDhCY1lNE=,KgYrGIJPyn8ZzxxPVWtT79NuMS0=
-11,47,ahR7UVphhnKVFntxTivDhCY1lNE=,KgYrGIJPyn8ZzxxPVWtT79NuMS0=
-12,47,ahR7UVphhnKVFntxTivDhCY1lNE=,KgYrGIJPyn8ZzxxPVWtT79NuMS0=
-13,47,ahR7UVphhnKVFntxTivDhCY1lNE=,KgYrGIJPyn8ZzxxPVWtT79NuMS0=
-14,47,ahR7UVphhnKVFntxTivDhCY1lNE=,KgYrGIJPyn8ZzxxPVWtT79NuMS0=
-15,47,ahR7UVphhnKVFntxTivDhCY1lNE=,KgYrGIJPyn8ZzxxPVWtT79NuMS0=
-16,47,ahR7UVphhnKVFntxTivDhCY1lNE=,KgYrGIJPyn8ZzxxPVWtT79NuMS0=
-1,46,ahR7UVphhnKVFntxTivDhCY1lNE=,KgYrGIJPyn8ZzxxPVWtT79NuMS0=
-13,35,ahR7UVphhnKVFntxTivDhCY1lNE=,KgYrGIJPyn8ZzxxPVWtT79NuMS0=
-2,46,ahR7UVphhnKVFntxTivDhCY1lNE=,KgYrGIJPyn8ZzxxPVWtT79NuMS0=
-16,34,ahR7UVphhnKVFntxTivDhCY1lNE=,KgYrGIJPyn8ZzxxPVWtT79NuMS0=
-3,46,ahR7UVphhnKVFntxTivDhCY1lNE=,KgYrGIJPyn8ZzxxPVWtT79NuMS0=
-4,46,ahR7UVphhnKVFntxTivDhCY1lNE=,KgYrGIJPyn8ZzxxPVWtT79NuMS0=
-5,46,ahR7UVphhnKVFntxTivDhCY1lNE=,KgYrGIJPyn8ZzxxPVWtT79NuMS0=
-6,46,ahR7UVphhnKVFntxTivDhCY1lNE=,KgYrGIJPyn8ZzxxPVWtT79NuMS0=
-7,46,ahR7UVphhnKVFntxTivDhCY1lNE=,KgYrGIJPyn8ZzxxPVWtT79NuMS0=
-8,46,ahR7UVphhnKVFntxTivDhCY1lNE=,KgYrGIJPyn8ZzxxPVWtT79NuMS0=
-9,46,ahR7UVphhnKVFntxTivDhCY1lNE=,KgYrGIJPyn8ZzxxPVWtT79NuMS0=
-10,46,ahR7UVphhnKVFntxTivDhCY1lNE=,KgYrGIJPyn8ZzxxPVWtT79NuMS0=
-11,46,ahR7UVphhnKVFntxTivDhCY1lNE=,KgYrGIJPyn8ZzxxPVWtT79NuMS0=
-12,46,ahR7UVphhnKVFntxTivDhCY1lNE=,KgYrGIJPyn8ZzxxPVWtT79NuMS0=
-13,46,ahR7UVphhnKVFntxTivDhCY1lNE=,KgYrGIJPyn8ZzxxPVWtT79NuMS0=
-14,46,ahR7UVphhnKVFntxTivDhCY1lNE=,KgYrGIJPyn8ZzxxPVWtT79NuMS0=
-15,46,ahR7UVphhnKVFntxTivDhCY1lNE=,KgYrGIJPyn8ZzxxPVWtT79NuMS0=
-16,46,ahR7UVphhnKVFntxTivDhCY1lNE=,KgYrGIJPyn8ZzxxPVWtT79NuMS0=
-13,33,ahR7UVphhnKVFntxTivDhCY1lNE=,KgYrGIJPyn8ZzxxPVWtT79NuMS0=
-1,45,ahR7UVphhnKVFntxTivDhCY1lNE=,KgYrGIJPyn8ZzxxPVWtT79NuMS0=
-14,35,ahR7UVphhnKVFntxTivDhCY1lNE=,KgYrGIJPyn8ZzxxPVWtT79NuMS0=
-2,45,ahR7UVphhnKVFntxTivDhCY1lNE=,KgYrGIJPyn8ZzxxPVWtT79NuMS0=
-3,45,ahR7UVphhnKVFntxTivDhCY1lNE=,KgYrGIJPyn8ZzxxPVWtT79NuMS0=
-4,45,ahR7UVphhnKVFntxTivDhCY1lNE=,KgYrGIJPyn8ZzxxPVWtT79NuMS0=
-5,45,ahR7UVphhnKVFntxTivDhCY1lNE=,KgYrGIJPyn8ZzxxPVWtT79NuMS0=
-6,45,ahR7UVphhnKVFntxTivDhCY1lNE=,KgYrGIJPyn8ZzxxPVWtT79NuMS0=
-7,45,ahR7UVphhnKVFntxTivDhCY1lNE=,KgYrGIJPyn8ZzxxPVWtT79NuMS0=
-9,45,ahR7UVphhnKVFntxTivDhCY1lNE=,KgYrGIJPyn8ZzxxPVWtT79NuMS0=
-8,45,ahR7UVphhnKVFntxTivDhCY1lNE=,KgYrGIJPyn8ZzxxPVWtT79NuMS0=
-10,45,ahR7UVphhnKVFntxTivDhCY1lNE=,KgYrGIJPyn8ZzxxPVWtT79NuMS0=
-11,45,ahR7UVphhnKVFntxTivDhCY1lNE=,KgYrGIJPyn8ZzxxPVWtT79NuMS0=
-12,45,ahR7UVphhnKVFntxTivDhCY1lNE=,KgYrGIJPyn8ZzxxPVWtT79NuMS0=
-13,45,ahR7UVphhnKVFntxTivDhCY1lNE=,KgYrGIJPyn8ZzxxPVWtT79NuMS0=
-14,45,ahR7UVphhnKVFntxTivDhCY1lNE=,KgYrGIJPyn8ZzxxPVWtT79NuMS0=
-15,45,ahR7UVphhnKVFntxTivDhCY1lNE=,KgYrGIJPyn8ZzxxPVWtT79NuMS0=
-16,45,ahR7UVphhnKVFntxTivDhCY1lNE=,KgYrGIJPyn8ZzxxPVWtT79NuMS0=
-1,44,ahR7UVphhnKVFntxTivDhCY1lNE=,KgYrGIJPyn8ZzxxPVWtT79NuMS0=
-14,33,ahR7UVphhnKVFntxTivDhCY1lNE=,KgYrGIJPyn8ZzxxPVWtT79NuMS0=
-15,35,ahR7UVphhnKVFntxTivDhCY1lNE=,KgYrGIJPyn8ZzxxPVWtT79NuMS0=
-2,44,ahR7UVphhnKVFntxTivDhCY1lNE=,KgYrGIJPyn8ZzxxPVWtT79NuMS0=
-15,33,ahR7UVphhnKVFntxTivDhCY1lNE=,KgYrGIJPyn8ZzxxPVWtT79NuMS0=
-3,44,ahR7UVphhnKVFntxTivDhCY1lNE=,KgYrGIJPyn8ZzxxPVWtT79NuMS0=
-4,44,ahR7UVphhnKVFntxTivDhCY1lNE=,KgYrGIJPyn8ZzxxPVWtT79NuMS0=
-5,44,ahR7UVphhnKVFntxTivDhCY1lNE=,KgYrGIJPyn8ZzxxPVWtT79NuMS0=
-6,44,ahR7UVphhnKVFntxTivDhCY1lNE=,KgYrGIJPyn8ZzxxPVWtT79NuMS0=
-7,44,ahR7UVphhnKVFntxTivDhCY1lNE=,KgYrGIJPyn8ZzxxPVWtT79NuMS0=
-8,44,ahR7UVphhnKVFntxTivDhCY1lNE=,KgYrGIJPyn8ZzxxPVWtT79NuMS0=
-9,44,ahR7UVphhnKVFntxTivDhCY1lNE=,KgYrGIJPyn8ZzxxPVWtT79NuMS0=
-10,44,ahR7UVphhnKVFntxTivDhCY1lNE=,KgYrGIJPyn8ZzxxPVWtT79NuMS0=
-11,44,ahR7UVphhnKVFntxTivDhCY1lNE=,KgYrGIJPyn8ZzxxPVWtT79NuMS0=
-12,44,ahR7UVphhnKVFntxTivDhCY1lNE=,KgYrGIJPyn8ZzxxPVWtT79NuMS0=
-13,44,ahR7UVphhnKVFntxTivDhCY1lNE=,KgYrGIJPyn8ZzxxPVWtT79NuMS0=
-14,44,ahR7UVphhnKVFntxTivDhCY1lNE=,KgYrGIJPyn8ZzxxPVWtT79NuMS0=
-15,44,ahR7UVphhnKVFntxTivDhCY1lNE=,KgYrGIJPyn8ZzxxPVWtT79NuMS0=
-16,44,ahR7UVphhnKVFntxTivDhCY1lNE=,KgYrGIJPyn8ZzxxPVWtT79NuMS0=
-16,33,ahR7UVphhnKVFntxTivDhCY1lNE=,KgYrGIJPyn8ZzxxPVWtT79NuMS0=
-16,35,ahR7UVphhnKVFntxTivDhCY1lNE=,KgYrGIJPyn8ZzxxPVWtT79NuMS0=
-1,34,ahR7UVphhnKVFntxTivDhCY1lNE=,KgYrGIJPyn8ZzxxPVWtT79NuMS0=
-1,43,ahR7UVphhnKVFntxTivDhCY1lNE=,KgYrGIJPyn8ZzxxPVWtT79NuMS0=
-2,43,ahR7UVphhnKVFntxTivDhCY1lNE=,KgYrGIJPyn8ZzxxPVWtT79NuMS0=
-3,43,ahR7UVphhnKVFntxTivDhCY1lNE=,KgYrGIJPyn8ZzxxPVWtT79NuMS0=
-4,43,ahR7UVphhnKVFntxTivDhCY1lNE=,KgYrGIJPyn8ZzxxPVWtT79NuMS0=
-5,43,ahR7UVphhnKVFntxTivDhCY1lNE=,KgYrGIJPyn8ZzxxPVWtT79NuMS0=
-6,43,ahR7UVphhnKVFntxTivDhCY1lNE=,KgYrGIJPyn8ZzxxPVWtT79NuMS0=
-7,43,ahR7UVphhnKVFntxTivDhCY1lNE=,KgYrGIJPyn8ZzxxPVWtT79NuMS0=
-8,43,ahR7UVphhnKVFntxTivDhCY1lNE=,KgYrGIJPyn8ZzxxPVWtT79NuMS0=
-9,43,ahR7UVphhnKVFntxTivDhCY1lNE=,KgYrGIJPyn8ZzxxPVWtT79NuMS0=
-10,43,ahR7UVphhnKVFntxTivDhCY1lNE=,KgYrGIJPyn8ZzxxPVWtT79NuMS0=
-11,43,ahR7UVphhnKVFntxTivDhCY1lNE=,KgYrGIJPyn8ZzxxPVWtT79NuMS0=
-12,43,ahR7UVphhnKVFntxTivDhCY1lNE=,KgYrGIJPyn8ZzxxPVWtT79NuMS0=
-13,43,ahR7UVphhnKVFntxTivDhCY1lNE=,KgYrGIJPyn8ZzxxPVWtT79NuMS0=
-1,33,ahR7UVphhnKVFntxTivDhCY1lNE=,KgYrGIJPyn8ZzxxPVWtT79NuMS0=
-2,33,ahR7UVphhnKVFntxTivDhCY1lNE=,KgYrGIJPyn8ZzxxPVWtT79NuMS0=
-14,43,ahR7UVphhnKVFntxTivDhCY1lNE=,KgYrGIJPyn8ZzxxPVWtT79NuMS0=
-15,43,ahR7UVphhnKVFntxTivDhCY1lNE=,KgYrGIJPyn8ZzxxPVWtT79NuMS0=
-3,33,ahR7UVphhnKVFntxTivDhCY1lNE=,KgYrGIJPyn8ZzxxPVWtT79NuMS0=
-16,43,ahR7UVphhnKVFntxTivDhCY1lNE=,KgYrGIJPyn8ZzxxPVWtT79NuMS0=
-2,34,ahR7UVphhnKVFntxTivDhCY1lNE=,KgYrGIJPyn8ZzxxPVWtT79NuMS0=
-1,42,ahR7UVphhnKVFntxTivDhCY1lNE=,KgYrGIJPyn8ZzxxPVWtT79NuMS0=
-2,42,ahR7UVphhnKVFntxTivDhCY1lNE=,KgYrGIJPyn8ZzxxPVWtT79NuMS0=
-3,42,ahR7UVphhnKVFntxTivDhCY1lNE=,KgYrGIJPyn8ZzxxPVWtT79NuMS0=
-4,42,ahR7UVphhnKVFntxTivDhCY1lNE=,KgYrGIJPyn8ZzxxPVWtT79NuMS0=
-5,42,ahR7UVphhnKVFntxTivDhCY1lNE=,KgYrGIJPyn8ZzxxPVWtT79NuMS0=
-6,42,ahR7UVphhnKVFntxTivDhCY1lNE=,KgYrGIJPyn8ZzxxPVWtT79NuMS0=
-7,42,ahR7UVphhnKVFntxTivDhCY1lNE=,KgYrGIJPyn8ZzxxPVWtT79NuMS0=
-8,42,ahR7UVphhnKVFntxTivDhCY1lNE=,KgYrGIJPyn8ZzxxPVWtT79NuMS0=
-9,42,ahR7UVphhnKVFntxTivDhCY1lNE=,KgYrGIJPyn8ZzxxPVWtT79NuMS0=
-10,42,ahR7UVphhnKVFntxTivDhCY1lNE=,KgYrGIJPyn8ZzxxPVWtT79NuMS0=
-11,42,ahR7UVphhnKVFntxTivDhCY1lNE=,KgYrGIJPyn8ZzxxPVWtT79NuMS0=
-12,42,ahR7UVphhnKVFntxTivDhCY1lNE=,KgYrGIJPyn8ZzxxPVWtT79NuMS0=
-4,33,ahR7UVphhnKVFntxTivDhCY1lNE=,KgYrGIJPyn8ZzxxPVWtT79NuMS0=
-13,42,ahR7UVphhnKVFntxTivDhCY1lNE=,KgYrGIJPyn8ZzxxPVWtT79NuMS0=
-14,42,ahR7UVphhnKVFntxTivDhCY1lNE=,KgYrGIJPyn8ZzxxPVWtT79NuMS0=
-3,34,ahR7UVphhnKVFntxTivDhCY1lNE=,KgYrGIJPyn8ZzxxPVWtT79NuMS0=
-15,42,ahR7UVphhnKVFntxTivDhCY1lNE=,KgYrGIJPyn8ZzxxPVWtT79NuMS0=
-16,42,ahR7UVphhnKVFntxTivDhCY1lNE=,KgYrGIJPyn8ZzxxPVWtT79NuMS0=
-4,34,ahR7UVphhnKVFntxTivDhCY1lNE=,KgYrGIJPyn8ZzxxPVWtT79NuMS0=
-1,41,ahR7UVphhnKVFntxTivDhCY1lNE=,KgYrGIJPyn8ZzxxPVWtT79NuMS0=
-2,41,ahR7UVphhnKVFntxTivDhCY1lNE=,KgYrGIJPyn8ZzxxPVWtT79NuMS0=
-3,41,ahR7UVphhnKVFntxTivDhCY1lNE=,KgYrGIJPyn8ZzxxPVWtT79NuMS0=
-4,41,ahR7UVphhnKVFntxTivDhCY1lNE=,KgYrGIJPyn8ZzxxPVWtT79NuMS0=
-5,41,ahR7UVphhnKVFntxTivDhCY1lNE=,KgYrGIJPyn8ZzxxPVWtT79NuMS0=
-6,41,ahR7UVphhnKVFntxTivDhCY1lNE=,KgYrGIJPyn8ZzxxPVWtT79NuMS0=
-7,41,ahR7UVphhnKVFntxTivDhCY1lNE=,KgYrGIJPyn8ZzxxPVWtT79NuMS0=
-8,41,ahR7UVphhnKVFntxTivDhCY1lNE=,KgYrGIJPyn8ZzxxPVWtT79NuMS0=
-9,41,ahR7UVphhnKVFntxTivDhCY1lNE=,KgYrGIJPyn8ZzxxPVWtT79NuMS0=
-10,41,ahR7UVphhnKVFntxTivDhCY1lNE=,KgYrGIJPyn8ZzxxPVWtT79NuMS0=
-11,41,ahR7UVphhnKVFntxTivDhCY1lNE=,KgYrGIJPyn8ZzxxPVWtT79NuMS0=
-12,41,ahR7UVphhnKVFntxTivDhCY1lNE=,KgYrGIJPyn8ZzxxPVWtT79NuMS0=
-13,41,ahR7UVphhnKVFntxTivDhCY1lNE=,KgYrGIJPyn8ZzxxPVWtT79NuMS0=
-14,41,ahR7UVphhnKVFntxTivDhCY1lNE=,KgYrGIJPyn8ZzxxPVWtT79NuMS0=
-5,33,ahR7UVphhnKVFntxTivDhCY1lNE=,KgYrGIJPyn8ZzxxPVWtT79NuMS0=
-15,41,ahR7UVphhnKVFntxTivDhCY1lNE=,KgYrGIJPyn8ZzxxPVWtT79NuMS0=
-16,41,ahR7UVphhnKVFntxTivDhCY1lNE=,KgYrGIJPyn8ZzxxPVWtT79NuMS0=
-5,34,ahR7UVphhnKVFntxTivDhCY1lNE=,KgYrGIJPyn8ZzxxPVWtT79NuMS0=
-1,40,ahR7UVphhnKVFntxTivDhCY1lNE=,KgYrGIJPyn8ZzxxPVWtT79NuMS0=
-2,40,ahR7UVphhnKVFntxTivDhCY1lNE=,KgYrGIJPyn8ZzxxPVWtT79NuMS0=
-3,40,ahR7UVphhnKVFntxTivDhCY1lNE=,KgYrGIJPyn8ZzxxPVWtT79NuMS0=
-4,40,ahR7UVphhnKVFntxTivDhCY1lNE=,KgYrGIJPyn8ZzxxPVWtT79NuMS0=
-6,40,ahR7UVphhnKVFntxTivDhCY1lNE=,KgYrGIJPyn8ZzxxPVWtT79NuMS0=
-5,40,ahR7UVphhnKVFntxTivDhCY1lNE=,KgYrGIJPyn8ZzxxPVWtT79NuMS0=
-7,40,ahR7UVphhnKVFntxTivDhCY1lNE=,KgYrGIJPyn8ZzxxPVWtT79NuMS0=
-8,40,ahR7UVphhnKVFntxTivDhCY1lNE=,KgYrGIJPyn8ZzxxPVWtT79NuMS0=
-9,40,ahR7UVphhnKVFntxTivDhCY1lNE=,KgYrGIJPyn8ZzxxPVWtT79NuMS0=
-10,40,ahR7UVphhnKVFntxTivDhCY1lNE=,KgYrGIJPyn8ZzxxPVWtT79NuMS0=
-11,40,ahR7UVphhnKVFntxTivDhCY1lNE=,KgYrGIJPyn8ZzxxPVWtT79NuMS0=
-12,40,ahR7UVphhnKVFntxTivDhCY1lNE=,KgYrGIJPyn8ZzxxPVWtT79NuMS0=
-13,40,ahR7UVphhnKVFntxTivDhCY1lNE=,KgYrGIJPyn8ZzxxPVWtT79NuMS0=
-14,40,ahR7UVphhnKVFntxTivDhCY1lNE=,KgYrGIJPyn8ZzxxPVWtT79NuMS0=
-15,40,ahR7UVphhnKVFntxTivDhCY1lNE=,KgYrGIJPyn8ZzxxPVWtT79NuMS0=
-16,40,ahR7UVphhnKVFntxTivDhCY1lNE=,KgYrGIJPyn8ZzxxPVWtT79NuMS0=
-6,33,ahR7UVphhnKVFntxTivDhCY1lNE=,KgYrGIJPyn8ZzxxPVWtT79NuMS0=
-1,39,ahR7UVphhnKVFntxTivDhCY1lNE=,KgYrGIJPyn8ZzxxPVWtT79NuMS0=
-2,39,ahR7UVphhnKVFntxTivDhCY1lNE=,KgYrGIJPyn8ZzxxPVWtT79NuMS0=
-3,39,ahR7UVphhnKVFntxTivDhCY1lNE=,KgYrGIJPyn8ZzxxPVWtT79NuMS0=
-6,34,ahR7UVphhnKVFntxTivDhCY1lNE=,KgYrGIJPyn8ZzxxPVWtT79NuMS0=
-4,39,ahR7UVphhnKVFntxTivDhCY1lNE=,KgYrGIJPyn8ZzxxPVWtT79NuMS0=
-5,39,ahR7UVphhnKVFntxTivDhCY1lNE=,KgYrGIJPyn8ZzxxPVWtT79NuMS0=
-8,39,ahR7UVphhnKVFntxTivDhCY1lNE=,KgYrGIJPyn8ZzxxPVWtT79NuMS0=
-6,39,ahR7UVphhnKVFntxTivDhCY1lNE=,KgYrGIJPyn8ZzxxPVWtT79NuMS0=
-7,39,ahR7UVphhnKVFntxTivDhCY1lNE=,KgYrGIJPyn8ZzxxPVWtT79NuMS0=
-9,39,ahR7UVphhnKVFntxTivDhCY1lNE=,KgYrGIJPyn8ZzxxPVWtT79NuMS0=
-10,39,ahR7UVphhnKVFntxTivDhCY1lNE=,KgYrGIJPyn8ZzxxPVWtT79NuMS0=
-11,39,ahR7UVphhnKVFntxTivDhCY1lNE=,KgYrGIJPyn8ZzxxPVWtT79NuMS0=
-12,39,ahR7UVphhnKVFntxTivDhCY1lNE=,KgYrGIJPyn8ZzxxPVWtT79NuMS0=
-13,39,ahR7UVphhnKVFntxTivDhCY1lNE=,KgYrGIJPyn8ZzxxPVWtT79NuMS0=
-15,39,ahR7UVphhnKVFntxTivDhCY1lNE=,KgYrGIJPyn8ZzxxPVWtT79NuMS0=
-14,39,ahR7UVphhnKVFntxTivDhCY1lNE=,KgYrGIJPyn8ZzxxPVWtT79NuMS0=
-7,33,ahR7UVphhnKVFntxTivDhCY1lNE=,KgYrGIJPyn8ZzxxPVWtT79NuMS0=
-1,38,ahR7UVphhnKVFntxTivDhCY1lNE=,KgYrGIJPyn8ZzxxPVWtT79NuMS0=
-7,34,ahR7UVphhnKVFntxTivDhCY1lNE=,KgYrGIJPyn8ZzxxPVWtT79NuMS0=
-2,38,ahR7UVphhnKVFntxTivDhCY1lNE=,KgYrGIJPyn8ZzxxPVWtT79NuMS0=
-4,38,ahR7UVphhnKVFntxTivDhCY1lNE=,KgYrGIJPyn8ZzxxPVWtT79NuMS0=
-3,38,ahR7UVphhnKVFntxTivDhCY1lNE=,KgYrGIJPyn8ZzxxPVWtT79NuMS0=
-16,39,ahR7UVphhnKVFntxTivDhCY1lNE=,KgYrGIJPyn8ZzxxPVWtT79NuMS0=
-6,38,ahR7UVphhnKVFntxTivDhCY1lNE=,KgYrGIJPyn8ZzxxPVWtT79NuMS0=
-5,38,ahR7UVphhnKVFntxTivDhCY1lNE=,KgYrGIJPyn8ZzxxPVWtT79NuMS0=
-7,38,ahR7UVphhnKVFntxTivDhCY1lNE=,KgYrGIJPyn8ZzxxPVWtT79NuMS0=
-8,38,ahR7UVphhnKVFntxTivDhCY1lNE=,KgYrGIJPyn8ZzxxPVWtT79NuMS0=
-9,38,ahR7UVphhnKVFntxTivDhCY1lNE=,KgYrGIJPyn8ZzxxPVWtT79NuMS0=
-10,38,ahR7UVphhnKVFntxTivDhCY1lNE=,KgYrGIJPyn8ZzxxPVWtT79NuMS0=
-12,38,ahR7UVphhnKVFntxTivDhCY1lNE=,KgYrGIJPyn8ZzxxPVWtT79NuMS0=
-11,38,ahR7UVphhnKVFntxTivDhCY1lNE=,KgYrGIJPyn8ZzxxPVWtT79NuMS0=
-13,38,ahR7UVphhnKVFntxTivDhCY1lNE=,KgYrGIJPyn8ZzxxPVWtT79NuMS0=
-14,38,ahR7UVphhnKVFntxTivDhCY1lNE=,KgYrGIJPyn8ZzxxPVWtT79NuMS0=
-15,38,ahR7UVphhnKVFntxTivDhCY1lNE=,KgYrGIJPyn8ZzxxPVWtT79NuMS0=
-16,38,ahR7UVphhnKVFntxTivDhCY1lNE=,KgYrGIJPyn8ZzxxPVWtT79NuMS0=
-1,37,ahR7UVphhnKVFntxTivDhCY1lNE=,KgYrGIJPyn8ZzxxPVWtT79NuMS0=
-2,37,ahR7UVphhnKVFntxTivDhCY1lNE=,KgYrGIJPyn8ZzxxPVWtT79NuMS0=
-8,33,ahR7UVphhnKVFntxTivDhCY1lNE=,KgYrGIJPyn8ZzxxPVWtT79NuMS0=
-8,34,ahR7UVphhnKVFntxTivDhCY1lNE=,KgYrGIJPyn8ZzxxPVWtT79NuMS0=
-6,37,ahR7UVphhnKVFntxTivDhCY1lNE=,KgYrGIJPyn8ZzxxPVWtT79NuMS0=
-4,37,ahR7UVphhnKVFntxTivDhCY1lNE=,KgYrGIJPyn8ZzxxPVWtT79NuMS0=
-5,37,ahR7UVphhnKVFntxTivDhCY1lNE=,KgYrGIJPyn8ZzxxPVWtT79NuMS0=
-3,37,ahR7UVphhnKVFntxTivDhCY1lNE=,KgYrGIJPyn8ZzxxPVWtT79NuMS0=
-7,37,ahR7UVphhnKVFntxTivDhCY1lNE=,KgYrGIJPyn8ZzxxPVWtT79NuMS0=
-8,37,ahR7UVphhnKVFntxTivDhCY1lNE=,KgYrGIJPyn8ZzxxPVWtT79NuMS0=
-10,37,ahR7UVphhnKVFntxTivDhCY1lNE=,KgYrGIJPyn8ZzxxPVWtT79NuMS0=
-9,37,ahR7UVphhnKVFntxTivDhCY1lNE=,KgYrGIJPyn8ZzxxPVWtT79NuMS0=
-11,37,ahR7UVphhnKVFntxTivDhCY1lNE=,KgYrGIJPyn8ZzxxPVWtT79NuMS0=
-12,37,ahR7UVphhnKVFntxTivDhCY1lNE=,KgYrGIJPyn8ZzxxPVWtT79NuMS0=
-14,37,ahR7UVphhnKVFntxTivDhCY1lNE=,KgYrGIJPyn8ZzxxPVWtT79NuMS0=
-13,37,ahR7UVphhnKVFntxTivDhCY1lNE=,KgYrGIJPyn8ZzxxPVWtT79NuMS0=
-15,37,ahR7UVphhnKVFntxTivDhCY1lNE=,KgYrGIJPyn8ZzxxPVWtT79NuMS0=
-9,33,ahR7UVphhnKVFntxTivDhCY1lNE=,KgYrGIJPyn8ZzxxPVWtT79NuMS0=
-9,34,ahR7UVphhnKVFntxTivDhCY1lNE=,KgYrGIJPyn8ZzxxPVWtT79NuMS0=
-16,37,ahR7UVphhnKVFntxTivDhCY1lNE=,KgYrGIJPyn8ZzxxPVWtT79NuMS0=
-1,36,ahR7UVphhnKVFntxTivDhCY1lNE=,KgYrGIJPyn8ZzxxPVWtT79NuMS0=
-2,36,ahR7UVphhnKVFntxTivDhCY1lNE=,KgYrGIJPyn8ZzxxPVWtT79NuMS0=
-3,36,ahR7UVphhnKVFntxTivDhCY1lNE=,KgYrGIJPyn8ZzxxPVWtT79NuMS0=
-4,36,ahR7UVphhnKVFntxTivDhCY1lNE=,KgYrGIJPyn8ZzxxPVWtT79NuMS0=
-5,36,ahR7UVphhnKVFntxTivDhCY1lNE=,KgYrGIJPyn8ZzxxPVWtT79NuMS0=
-6,36,ahR7UVphhnKVFntxTivDhCY1lNE=,KgYrGIJPyn8ZzxxPVWtT79NuMS0=
-9,36,ahR7UVphhnKVFntxTivDhCY1lNE=,KgYrGIJPyn8ZzxxPVWtT79NuMS0=
-10,36,ahR7UVphhnKVFntxTivDhCY1lNE=,KgYrGIJPyn8ZzxxPVWtT79NuMS0=
-8,36,ahR7UVphhnKVFntxTivDhCY1lNE=,KgYrGIJPyn8ZzxxPVWtT79NuMS0=
-7,36,ahR7UVphhnKVFntxTivDhCY1lNE=,KgYrGIJPyn8ZzxxPVWtT79NuMS0=
-12,36,ahR7UVphhnKVFntxTivDhCY1lNE=,KgYrGIJPyn8ZzxxPVWtT79NuMS0=
-11,36,ahR7UVphhnKVFntxTivDhCY1lNE=,KgYrGIJPyn8ZzxxPVWtT79NuMS0=
-14,36,ahR7UVphhnKVFntxTivDhCY1lNE=,KgYrGIJPyn8ZzxxPVWtT79NuMS0=
-13,36,ahR7UVphhnKVFntxTivDhCY1lNE=,KgYrGIJPyn8ZzxxPVWtT79NuMS0=
-10,33,ahR7UVphhnKVFntxTivDhCY1lNE=,KgYrGIJPyn8ZzxxPVWtT79NuMS0=
-15,36,ahR7UVphhnKVFntxTivDhCY1lNE=,KgYrGIJPyn8ZzxxPVWtT79NuMS0=
-16,36,ahR7UVphhnKVFntxTivDhCY1lNE=,KgYrGIJPyn8ZzxxPVWtT79NuMS0=
-10,34,ahR7UVphhnKVFntxTivDhCY1lNE=,KgYrGIJPyn8ZzxxPVWtT79NuMS0=
-1,35,ahR7UVphhnKVFntxTivDhCY1lNE=,KgYrGIJPyn8ZzxxPVWtT79NuMS0=
-2,35,ahR7UVphhnKVFntxTivDhCY1lNE=,KgYrGIJPyn8ZzxxPVWtT79NuMS0=
-3,35,ahR7UVphhnKVFntxTivDhCY1lNE=,KgYrGIJPyn8ZzxxPVWtT79NuMS0=
-5,35,ahR7UVphhnKVFntxTivDhCY1lNE=,KgYrGIJPyn8ZzxxPVWtT79NuMS0=
-4,35,ahR7UVphhnKVFntxTivDhCY1lNE=,KgYrGIJPyn8ZzxxPVWtT79NuMS0=
-6,35,ahR7UVphhnKVFntxTivDhCY1lNE=,KgYrGIJPyn8ZzxxPVWtT79NuMS0=
-7,35,ahR7UVphhnKVFntxTivDhCY1lNE=,KgYrGIJPyn8ZzxxPVWtT79NuMS0=
-8,35,ahR7UVphhnKVFntxTivDhCY1lNE=,KgYrGIJPyn8ZzxxPVWtT79NuMS0=
-10,32,ahR7UVphhnKVFntxTivDhCY1lNE=,KgYrGIJPyn8ZzxxPVWtT79NuMS0=
-9,32,ahR7UVphhnKVFntxTivDhCY1lNE=,KgYrGIJPyn8ZzxxPVWtT79NuMS0=
-16,32,ahR7UVphhnKVFntxTivDhCY1lNE=,KgYrGIJPyn8ZzxxPVWtT79NuMS0=
-8,32,ahR7UVphhnKVFntxTivDhCY1lNE=,KgYrGIJPyn8ZzxxPVWtT79NuMS0=
-7,32,ahR7UVphhnKVFntxTivDhCY1lNE=,KgYrGIJPyn8ZzxxPVWtT79NuMS0=
-6,32,ahR7UVphhnKVFntxTivDhCY1lNE=,KgYrGIJPyn8ZzxxPVWtT79NuMS0=
-5,32,ahR7UVphhnKVFntxTivDhCY1lNE=,KgYrGIJPyn8ZzxxPVWtT79NuMS0=
-4,32,ahR7UVphhnKVFntxTivDhCY1lNE=,KgYrGIJPyn8ZzxxPVWtT79NuMS0=
-3,32,ahR7UVphhnKVFntxTivDhCY1lNE=,KgYrGIJPyn8ZzxxPVWtT79NuMS0=
-2,32,ahR7UVphhnKVFntxTivDhCY1lNE=,KgYrGIJPyn8ZzxxPVWtT79NuMS0=
-14,32,ahR7UVphhnKVFntxTivDhCY1lNE=,KgYrGIJPyn8ZzxxPVWtT79NuMS0=
-12,32,ahR7UVphhnKVFntxTivDhCY1lNE=,KgYrGIJPyn8ZzxxPVWtT79NuMS0=
-15,32,ahR7UVphhnKVFntxTivDhCY1lNE=,KgYrGIJPyn8ZzxxPVWtT79NuMS0=
-11,32,ahR7UVphhnKVFntxTivDhCY1lNE=,KgYrGIJPyn8ZzxxPVWtT79NuMS0=
-13,32,ahR7UVphhnKVFntxTivDhCY1lNE=,KgYrGIJPyn8ZzxxPVWtT79NuMS0=
-1,32,ahR7UVphhnKVFntxTivDhCY1lNE=,KgYrGIJPyn8ZzxxPVWtT79NuMS0=
