7,35,QV0BwwxJhbxlpFU3Yc6SK598yvY=,JNnNvbf5NvbpAbMH9AV5C7a0uvA=
6,32,QV0BwwxJhbxlpFU3Yc6SK598yvY=,JNnNvbf5NvbpAbMH9AV5C7a0uvA=
8,32,QV0BwwxJhbxlpFU3Yc6SK598yvY=,JNnNvbf5NvbpAbMH9AV5C7a0uvA=
7,32,QV0BwwxJhbxlpFU3Yc6SK598yvY=,JNnNvbf5NvbpAbMH9AV5C7a0uvA=
9,32,QV0BwwxJhbxlpFU3Yc6SK598yvY=,JNnNvbf5NvbpAbMH9AV5C7a0uvA=
10,32,QV0BwwxJhbxlpFU3Yc6SK598yvY=,JNnNvbf5NvbpAbMH9AV5C7a0uvA=
11,32,QV0BwwxJhbxlpFU3Yc6SK598yvY=,JNnNvbf5NvbpAbMH9AV5C7a0uvA=
12,32,QV0BwwxJhbxlpFU3Yc6SK598yvY=,JNnNvbf5NvbpAbMH9AV5C7a0uvA=
2,32,QV0BwwxJhbxlpFU3Yc6SK598yvY=,JNnNvbf5NvbpAbMH9AV5C7a0uvA=
13,32,QV0BwwxJhbxlpFU3Yc6SK598yvY=,JNnNvbf5NvbpAbMH9AV5C7a0uvA=
14,32,QV0BwwxJhbxlpFU3Yc6SK598yvY=,JNnNvbf5NvbpAbMH9AV5C7a0uvA=
15,32,QV0BwwxJhbxlpFU3Yc6SK598yvY=,JNnNvbf5NvbpAbMH9AV5C7a0uvA=
4,32,QV0BwwxJhbxlpFU3Yc6SK598yvY=,JNnNvbf5NvbpAbMH9AV5C7a0uvA=
3,32,QV0BwwxJhbxlpFU3Yc6SK598yvY=,JNnNvbf5NvbpAbMH9AV5C7a0uvA=
5,32,QV0BwwxJhbxlpFU3Yc6SK598yvY=,JNnNvbf5NvbpAbMH9AV5C7a0uvA=
6,35,QV0BwwxJhbxlpFU3Yc6SK598yvY=,JNnNvbf5NvbpAbMH9AV5C7a0uvA=
5,34,QV0BwwxJhbxlpFU3Yc6SK598yvY=,JNnNvbf5NvbpAbMH9AV5C7a0uvA=
4,34,QV0BwwxJhbxlpFU3Yc6SK598yvY=,JNnNvbf5NvbpAbMH9AV5C7a0uvA=
3,34,QV0BwwxJhbxlpFU3Yc6SK598yvY=,JNnNvbf5NvbpAbMH9AV5C7a0uvA=
5,35,QV0BwwxJhbxlpFU3Yc6SK598yvY=,JNnNvbf5NvbpAbMH9AV5C7a0uvA=
2,34,QV0BwwxJhbxlpFU3Yc6SK598yvY=,JNnNvbf5NvbpAbMH9AV5C7a0uvA=
1,34,QV0BwwxJhbxlpFU3Yc6SK598yvY=,JNnNvbf5NvbpAbMH9AV5C7a0uvA=
15,47,QV0BwwxJhbxlpFU3Yc6SK598yvY=,JNnNvbf5NvbpAbMH9AV5C7a0uvA=
14,47,QV0BwwxJhbxlpFU3Yc6SK598yvY=,JNnNvbf5NvbpAbMH9AV5C7a0uvA=
13,47,QV0BwwxJhbxlpFU3Yc6SK598yvY=,JNnNvbf5NvbpAbMH9AV5C7a0uvA=
12,47,QV0BwwxJhbxlpFU3Yc6SK598yvY=,JNnNvbf5NvbpAbMH9AV5C7a0uvA=
11,47,QV0BwwxJhbxlpFU3Yc6SK598yvY=,JNnNvbf5NvbpAbMH9AV5C7a0uvA=
5,33,QV0BwwxJhbxlpFU3Yc6SK598yvY=,JNnNvbf5NvbpAbMH9AV5C7a0uvA=
15,33,QV0BwwxJhbxlpFU3Yc6SK598yvY=,JNnNvbf5NvbpAbMH9AV5C7a0uvA=
4,35,QV0BwwxJhbxlpFU3Yc6SK598yvY=,JNnNvbf5NvbpAbMH9AV5C7a0uvA=
10,47,QV0BwwxJhbxlpFU3Yc6SK598yvY=,JNnNvbf5NvbpAbMH9AV5C7a0uvA=
9,47,QV0BwwxJhbxlpFU3Yc6SK598yvY=,JNnNvbf5NvbpAbMH9AV5C7a0uvA=
8,47,QV0BwwxJhbxlpFU3Yc6SK598yvY=,JNnNvbf5NvbpAbMH9AV5C7a0uvA=
7,47,QV0BwwxJhbxlpFU3Yc6SK598yvY=,JNnNvbf5NvbpAbMH9AV5C7a0uvA=
6,47,QV0BwwxJhbxlpFU3Yc6SK598yvY=,JNnNvbf5NvbpAbMH9AV5C7a0uvA=
5,47,QV0BwwxJhbxlpFU3Yc6SK598yvY=,JNnNvbf5NvbpAbMH9AV5C7a0uvA=
4,47,QV0BwwxJhbxlpFU3Yc6SK598yvY=,JNnNvbf5NvbpAbMH9AV5C7a0uvA=
4,33,QV0BwwxJhbxlpFU3Yc6SK598yvY=,JNnNvbf5NvbpAbMH9AV5C7a0uvA=
14,33,QV0BwwxJhbxlpFU3Yc6SK598yvY=,JNnNvbf5NvbpAbMH9AV5C7a0uvA=
3,47,QV0BwwxJhbxlpFU3Yc6SK598yvY=,JNnNvbf5NvbpAbMH9AV5C7a0uvA=
3,33,QV0BwwxJhbxlpFU3Yc6SK598yvY=,JNnNvbf5NvbpAbMH9AV5C7a0uvA=
3,35,QV0BwwxJhbxlpFU3Yc6SK598yvY=,JNnNvbf5NvbpAbMH9AV5C7a0uvA=
2,47,QV0BwwxJhbxlpFU3Yc6SK598yvY=,JNnNvbf5NvbpAbMH9AV5C7a0uvA=
1,47,QV0BwwxJhbxlpFU3Yc6SK598yvY=,JNnNvbf5NvbpAbMH9AV5C7a0uvA=
0,47,QV0BwwxJhbxlpFU3Yc6SK598yvY=,JNnNvbf5NvbpAbMH9AV5C7a0uvA=
15,46,QV0BwwxJhbxlpFU3Yc6SK598yvY=,JNnNvbf5NvbpAbMH9AV5C7a0uvA=
14,46,QV0BwwxJhbxlpFU3Yc6SK598yvY=,JNnNvbf5NvbpAbMH9AV5C7a0uvA=
13,46,QV0BwwxJhbxlpFU3Yc6SK598yvY=,JNnNvbf5NvbpAbMH9AV5C7a0uvA=
12,46,QV0BwwxJhbxlpFU3Yc6SK598yvY=,JNnNvbf5NvbpAbMH9AV5C7a0uvA=
11,46,QV0BwwxJhbxlpFU3Yc6SK598yvY=,JNnNvbf5NvbpAbMH9AV5C7a0uvA=
10,46,QV0BwwxJhbxlpFU3Yc6SK598yvY=,JNnNvbf5NvbpAbMH9AV5C7a0uvA=
8,46,QV0BwwxJhbxlpFU3Yc6SK598yvY=,JNnNvbf5NvbpAbMH9AV5C7a0uvA=
7,46,QV0BwwxJhbxlpFU3Yc6SK598yvY=,JNnNvbf5NvbpAbMH9AV5C7a0uvA=
9,46,QV0BwwxJhbxlpFU3Yc6SK598yvY=,JNnNvbf5NvbpAbMH9AV5C7a0uvA=
6,46,QV0BwwxJhbxlpFU3Yc6SK598yvY=,JNnNvbf5NvbpAbMH9AV5C7a0uvA=
5,46,QV0BwwxJhbxlpFU3Yc6SK598yvY=,JNnNvbf5NvbpAbMH9AV5C7a0uvA=
4,46,QV0BwwxJhbxlpFU3Yc6SK598yvY=,JNnNvbf5NvbpAbMH9AV5C7a0uvA=
3,46,QV0BwwxJhbxlpFU3Yc6SK598yvY=,JNnNvbf5NvbpAbMH9AV5C7a0uvA=
2,46,QV0BwwxJhbxlpFU3Yc6SK598yvY=,JNnNvbf5NvbpAbMH9AV5C7a0uvA=
1,46,QV0BwwxJhbxlpFU3Yc6SK598yvY=,JNnNvbf5NvbpAbMH9AV5C7a0uvA=
2,35,QV0BwwxJhbxlpFU3Yc6SK598yvY=,JNnNvbf5NvbpAbMH9AV5C7a0uvA=
0,46,QV0BwwxJhbxlpFU3Yc6SK598yvY=,JNnNvbf5NvbpAbMH9AV5C7a0uvA=
15,45,QV0BwwxJhbxlpFU3Yc6SK598yvY=,JNnNvbf5NvbpAbMH9AV5C7a0uvA=
14,45,QV0BwwxJhbxlpFU3Yc6SK598yvY=,JNnNvbf5NvbpAbMH9AV5C7a0uvA=
13,45,QV0BwwxJhbxlpFU3Yc6SK598yvY=,JNnNvbf5NvbpAbMH9AV5C7a0uvA=
12,45,QV0BwwxJhbxlpFU3Yc6SK598yvY=,JNnNvbf5NvbpAbMH9AV5C7a0uvA=
11,45,QV0BwwxJhbxlpFU3Yc6SK598yvY=,JNnNvbf5NvbpAbMH9AV5C7a0uvA=
10,45,QV0BwwxJhbxlpFU3Yc6SK598yvY=,JNnNvbf5NvbpAbMH9AV5C7a0uvA=
9,45,QV0BwwxJhbxlpFU3Yc6SK598yvY=,JNnNvbf5NvbpAbMH9AV5C7a0uvA=
8,45,QV0BwwxJhbxlpFU3Yc6SK598yvY=,JNnNvbf5NvbpAbMH9AV5C7a0uvA=
7,45,QV0BwwxJhbxlpFU3Yc6SK598yvY=,JNnNvbf5NvbpAbMH9AV5C7a0uvA=
6,45,QV0BwwxJhbxlpFU3Yc6SK598yvY=,JNnNvbf5NvbpAbMH9AV5C7a0uvA=
5,45,QV0BwwxJhbxlpFU3Yc6SK598yvY=,JNnNvbf5NvbpAbMH9AV5C7a0uvA=
4,45,QV0BwwxJhbxlpFU3Yc6SK598yvY=,JNnNvbf5NvbpAbMH9AV5C7a0uvA=
2,45,QV0BwwxJhbxlpFU3Yc6SK598yvY=,JNnNvbf5NvbpAbMH9AV5C7a0uvA=
3,45,QV0BwwxJhbxlpFU3Yc6SK598yvY=,JNnNvbf5NvbpAbMH9AV5C7a0uvA=
2,33,QV0BwwxJhbxlpFU3Yc6SK598yvY=,JNnNvbf5NvbpAbMH9AV5C7a0uvA=
1,35,QV0BwwxJhbxlpFU3Yc6SK598yvY=,JNnNvbf5NvbpAbMH9AV5C7a0uvA=
1,45,QV0BwwxJhbxlpFU3Yc6SK598yvY=,JNnNvbf5NvbpAbMH9AV5C7a0uvA=
0,45,QV0BwwxJhbxlpFU3Yc6SK598yvY=,JNnNvbf5NvbpAbMH9AV5C7a0uvA=
15,44,QV0BwwxJhbxlpFU3Yc6SK598yvY=,JNnNvbf5NvbpAbMH9AV5C7a0uvA=
14,44,QV0BwwxJhbxlpFU3Yc6SK598yvY=,JNnNvbf5NvbpAbMH9AV5C7a0uvA=
13,44,QV0BwwxJhbxlpFU3Yc6SK598yvY=,JNnNvbf5NvbpAbMH9AV5C7a0uvA=
12,44,QV0BwwxJhbxlpFU3Yc6SK598yvY=,JNnNvbf5NvbpAbMH9AV5C7a0uvA=
11,44,QV0BwwxJhbxlpFU3Yc6SK598yvY=,JNnNvbf5NvbpAbMH9AV5C7a0uvA=
10,44,QV0BwwxJhbxlpFU3Yc6SK598yvY=,JNnNvbf5NvbpAbMH9AV5C7a0uvA=
8,44,QV0BwwxJhbxlpFU3Yc6SK598yvY=,JNnNvbf5NvbpAbMH9AV5C7a0uvA=
7,44,QV0BwwxJhbxlpFU3Yc6SK598yvY=,JNnNvbf5NvbpAbMH9AV5C7a0uvA=
6,44,QV0BwwxJhbxlpFU3Yc6SK598yvY=,JNnNvbf5NvbpAbMH9AV5C7a0uvA=
5,44,QV0BwwxJhbxlpFU3Yc6SK598yvY=,JNnNvbf5NvbpAbMH9AV5C7a0uvA=
9,44,QV0BwwxJhbxlpFU3Yc6SK598yvY=,JNnNvbf5NvbpAbMH9AV5C7a0uvA=
4,44,QV0BwwxJhbxlpFU3Yc6SK598yvY=,JNnNvbf5NvbpAbMH9AV5C7a0uvA=
2,44,QV0BwwxJhbxlpFU3Yc6SK598yvY=,JNnNvbf5NvbpAbMH9AV5C7a0uvA=
3,44,QV0BwwxJhbxlpFU3Yc6SK598yvY=,JNnNvbf5NvbpAbMH9AV5C7a0uvA=
1,44,QV0BwwxJhbxlpFU3Yc6SK598yvY=,JNnNvbf5NvbpAbMH9AV5C7a0uvA=
0,44,QV0BwwxJhbxlpFU3Yc6SK598yvY=,JNnNvbf5NvbpAbMH9AV5C7a0uvA=
15,43,QV0BwwxJhbxlpFU3Yc6SK598yvY=,JNnNvbf5NvbpAbMH9AV5C7a0uvA=
14,43,QV0BwwxJhbxlpFU3Yc6SK598yvY=,JNnNvbf5NvbpAbMH9AV5C7a0uvA=
0,35,QV0BwwxJhbxlpFU3Yc6SK598yvY=,JNnNvbf5NvbpAbMH9AV5C7a0uvA=
11,43,QV0BwwxJhbxlpFU3Yc6SK598yvY=,JNnNvbf5NvbpAbMH9AV5C7a0uvA=
13,43,QV0BwwxJhbxlpFU3Yc6SK598yvY=,JNnNvbf5NvbpAbMH9AV5C7a0uvA=
9,43,QV0BwwxJhbxlpFU3Yc6SK598yvY=,JNnNvbf5NvbpAbMH9AV5C7a0uvA=
10,43,QV0BwwxJhbxlpFU3Yc6SK598yvY=,JNnNvbf5NvbpAbMH9AV5C7a0uvA=
7,43,QV0BwwxJhbxlpFU3Yc6SK598yvY=,JNnNvbf5NvbpAbMH9AV5C7a0uvA=
8,43,QV0BwwxJhbxlpFU3Yc6SK598yvY=,JNnNvbf5NvbpAbMH9AV5C7a0uvA=
6,43,QV0BwwxJhbxlpFU3Yc6SK598yvY=,JNnNvbf5NvbpAbMH9AV5C7a0uvA=
12,43,QV0BwwxJhbxlpFU3Yc6SK598yvY=,JNnNvbf5NvbpAbMH9AV5C7a0uvA=
4,43,QV0BwwxJhbxlpFU3Yc6SK598yvY=,JNnNvbf5NvbpAbMH9AV5C7a0uvA=
3,43,QV0BwwxJhbxlpFU3Yc6SK598yvY=,JNnNvbf5NvbpAbMH9AV5C7a0uvA=
2,43,QV0BwwxJhbxlpFU3Yc6SK598yvY=,JNnNvbf5NvbpAbMH9AV5C7a0uvA=
5,43,QV0BwwxJhbxlpFU3Yc6SK598yvY=,JNnNvbf5NvbpAbMH9AV5C7a0uvA=
1,43,QV0BwwxJhbxlpFU3Yc6SK598yvY=,JNnNvbf5NvbpAbMH9AV5C7a0uvA=
0,43,QV0BwwxJhbxlpFU3Yc6SK598yvY=,JNnNvbf5NvbpAbMH9AV5C7a0uvA=
0,33,QV0BwwxJhbxlpFU3Yc6SK598yvY=,JNnNvbf5NvbpAbMH9AV5C7a0uvA=
15,42,QV0BwwxJhbxlpFU3Yc6SK598yvY=,JNnNvbf5NvbpAbMH9AV5C7a0uvA=
15,34,QV0BwwxJhbxlpFU3Yc6SK598yvY=,JNnNvbf5NvbpAbMH9AV5C7a0uvA=
14,42,QV0BwwxJhbxlpFU3Yc6SK598yvY=,JNnNvbf5NvbpAbMH9AV5C7a0uvA=
13,42,QV0BwwxJhbxlpFU3Yc6SK598yvY=,JNnNvbf5NvbpAbMH9AV5C7a0uvA=
12,42,QV0BwwxJhbxlpFU3Yc6SK598yvY=,JNnNvbf5NvbpAbMH9AV5C7a0uvA=
10,42,QV0BwwxJhbxlpFU3Yc6SK598yvY=,JNnNvbf5NvbpAbMH9AV5C7a0uvA=
8,42,QV0BwwxJhbxlpFU3Yc6SK598yvY=,JNnNvbf5NvbpAbMH9AV5C7a0uvA=
9,42,QV0BwwxJhbxlpFU3Yc6SK598yvY=,JNnNvbf5NvbpAbMH9AV5C7a0uvA=
7,42,QV0BwwxJhbxlpFU3Yc6SK598yvY=,JNnNvbf5NvbpAbMH9AV5C7a0uvA=
11,42,QV0BwwxJhbxlpFU3Yc6SK598yvY=,JNnNvbf5NvbpAbMH9AV5C7a0uvA=
5,42,QV0BwwxJhbxlpFU3Yc6SK598yvY=,JNnNvbf5NvbpAbMH9AV5C7a0uvA=
3,42,QV0BwwxJhbxlpFU3Yc6SK598yvY=,JNnNvbf5NvbpAbMH9AV5C7a0uvA=
6,42,QV0BwwxJhbxlpFU3Yc6SK598yvY=,JNnNvbf5NvbpAbMH9AV5C7a0uvA=
4,42,QV0BwwxJhbxlpFU3Yc6SK598yvY=,JNnNvbf5NvbpAbMH9AV5C7a0uvA=
2,42,QV0BwwxJhbxlpFU3Yc6SK598yvY=,JNnNvbf5NvbpAbMH9AV5C7a0uvA=
0,42,QV0BwwxJhbxlpFU3Yc6SK598yvY=,JNnNvbf5NvbpAbMH9AV5C7a0uvA=
1,42,QV0BwwxJhbxlpFU3Yc6SK598yvY=,JNnNvbf5NvbpAbMH9AV5C7a0uvA=
14,34,QV0BwwxJhbxlpFU3Yc6SK598yvY=,JNnNvbf5NvbpAbMH9AV5C7a0uvA=
15,41,QV0BwwxJhbxlpFU3Yc6SK598yvY=,JNnNvbf5NvbpAbMH9AV5C7a0uvA=
13,34,QV0BwwxJhbxlpFU3Yc6SK598yvY=,JNnNvbf5NvbpAbMH9AV5C7a0uvA=
14,41,QV0BwwxJhbxlpFU3Yc6SK598yvY=,JNnNvbf5NvbpAbMH9AV5C7a0uvA=
13,41,QV0BwwxJhbxlpFU3Yc6SK598yvY=,JNnNvbf5NvbpAbMH9AV5C7a0uvA=
12,41,QV0BwwxJhbxlpFU3Yc6SK598yvY=,JNnNvbf5NvbpAbMH9AV5C7a0uvA=
10,41,QV0BwwxJhbxlpFU3Yc6SK598yvY=,JNnNvbf5NvbpAbMH9AV5C7a0uvA=
9,41,QV0BwwxJhbxlpFU3Yc6SK598yvY=,JNnNvbf5NvbpAbMH9AV5C7a0uvA=
11,41,QV0BwwxJhbxlpFU3Yc6SK598yvY=,JNnNvbf5NvbpAbMH9AV5C7a0uvA=
8,41,QV0BwwxJhbxlpFU3Yc6SK598yvY=,JNnNvbf5NvbpAbMH9AV5C7a0uvA=
7,41,QV0BwwxJhbxlpFU3Yc6SK598yvY=,JNnNvbf5NvbpAbMH9AV5C7a0uvA=
6,41,QV0BwwxJhbxlpFU3Yc6SK598yvY=,JNnNvbf5NvbpAbMH9AV5C7a0uvA=
5,41,QV0BwwxJhbxlpFU3Yc6SK598yvY=,JNnNvbf5NvbpAbMH9AV5C7a0uvA=
4,41,QV0BwwxJhbxlpFU3Yc6SK598yvY=,JNnNvbf5NvbpAbMH9AV5C7a0uvA=
13,33,QV0BwwxJhbxlpFU3Yc6SK598yvY=,JNnNvbf5NvbpAbMH9AV5C7a0uvA=
3,41,QV0BwwxJhbxlpFU3Yc6SK598yvY=,JNnNvbf5NvbpAbMH9AV5C7a0uvA=
12,34,QV0BwwxJhbxlpFU3Yc6SK598yvY=,JNnNvbf5NvbpAbMH9AV5C7a0uvA=
0,41,QV0BwwxJhbxlpFU3Yc6SK598yvY=,JNnNvbf5NvbpAbMH9AV5C7a0uvA=
1,41,QV0BwwxJhbxlpFU3Yc6SK598yvY=,JNnNvbf5NvbpAbMH9AV5C7a0uvA=
2,41,QV0BwwxJhbxlpFU3Yc6SK598yvY=,JNnNvbf5NvbpAbMH9AV5C7a0uvA=
12,33,QV0BwwxJhbxlpFU3Yc6SK598yvY=,JNnNvbf5NvbpAbMH9AV5C7a0uvA=
11,33,QV0BwwxJhbxlpFU3Yc6SK598yvY=,JNnNvbf5NvbpAbMH9AV5C7a0uvA=
15,40,QV0BwwxJhbxlpFU3Yc6SK598yvY=,JNnNvbf5NvbpAbMH9AV5C7a0uvA=
13,40,QV0BwwxJhbxlpFU3Yc6SK598yvY=,JNnNvbf5NvbpAbMH9AV5C7a0uvA=
14,40,QV0BwwxJhbxlpFU3Yc6SK598yvY=,JNnNvbf5NvbpAbMH9AV5C7a0uvA=
12,40,QV0BwwxJhbxlpFU3Yc6SK598yvY=,JNnNvbf5NvbpAbMH9AV5C7a0uvA=
11,40,QV0BwwxJhbxlpFU3Yc6SK598yvY=,JNnNvbf5NvbpAbMH9AV5C7a0uvA=
10,40,QV0BwwxJhbxlpFU3Yc6SK598yvY=,JNnNvbf5NvbpAbMH9AV5C7a0uvA=
9,40,QV0BwwxJhbxlpFU3Yc6SK598yvY=,JNnNvbf5NvbpAbMH9AV5C7a0uvA=
7,40,QV0BwwxJhbxlpFU3Yc6SK598yvY=,JNnNvbf5NvbpAbMH9AV5C7a0uvA=
8,40,QV0BwwxJhbxlpFU3Yc6SK598yvY=,JNnNvbf5NvbpAbMH9AV5C7a0uvA=
5,40,QV0BwwxJhbxlpFU3Yc6SK598yvY=,JNnNvbf5NvbpAbMH9AV5C7a0uvA=
6,40,QV0BwwxJhbxlpFU3Yc6SK598yvY=,JNnNvbf5NvbpAbMH9AV5C7a0uvA=
4,40,QV0BwwxJhbxlpFU3Yc6SK598yvY=,JNnNvbf5NvbpAbMH9AV5C7a0uvA=
2,40,QV0BwwxJhbxlpFU3Yc6SK598yvY=,JNnNvbf5NvbpAbMH9AV5C7a0uvA=
3,40,QV0BwwxJhbxlpFU3Yc6SK598yvY=,JNnNvbf5NvbpAbMH9AV5C7a0uvA=
11,34,QV0BwwxJhbxlpFU3Yc6SK598yvY=,JNnNvbf5NvbpAbMH9AV5C7a0uvA=
0,40,QV0BwwxJhbxlpFU3Yc6SK598yvY=,JNnNvbf5NvbpAbMH9AV5C7a0uvA=
1,40,QV0BwwxJhbxlpFU3Yc6SK598yvY=,JNnNvbf5NvbpAbMH9AV5C7a0uvA=
10,33,QV0BwwxJhbxlpFU3Yc6SK598yvY=,JNnNvbf5NvbpAbMH9AV5C7a0uvA=
15,39,QV0BwwxJhbxlpFU3Yc6SK598yvY=,JNnNvbf5NvbpAbMH9AV5C7a0uvA=
14,39,QV0BwwxJhbxlpFU3Yc6SK598yvY=,JNnNvbf5NvbpAbMH9AV5C7a0uvA=
13,39,QV0BwwxJhbxlpFU3Yc6SK598yvY=,JNnNvbf5NvbpAbMH9AV5C7a0uvA=
10,34,QV0BwwxJhbxlpFU3Yc6SK598yvY=,JNnNvbf5NvbpAbMH9AV5C7a0uvA=
12,39,QV0BwwxJhbxlpFU3Yc6SK598yvY=,JNnNvbf5NvbpAbMH9AV5C7a0uvA=
11,39,QV0BwwxJhbxlpFU3Yc6SK598yvY=,JNnNvbf5NvbpAbMH9AV5C7a0uvA=
9,39,QV0BwwxJhbxlpFU3Yc6SK598yvY=,JNnNvbf5NvbpAbMH9AV5C7a0uvA=
10,39,QV0BwwxJhbxlpFU3Yc6SK598yvY=,JNnNvbf5NvbpAbMH9AV5C7a0uvA=
7,39,QV0BwwxJhbxlpFU3Yc6SK598yvY=,JNnNvbf5NvbpAbMH9AV5C7a0uvA=
8,39,QV0BwwxJhbxlpFU3Yc6SK598yvY=,JNnNvbf5NvbpAbMH9AV5C7a0uvA=
6,39,QV0BwwxJhbxlpFU3Yc6SK598yvY=,JNnNvbf5NvbpAbMH9AV5C7a0uvA=
5,39,QV0BwwxJhbxlpFU3Yc6SK598yvY=,JNnNvbf5NvbpAbMH9AV5C7a0uvA=
4,39,QV0BwwxJhbxlpFU3Yc6SK598yvY=,JNnNvbf5NvbpAbMH9AV5C7a0uvA=
3,39,QV0BwwxJhbxlpFU3Yc6SK598yvY=,JNnNvbf5NvbpAbMH9AV5C7a0uvA=
2,39,QV0BwwxJhbxlpFU3Yc6SK598yvY=,JNnNvbf5NvbpAbMH9AV5C7a0uvA=
0,39,QV0BwwxJhbxlpFU3Yc6SK598yvY=,JNnNvbf5NvbpAbMH9AV5C7a0uvA=
1,39,QV0BwwxJhbxlpFU3Yc6SK598yvY=,JNnNvbf5NvbpAbMH9AV5C7a0uvA=
9,34,QV0BwwxJhbxlpFU3Yc6SK598yvY=,JNnNvbf5NvbpAbMH9AV5C7a0uvA=
15,38,QV0BwwxJhbxlpFU3Yc6SK598yvY=,JNnNvbf5NvbpAbMH9AV5C7a0uvA=
14,38,QV0BwwxJhbxlpFU3Yc6SK598yvY=,JNnNvbf5NvbpAbMH9AV5C7a0uvA=
13,38,QV0BwwxJhbxlpFU3Yc6SK598yvY=,JNnNvbf5NvbpAbMH9AV5C7a0uvA=
12,38,QV0BwwxJhbxlpFU3Yc6SK598yvY=,JNnNvbf5NvbpAbMH9AV5C7a0uvA=
11,38,QV0BwwxJhbxlpFU3Yc6SK598yvY=,JNnNvbf5NvbpAbMH9AV5C7a0uvA=
9,33,QV0BwwxJhbxlpFU3Yc6SK598yvY=,JNnNvbf5NvbpAbMH9AV5C7a0uvA=
9,38,QV0BwwxJhbxlpFU3Yc6SK598yvY=,JNnNvbf5NvbpAbMH9AV5C7a0uvA=
8,33,QV0BwwxJhbxlpFU3Yc6SK598yvY=,JNnNvbf5NvbpAbMH9AV5C7a0uvA=
8,38,QV0BwwxJhbxlpFU3Yc6SK598yvY=,JNnNvbf5NvbpAbMH9AV5C7a0uvA=
7,38,QV0BwwxJhbxlpFU3Yc6SK598yvY=,JNnNvbf5NvbpAbMH9AV5C7a0uvA=
10,38,QV0BwwxJhbxlpFU3Yc6SK598yvY=,JNnNvbf5NvbpAbMH9AV5C7a0uvA=
6,38,QV0BwwxJhbxlpFU3Yc6SK598yvY=,JNnNvbf5NvbpAbMH9AV5C7a0uvA=
5,38,QV0BwwxJhbxlpFU3Yc6SK598yvY=,JNnNvbf5NvbpAbMH9AV5C7a0uvA=
4,38,QV0BwwxJhbxlpFU3Yc6SK598yvY=,JNnNvbf5NvbpAbMH9AV5C7a0uvA=
2,38,QV0BwwxJhbxlpFU3Yc6SK598yvY=,JNnNvbf5NvbpAbMH9AV5C7a0uvA=
1,38,QV0BwwxJhbxlpFU3Yc6SK598yvY=,JNnNvbf5NvbpAbMH9AV5C7a0uvA=
3,38,QV0BwwxJhbxlpFU3Yc6SK598yvY=,JNnNvbf5NvbpAbMH9AV5C7a0uvA=
0,38,QV0BwwxJhbxlpFU3Yc6SK598yvY=,JNnNvbf5NvbpAbMH9AV5C7a0uvA=
8,34,QV0BwwxJhbxlpFU3Yc6SK598yvY=,JNnNvbf5NvbpAbMH9AV5C7a0uvA=
14,37,QV0BwwxJhbxlpFU3Yc6SK598yvY=,JNnNvbf5NvbpAbMH9AV5C7a0uvA=
15,37,QV0BwwxJhbxlpFU3Yc6SK598yvY=,JNnNvbf5NvbpAbMH9AV5C7a0uvA=
13,37,QV0BwwxJhbxlpFU3Yc6SK598yvY=,JNnNvbf5NvbpAbMH9AV5C7a0uvA=
12,37,QV0BwwxJhbxlpFU3Yc6SK598yvY=,JNnNvbf5NvbpAbMH9AV5C7a0uvA=
10,37,QV0BwwxJhbxlpFU3Yc6SK598yvY=,JNnNvbf5NvbpAbMH9AV5C7a0uvA=
9,37,QV0BwwxJhbxlpFU3Yc6SK598yvY=,JNnNvbf5NvbpAbMH9AV5C7a0uvA=
11,37,QV0BwwxJhbxlpFU3Yc6SK598yvY=,JNnNvbf5NvbpAbMH9AV5C7a0uvA=
7,37,QV0BwwxJhbxlpFU3Yc6SK598yvY=,JNnNvbf5NvbpAbMH9AV5C7a0uvA=
8,37,QV0BwwxJhbxlpFU3Yc6SK598yvY=,JNnNvbf5NvbpAbMH9AV5C7a0uvA=
5,37,QV0BwwxJhbxlpFU3Yc6SK598yvY=,JNnNvbf5NvbpAbMH9AV5C7a0uvA=
6,37,QV0BwwxJhbxlpFU3Yc6SK598yvY=,JNnNvbf5NvbpAbMH9AV5C7a0uvA=
4,37,QV0BwwxJhbxlpFU3Yc6SK598yvY=,JNnNvbf5NvbpAbMH9AV5C7a0uvA=
3,37,QV0BwwxJhbxlpFU3Yc6SK598yvY=,JNnNvbf5NvbpAbMH9AV5C7a0uvA=
7,33,QV0BwwxJhbxlpFU3Yc6SK598yvY=,JNnNvbf5NvbpAbMH9AV5C7a0uvA=
1,37,QV0BwwxJhbxlpFU3Yc6SK598yvY=,JNnNvbf5NvbpAbMH9AV5C7a0uvA=
2,37,QV0BwwxJhbxlpFU3Yc6SK598yvY=,JNnNvbf5NvbpAbMH9AV5C7a0uvA=
7,34,QV0BwwxJhbxlpFU3Yc6SK598yvY=,JNnNvbf5NvbpAbMH9AV5C7a0uvA=
0,37,QV0BwwxJhbxlpFU3Yc6SK598yvY=,JNnNvbf5NvbpAbMH9AV5C7a0uvA=
15,36,QV0BwwxJhbxlpFU3Yc6SK598yvY=,JNnNvbf5NvbpAbMH9AV5C7a0uvA=
14,36,QV0BwwxJhbxlpFU3Yc6SK598yvY=,JNnNvbf5NvbpAbMH9AV5C7a0uvA=
13,36,QV0BwwxJhbxlpFU3Yc6SK598yvY=,JNnNvbf5NvbpAbMH9AV5C7a0uvA=
12,36,QV0BwwxJhbxlpFU3Yc6SK598yvY=,JNnNvbf5NvbpAbMH9AV5C7a0uvA=
11,36,QV0BwwxJhbxlpFU3Yc6SK598yvY=,JNnNvbf5NvbpAbMH9AV5C7a0uvA=
10,36,QV0BwwxJhbxlpFU3Yc6SK598yvY=,JNnNvbf5NvbpAbMH9AV5C7a0uvA=
9,36,QV0BwwxJhbxlpFU3Yc6SK598yvY=,JNnNvbf5NvbpAbMH9AV5C7a0uvA=
8,36,QV0BwwxJhbxlpFU3Yc6SK598yvY=,JNnNvbf5NvbpAbMH9AV5C7a0uvA=
6,36,QV0BwwxJhbxlpFU3Yc6SK598yvY=,JNnNvbf5NvbpAbMH9AV5C7a0uvA=
7,36,QV0BwwxJhbxlpFU3Yc6SK598yvY=,JNnNvbf5NvbpAbMH9AV5C7a0uvA=
5,36,QV0BwwxJhbxlpFU3Yc6SK598yvY=,JNnNvbf5NvbpAbMH9AV5C7a0uvA=
4,36,QV0BwwxJhbxlpFU3Yc6SK598yvY=,JNnNvbf5NvbpAbMH9AV5C7a0uvA=
6,33,QV0BwwxJhbxlpFU3Yc6SK598yvY=,JNnNvbf5NvbpAbMH9AV5C7a0uvA=
2,36,QV0BwwxJhbxlpFU3Yc6SK598yvY=,JNnNvbf5NvbpAbMH9AV5C7a0uvA=
3,36,QV0BwwxJhbxlpFU3Yc6SK598yvY=,JNnNvbf5NvbpAbMH9AV5C7a0uvA=
1,36,QV0BwwxJhbxlpFU3Yc6SK598yvY=,JNnNvbf5NvbpAbMH9AV5C7a0uvA=
6,34,QV0BwwxJhbxlpFU3Yc6SK598yvY=,JNnNvbf5NvbpAbMH9AV5C7a0uvA=
0,36,QV0BwwxJhbxlpFU3Yc6SK598yvY=,JNnNvbf5NvbpAbMH9AV5C7a0uvA=
15,35,QV0BwwxJhbxlpFU3Yc6SK598yvY=,JNnNvbf5NvbpAbMH9AV5C7a0uvA=
14,35,QV0BwwxJhbxlpFU3Yc6SK598yvY=,JNnNvbf5NvbpAbMH9AV5C7a0uvA=
13,35,QV0BwwxJhbxlpFU3Yc6SK598yvY=,JNnNvbf5NvbpAbMH9AV5C7a0uvA=
11,35,QV0BwwxJhbxlpFU3Yc6SK598yvY=,JNnNvbf5NvbpAbMH9AV5C7a0uvA=
12,35,QV0BwwxJhbxlpFU3Yc6SK598yvY=,JNnNvbf5NvbpAbMH9AV5C7a0uvA=
9,35,QV0BwwxJhbxlpFU3Yc6SK598yvY=,JNnNvbf5NvbpAbMH9AV5C7a0uvA=
10,35,QV0BwwxJhbxlpFU3Yc6SK598yvY=,JNnNvbf5NvbpAbMH9AV5C7a0uvA=
1,32,QV0BwwxJhbxlpFU3Yc6SK598yvY=,JNnNvbf5NvbpAbMH9AV5C7a0uvA=
8,35,QV0BwwxJhbxlpFU3Yc6SK598yvY=,JNnNvbf5NvbpAbMH9AV5C7a0uvA=
1,33,QV0BwwxJhbxlpFU3Yc6SK598yvY=,JNnNvbf5NvbpAbMH9AV5C7a0uvA=
0,34,QV0BwwxJhbxlpFU3Yc6SK598yvY=,JNnNvbf5NvbpAbMH9AV5C7a0uvA=
0,32,QV0BwwxJhbxlpFU3Yc6SK598yvY=,JNnNvbf5NvbpAbMH9AV5C7a0uvA=
