5,-48,JnniAA9e/uhmrMyEPSv3BpRWUQo=,GvuUDL4W6TBJjcuJ5+VSymXgS30=
8,-45,JnniAA9e/uhmrMyEPSv3BpRWUQo=,GvuUDL4W6TBJjcuJ5+VSymXgS30=
7,-45,JnniAA9e/uhmrMyEPSv3BpRWUQo=,GvuUDL4W6TBJjcuJ5+VSymXgS30=
9,-45,JnniAA9e/uhmrMyEPSv3BpRWUQo=,GvuUDL4W6TBJjcuJ5+VSymXgS30=
11,-45,JnniAA9e/uhmrMyEPSv3BpRWUQo=,GvuUDL4W6TBJjcuJ5+VSymXgS30=
10,-45,JnniAA9e/uhmrMyEPSv3BpRWUQo=,GvuUDL4W6TBJjcuJ5+VSymXgS30=
12,-45,JnniAA9e/uhmrMyEPSv3BpRWUQo=,GvuUDL4W6TBJjcuJ5+VSymXgS30=
13,-45,JnniAA9e/uhmrMyEPSv3BpRWUQo=,GvuUDL4W6TBJjcuJ5+VSymXgS30=
14,-45,JnniAA9e/uhmrMyEPSv3BpRWUQo=,GvuUDL4W6TBJjcuJ5+VSymXgS30=
15,-45,JnniAA9e/uhmrMyEPSv3BpRWUQo=,GvuUDL4W6TBJjcuJ5+VSymXgS30=
6,-47,JnniAA9e/uhmrMyEPSv3BpRWUQo=,GvuUDL4W6TBJjcuJ5+VSymXgS30=
0,-44,JnniAA9e/uhmrMyEPSv3BpRWUQo=,GvuUDL4W6TBJjcuJ5+VSymXgS30=
7,-46,JnniAA9e/uhmrMyEPSv3BpRWUQo=,GvuUDL4W6TBJjcuJ5+VSymXgS30=
6,-48,JnniAA9e/uhmrMyEPSv3BpRWUQo=,GvuUDL4W6TBJjcuJ5+VSymXgS30=
1,-44,JnniAA9e/uhmrMyEPSv3BpRWUQo=,GvuUDL4W6TBJjcuJ5+VSymXgS30=
2,-44,JnniAA9e/uhmrMyEPSv3BpRWUQo=,GvuUDL4W6TBJjcuJ5+VSymXgS30=
3,-44,JnniAA9e/uhmrMyEPSv3BpRWUQo=,GvuUDL4W6TBJjcuJ5+VSymXgS30=
4,-44,JnniAA9e/uhmrMyEPSv3BpRWUQo=,GvuUDL4W6TBJjcuJ5+VSymXgS30=
5,-44,JnniAA9e/uhmrMyEPSv3BpRWUQo=,GvuUDL4W6TBJjcuJ5+VSymXgS30=
6,-44,JnniAA9e/uhmrMyEPSv3BpRWUQo=,GvuUDL4W6TBJjcuJ5+VSymXgS30=
7,-44,JnniAA9e/uhmrMyEPSv3BpRWUQo=,GvuUDL4W6TBJjcuJ5+VSymXgS30=
8,-44,JnniAA9e/uhmrMyEPSv3BpRWUQo=,GvuUDL4W6TBJjcuJ5+VSymXgS30=
10,-44,JnniAA9e/uhmrMyEPSv3BpRWUQo=,GvuUDL4W6TBJjcuJ5+VSymXgS30=
11,-44,JnniAA9e/uhmrMyEPSv3BpRWUQo=,GvuUDL4W6TBJjcuJ5+VSymXgS30=
12,-44,JnniAA9e/uhmrMyEPSv3BpRWUQo=,GvuUDL4W6TBJjcuJ5+VSymXgS30=
13,-44,JnniAA9e/uhmrMyEPSv3BpRWUQo=,GvuUDL4W6TBJjcuJ5+VSymXgS30=
14,-44,JnniAA9e/uhmrMyEPSv3BpRWUQo=,GvuUDL4W6TBJjcuJ5+VSymXgS30=
15,-44,JnniAA9e/uhmrMyEPSv3BpRWUQo=,GvuUDL4W6TBJjcuJ5+VSymXgS30=
9,-44,JnniAA9e/uhmrMyEPSv3BpRWUQo=,GvuUDL4W6TBJjcuJ5+VSymXgS30=
7,-47,JnniAA9e/uhmrMyEPSv3BpRWUQo=,GvuUDL4W6TBJjcuJ5+VSymXgS30=
8,-46,JnniAA9e/uhmrMyEPSv3BpRWUQo=,GvuUDL4W6TBJjcuJ5+VSymXgS30=
0,-43,JnniAA9e/uhmrMyEPSv3BpRWUQo=,GvuUDL4W6TBJjcuJ5+VSymXgS30=
7,-48,JnniAA9e/uhmrMyEPSv3BpRWUQo=,GvuUDL4W6TBJjcuJ5+VSymXgS30=
1,-43,JnniAA9e/uhmrMyEPSv3BpRWUQo=,GvuUDL4W6TBJjcuJ5+VSymXgS30=
3,-43,JnniAA9e/uhmrMyEPSv3BpRWUQo=,GvuUDL4W6TBJjcuJ5+VSymXgS30=
2,-43,JnniAA9e/uhmrMyEPSv3BpRWUQo=,GvuUDL4W6TBJjcuJ5+VSymXgS30=
4,-43,JnniAA9e/uhmrMyEPSv3BpRWUQo=,GvuUDL4W6TBJjcuJ5+VSymXgS30=
5,-43,JnniAA9e/uhmrMyEPSv3BpRWUQo=,GvuUDL4W6TBJjcuJ5+VSymXgS30=
6,-43,JnniAA9e/uhmrMyEPSv3BpRWUQo=,GvuUDL4W6TBJjcuJ5+VSymXgS30=
7,-43,JnniAA9e/uhmrMyEPSv3BpRWUQo=,GvuUDL4W6TBJjcuJ5+VSymXgS30=
8,-43,JnniAA9e/uhmrMyEPSv3BpRWUQo=,GvuUDL4W6TBJjcuJ5+VSymXgS30=
9,-43,JnniAA9e/uhmrMyEPSv3BpRWUQo=,GvuUDL4W6TBJjcuJ5+VSymXgS30=
0,-48,JnniAA9e/uhmrMyEPSv3BpRWUQo=,GvuUDL4W6TBJjcuJ5+VSymXgS30=
10,-43,JnniAA9e/uhmrMyEPSv3BpRWUQo=,GvuUDL4W6TBJjcuJ5+VSymXgS30=
6,-45,JnniAA9e/uhmrMyEPSv3BpRWUQo=,GvuUDL4W6TBJjcuJ5+VSymXgS30=
11,-43,JnniAA9e/uhmrMyEPSv3BpRWUQo=,GvuUDL4W6TBJjcuJ5+VSymXgS30=
12,-43,JnniAA9e/uhmrMyEPSv3BpRWUQo=,GvuUDL4W6TBJjcuJ5+VSymXgS30=
14,-43,JnniAA9e/uhmrMyEPSv3BpRWUQo=,GvuUDL4W6TBJjcuJ5+VSymXgS30=
15,-43,JnniAA9e/uhmrMyEPSv3BpRWUQo=,GvuUDL4W6TBJjcuJ5+VSymXgS30=
8,-47,JnniAA9e/uhmrMyEPSv3BpRWUQo=,GvuUDL4W6TBJjcuJ5+VSymXgS30=
0,-42,JnniAA9e/uhmrMyEPSv3BpRWUQo=,GvuUDL4W6TBJjcuJ5+VSymXgS30=
13,-43,JnniAA9e/uhmrMyEPSv3BpRWUQo=,GvuUDL4W6TBJjcuJ5+VSymXgS30=
9,-46,JnniAA9e/uhmrMyEPSv3BpRWUQo=,GvuUDL4W6TBJjcuJ5+VSymXgS30=
1,-42,JnniAA9e/uhmrMyEPSv3BpRWUQo=,GvuUDL4W6TBJjcuJ5+VSymXgS30=
3,-42,JnniAA9e/uhmrMyEPSv3BpRWUQo=,GvuUDL4W6TBJjcuJ5+VSymXgS30=
8,-48,JnniAA9e/uhmrMyEPSv3BpRWUQo=,GvuUDL4W6TBJjcuJ5+VSymXgS30=
4,-42,JnniAA9e/uhmrMyEPSv3BpRWUQo=,GvuUDL4W6TBJjcuJ5+VSymXgS30=
2,-42,JnniAA9e/uhmrMyEPSv3BpRWUQo=,GvuUDL4W6TBJjcuJ5+VSymXgS30=
6,-42,JnniAA9e/uhmrMyEPSv3BpRWUQo=,GvuUDL4W6TBJjcuJ5+VSymXgS30=
7,-42,JnniAA9e/uhmrMyEPSv3BpRWUQo=,GvuUDL4W6TBJjcuJ5+VSymXgS30=
8,-42,JnniAA9e/uhmrMyEPSv3BpRWUQo=,GvuUDL4W6TBJjcuJ5+VSymXgS30=
9,-42,JnniAA9e/uhmrMyEPSv3BpRWUQo=,GvuUDL4W6TBJjcuJ5+VSymXgS30=
10,-42,JnniAA9e/uhmrMyEPSv3BpRWUQo=,GvuUDL4W6TBJjcuJ5+VSymXgS30=
5,-42,JnniAA9e/uhmrMyEPSv3BpRWUQo=,GvuUDL4W6TBJjcuJ5+VSymXgS30=
11,-42,JnniAA9e/uhmrMyEPSv3BpRWUQo=,GvuUDL4W6TBJjcuJ5+VSymXgS30=
12,-42,JnniAA9e/uhmrMyEPSv3BpRWUQo=,GvuUDL4W6TBJjcuJ5+VSymXgS30=
13,-42,JnniAA9e/uhmrMyEPSv3BpRWUQo=,GvuUDL4W6TBJjcuJ5+VSymXgS30=
9,-47,JnniAA9e/uhmrMyEPSv3BpRWUQo=,GvuUDL4W6TBJjcuJ5+VSymXgS30=
14,-42,JnniAA9e/uhmrMyEPSv3BpRWUQo=,GvuUDL4W6TBJjcuJ5+VSymXgS30=
15,-42,JnniAA9e/uhmrMyEPSv3BpRWUQo=,GvuUDL4W6TBJjcuJ5+VSymXgS30=
10,-46,JnniAA9e/uhmrMyEPSv3BpRWUQo=,GvuUDL4W6TBJjcuJ5+VSymXgS30=
9,-48,JnniAA9e/uhmrMyEPSv3BpRWUQo=,GvuUDL4W6TBJjcuJ5+VSymXgS30=
0,-41,JnniAA9e/uhmrMyEPSv3BpRWUQo=,GvuUDL4W6TBJjcuJ5+VSymXgS30=
2,-41,JnniAA9e/uhmrMyEPSv3BpRWUQo=,GvuUDL4W6TBJjcuJ5+VSymXgS30=
3,-41,JnniAA9e/uhmrMyEPSv3BpRWUQo=,GvuUDL4W6TBJjcuJ5+VSymXgS30=
4,-41,JnniAA9e/uhmrMyEPSv3BpRWUQo=,GvuUDL4W6TBJjcuJ5+VSymXgS30=
1,-41,JnniAA9e/uhmrMyEPSv3BpRWUQo=,GvuUDL4W6TBJjcuJ5+VSymXgS30=
5,-41,JnniAA9e/uhmrMyEPSv3BpRWUQo=,GvuUDL4W6TBJjcuJ5+VSymXgS30=
6,-41,JnniAA9e/uhmrMyEPSv3BpRWUQo=,GvuUDL4W6TBJjcuJ5+VSymXgS30=
7,-41,JnniAA9e/uhmrMyEPSv3BpRWUQo=,GvuUDL4W6TBJjcuJ5+VSymXgS30=
8,-41,JnniAA9e/uhmrMyEPSv3BpRWUQo=,GvuUDL4W6TBJjcuJ5+VSymXgS30=
10,-41,JnniAA9e/uhmrMyEPSv3BpRWUQo=,GvuUDL4W6TBJjcuJ5+VSymXgS30=
9,-41,JnniAA9e/uhmrMyEPSv3BpRWUQo=,GvuUDL4W6TBJjcuJ5+VSymXgS30=
11,-41,JnniAA9e/uhmrMyEPSv3BpRWUQo=,GvuUDL4W6TBJjcuJ5+VSymXgS30=
13,-41,JnniAA9e/uhmrMyEPSv3BpRWUQo=,GvuUDL4W6TBJjcuJ5+VSymXgS30=
14,-41,JnniAA9e/uhmrMyEPSv3BpRWUQo=,GvuUDL4W6TBJjcuJ5+VSymXgS30=
15,-41,JnniAA9e/uhmrMyEPSv3BpRWUQo=,GvuUDL4W6TBJjcuJ5+VSymXgS30=
12,-41,JnniAA9e/uhmrMyEPSv3BpRWUQo=,GvuUDL4W6TBJjcuJ5+VSymXgS30=
10,-48,JnniAA9e/uhmrMyEPSv3BpRWUQo=,GvuUDL4W6TBJjcuJ5+VSymXgS30=
10,-47,JnniAA9e/uhmrMyEPSv3BpRWUQo=,GvuUDL4W6TBJjcuJ5+VSymXgS30=
11,-46,JnniAA9e/uhmrMyEPSv3BpRWUQo=,GvuUDL4W6TBJjcuJ5+VSymXgS30=
0,-40,JnniAA9e/uhmrMyEPSv3BpRWUQo=,GvuUDL4W6TBJjcuJ5+VSymXgS30=
1,-40,JnniAA9e/uhmrMyEPSv3BpRWUQo=,GvuUDL4W6TBJjcuJ5+VSymXgS30=
2,-40,JnniAA9e/uhmrMyEPSv3BpRWUQo=,GvuUDL4W6TBJjcuJ5+VSymXgS30=
3,-40,JnniAA9e/uhmrMyEPSv3BpRWUQo=,GvuUDL4W6TBJjcuJ5+VSymXgS30=
4,-40,JnniAA9e/uhmrMyEPSv3BpRWUQo=,GvuUDL4W6TBJjcuJ5+VSymXgS30=
5,-40,JnniAA9e/uhmrMyEPSv3BpRWUQo=,GvuUDL4W6TBJjcuJ5+VSymXgS30=
6,-40,JnniAA9e/uhmrMyEPSv3BpRWUQo=,GvuUDL4W6TBJjcuJ5+VSymXgS30=
7,-40,JnniAA9e/uhmrMyEPSv3BpRWUQo=,GvuUDL4W6TBJjcuJ5+VSymXgS30=
8,-40,JnniAA9e/uhmrMyEPSv3BpRWUQo=,GvuUDL4W6TBJjcuJ5+VSymXgS30=
9,-40,JnniAA9e/uhmrMyEPSv3BpRWUQo=,GvuUDL4W6TBJjcuJ5+VSymXgS30=
10,-40,JnniAA9e/uhmrMyEPSv3BpRWUQo=,GvuUDL4W6TBJjcuJ5+VSymXgS30=
12,-40,JnniAA9e/uhmrMyEPSv3BpRWUQo=,GvuUDL4W6TBJjcuJ5+VSymXgS30=
11,-40,JnniAA9e/uhmrMyEPSv3BpRWUQo=,GvuUDL4W6TBJjcuJ5+VSymXgS30=
13,-40,JnniAA9e/uhmrMyEPSv3BpRWUQo=,GvuUDL4W6TBJjcuJ5+VSymXgS30=
14,-40,JnniAA9e/uhmrMyEPSv3BpRWUQo=,GvuUDL4W6TBJjcuJ5+VSymXgS30=
15,-40,JnniAA9e/uhmrMyEPSv3BpRWUQo=,GvuUDL4W6TBJjcuJ5+VSymXgS30=
11,-47,JnniAA9e/uhmrMyEPSv3BpRWUQo=,GvuUDL4W6TBJjcuJ5+VSymXgS30=
0,-39,JnniAA9e/uhmrMyEPSv3BpRWUQo=,GvuUDL4W6TBJjcuJ5+VSymXgS30=
11,-48,JnniAA9e/uhmrMyEPSv3BpRWUQo=,GvuUDL4W6TBJjcuJ5+VSymXgS30=
12,-46,JnniAA9e/uhmrMyEPSv3BpRWUQo=,GvuUDL4W6TBJjcuJ5+VSymXgS30=
1,-39,JnniAA9e/uhmrMyEPSv3BpRWUQo=,GvuUDL4W6TBJjcuJ5+VSymXgS30=
3,-39,JnniAA9e/uhmrMyEPSv3BpRWUQo=,GvuUDL4W6TBJjcuJ5+VSymXgS30=
4,-39,JnniAA9e/uhmrMyEPSv3BpRWUQo=,GvuUDL4W6TBJjcuJ5+VSymXgS30=
2,-39,JnniAA9e/uhmrMyEPSv3BpRWUQo=,GvuUDL4W6TBJjcuJ5+VSymXgS30=
5,-39,JnniAA9e/uhmrMyEPSv3BpRWUQo=,GvuUDL4W6TBJjcuJ5+VSymXgS30=
7,-39,JnniAA9e/uhmrMyEPSv3BpRWUQo=,GvuUDL4W6TBJjcuJ5+VSymXgS30=
6,-39,JnniAA9e/uhmrMyEPSv3BpRWUQo=,GvuUDL4W6TBJjcuJ5+VSymXgS30=
8,-39,JnniAA9e/uhmrMyEPSv3BpRWUQo=,GvuUDL4W6TBJjcuJ5+VSymXgS30=
9,-39,JnniAA9e/uhmrMyEPSv3BpRWUQo=,GvuUDL4W6TBJjcuJ5+VSymXgS30=
10,-39,JnniAA9e/uhmrMyEPSv3BpRWUQo=,GvuUDL4W6TBJjcuJ5+VSymXgS30=
11,-39,JnniAA9e/uhmrMyEPSv3BpRWUQo=,GvuUDL4W6TBJjcuJ5+VSymXgS30=
12,-39,JnniAA9e/uhmrMyEPSv3BpRWUQo=,GvuUDL4W6TBJjcuJ5+VSymXgS30=
13,-39,JnniAA9e/uhmrMyEPSv3BpRWUQo=,GvuUDL4W6TBJjcuJ5+VSymXgS30=
14,-39,JnniAA9e/uhmrMyEPSv3BpRWUQo=,GvuUDL4W6TBJjcuJ5+VSymXgS30=
15,-39,JnniAA9e/uhmrMyEPSv3BpRWUQo=,GvuUDL4W6TBJjcuJ5+VSymXgS30=
12,-47,JnniAA9e/uhmrMyEPSv3BpRWUQo=,GvuUDL4W6TBJjcuJ5+VSymXgS30=
12,-48,JnniAA9e/uhmrMyEPSv3BpRWUQo=,GvuUDL4W6TBJjcuJ5+VSymXgS30=
0,-38,JnniAA9e/uhmrMyEPSv3BpRWUQo=,GvuUDL4W6TBJjcuJ5+VSymXgS30=
13,-46,JnniAA9e/uhmrMyEPSv3BpRWUQo=,GvuUDL4W6TBJjcuJ5+VSymXgS30=
1,-38,JnniAA9e/uhmrMyEPSv3BpRWUQo=,GvuUDL4W6TBJjcuJ5+VSymXgS30=
2,-38,JnniAA9e/uhmrMyEPSv3BpRWUQo=,GvuUDL4W6TBJjcuJ5+VSymXgS30=
4,-38,JnniAA9e/uhmrMyEPSv3BpRWUQo=,GvuUDL4W6TBJjcuJ5+VSymXgS30=
3,-38,JnniAA9e/uhmrMyEPSv3BpRWUQo=,GvuUDL4W6TBJjcuJ5+VSymXgS30=
6,-38,JnniAA9e/uhmrMyEPSv3BpRWUQo=,GvuUDL4W6TBJjcuJ5+VSymXgS30=
8,-38,JnniAA9e/uhmrMyEPSv3BpRWUQo=,GvuUDL4W6TBJjcuJ5+VSymXgS30=
7,-38,JnniAA9e/uhmrMyEPSv3BpRWUQo=,GvuUDL4W6TBJjcuJ5+VSymXgS30=
9,-38,JnniAA9e/uhmrMyEPSv3BpRWUQo=,GvuUDL4W6TBJjcuJ5+VSymXgS30=
10,-38,JnniAA9e/uhmrMyEPSv3BpRWUQo=,GvuUDL4W6TBJjcuJ5+VSymXgS30=
11,-38,JnniAA9e/uhmrMyEPSv3BpRWUQo=,GvuUDL4W6TBJjcuJ5+VSymXgS30=
12,-38,JnniAA9e/uhmrMyEPSv3BpRWUQo=,GvuUDL4W6TBJjcuJ5+VSymXgS30=
13,-38,JnniAA9e/uhmrMyEPSv3BpRWUQo=,GvuUDL4W6TBJjcuJ5+VSymXgS30=
14,-38,JnniAA9e/uhmrMyEPSv3BpRWUQo=,GvuUDL4W6TBJjcuJ5+VSymXgS30=
15,-38,JnniAA9e/uhmrMyEPSv3BpRWUQo=,GvuUDL4W6TBJjcuJ5+VSymXgS30=
13,-47,JnniAA9e/uhmrMyEPSv3BpRWUQo=,GvuUDL4W6TBJjcuJ5+VSymXgS30=
13,-48,JnniAA9e/uhmrMyEPSv3BpRWUQo=,GvuUDL4W6TBJjcuJ5+VSymXgS30=
14,-46,JnniAA9e/uhmrMyEPSv3BpRWUQo=,GvuUDL4W6TBJjcuJ5+VSymXgS30=
0,-37,JnniAA9e/uhmrMyEPSv3BpRWUQo=,GvuUDL4W6TBJjcuJ5+VSymXgS30=
1,-37,JnniAA9e/uhmrMyEPSv3BpRWUQo=,GvuUDL4W6TBJjcuJ5+VSymXgS30=
2,-37,JnniAA9e/uhmrMyEPSv3BpRWUQo=,GvuUDL4W6TBJjcuJ5+VSymXgS30=
3,-37,JnniAA9e/uhmrMyEPSv3BpRWUQo=,GvuUDL4W6TBJjcuJ5+VSymXgS30=
5,-37,JnniAA9e/uhmrMyEPSv3BpRWUQo=,GvuUDL4W6TBJjcuJ5+VSymXgS30=
6,-37,JnniAA9e/uhmrMyEPSv3BpRWUQo=,GvuUDL4W6TBJjcuJ5+VSymXgS30=
7,-37,JnniAA9e/uhmrMyEPSv3BpRWUQo=,GvuUDL4W6TBJjcuJ5+VSymXgS30=
8,-37,JnniAA9e/uhmrMyEPSv3BpRWUQo=,GvuUDL4W6TBJjcuJ5+VSymXgS30=
9,-37,JnniAA9e/uhmrMyEPSv3BpRWUQo=,GvuUDL4W6TBJjcuJ5+VSymXgS30=
10,-37,JnniAA9e/uhmrMyEPSv3BpRWUQo=,GvuUDL4W6TBJjcuJ5+VSymXgS30=
11,-37,JnniAA9e/uhmrMyEPSv3BpRWUQo=,GvuUDL4W6TBJjcuJ5+VSymXgS30=
12,-37,JnniAA9e/uhmrMyEPSv3BpRWUQo=,GvuUDL4W6TBJjcuJ5+VSymXgS30=
5,-38,JnniAA9e/uhmrMyEPSv3BpRWUQo=,GvuUDL4W6TBJjcuJ5+VSymXgS30=
13,-37,JnniAA9e/uhmrMyEPSv3BpRWUQo=,GvuUDL4W6TBJjcuJ5+VSymXgS30=
14,-37,JnniAA9e/uhmrMyEPSv3BpRWUQo=,GvuUDL4W6TBJjcuJ5+VSymXgS30=
14,-47,JnniAA9e/uhmrMyEPSv3BpRWUQo=,GvuUDL4W6TBJjcuJ5+VSymXgS30=
4,-37,JnniAA9e/uhmrMyEPSv3BpRWUQo=,GvuUDL4W6TBJjcuJ5+VSymXgS30=
15,-47,JnniAA9e/uhmrMyEPSv3BpRWUQo=,GvuUDL4W6TBJjcuJ5+VSymXgS30=
15,-46,JnniAA9e/uhmrMyEPSv3BpRWUQo=,GvuUDL4W6TBJjcuJ5+VSymXgS30=
14,-48,JnniAA9e/uhmrMyEPSv3BpRWUQo=,GvuUDL4W6TBJjcuJ5+VSymXgS30=
2,-48,JnniAA9e/uhmrMyEPSv3BpRWUQo=,GvuUDL4W6TBJjcuJ5+VSymXgS30=
0,-46,JnniAA9e/uhmrMyEPSv3BpRWUQo=,GvuUDL4W6TBJjcuJ5+VSymXgS30=
15,-37,JnniAA9e/uhmrMyEPSv3BpRWUQo=,GvuUDL4W6TBJjcuJ5+VSymXgS30=
15,-48,JnniAA9e/uhmrMyEPSv3BpRWUQo=,GvuUDL4W6TBJjcuJ5+VSymXgS30=
0,-45,JnniAA9e/uhmrMyEPSv3BpRWUQo=,GvuUDL4W6TBJjcuJ5+VSymXgS30=
1,-47,JnniAA9e/uhmrMyEPSv3BpRWUQo=,GvuUDL4W6TBJjcuJ5+VSymXgS30=
0,-47,JnniAA9e/uhmrMyEPSv3BpRWUQo=,GvuUDL4W6TBJjcuJ5+VSymXgS30=
1,-36,JnniAA9e/uhmrMyEPSv3BpRWUQo=,GvuUDL4W6TBJjcuJ5+VSymXgS30=
2,-36,JnniAA9e/uhmrMyEPSv3BpRWUQo=,GvuUDL4W6TBJjcuJ5+VSymXgS30=
0,-36,JnniAA9e/uhmrMyEPSv3BpRWUQo=,GvuUDL4W6TBJjcuJ5+VSymXgS30=
3,-36,JnniAA9e/uhmrMyEPSv3BpRWUQo=,GvuUDL4W6TBJjcuJ5+VSymXgS30=
4,-36,JnniAA9e/uhmrMyEPSv3BpRWUQo=,GvuUDL4W6TBJjcuJ5+VSymXgS30=
5,-36,JnniAA9e/uhmrMyEPSv3BpRWUQo=,GvuUDL4W6TBJjcuJ5+VSymXgS30=
6,-36,JnniAA9e/uhmrMyEPSv3BpRWUQo=,GvuUDL4W6TBJjcuJ5+VSymXgS30=
8,-36,JnniAA9e/uhmrMyEPSv3BpRWUQo=,GvuUDL4W6TBJjcuJ5+VSymXgS30=
7,-36,JnniAA9e/uhmrMyEPSv3BpRWUQo=,GvuUDL4W6TBJjcuJ5+VSymXgS30=
9,-36,JnniAA9e/uhmrMyEPSv3BpRWUQo=,GvuUDL4W6TBJjcuJ5+VSymXgS30=
10,-36,JnniAA9e/uhmrMyEPSv3BpRWUQo=,GvuUDL4W6TBJjcuJ5+VSymXgS30=
11,-36,JnniAA9e/uhmrMyEPSv3BpRWUQo=,GvuUDL4W6TBJjcuJ5+VSymXgS30=
13,-36,JnniAA9e/uhmrMyEPSv3BpRWUQo=,GvuUDL4W6TBJjcuJ5+VSymXgS30=
12,-36,JnniAA9e/uhmrMyEPSv3BpRWUQo=,GvuUDL4W6TBJjcuJ5+VSymXgS30=
14,-36,JnniAA9e/uhmrMyEPSv3BpRWUQo=,GvuUDL4W6TBJjcuJ5+VSymXgS30=
1,-46,JnniAA9e/uhmrMyEPSv3BpRWUQo=,GvuUDL4W6TBJjcuJ5+VSymXgS30=
15,-36,JnniAA9e/uhmrMyEPSv3BpRWUQo=,GvuUDL4W6TBJjcuJ5+VSymXgS30=
2,-47,JnniAA9e/uhmrMyEPSv3BpRWUQo=,GvuUDL4W6TBJjcuJ5+VSymXgS30=
0,-35,JnniAA9e/uhmrMyEPSv3BpRWUQo=,GvuUDL4W6TBJjcuJ5+VSymXgS30=
2,-35,JnniAA9e/uhmrMyEPSv3BpRWUQo=,GvuUDL4W6TBJjcuJ5+VSymXgS30=
1,-35,JnniAA9e/uhmrMyEPSv3BpRWUQo=,GvuUDL4W6TBJjcuJ5+VSymXgS30=
4,-35,JnniAA9e/uhmrMyEPSv3BpRWUQo=,GvuUDL4W6TBJjcuJ5+VSymXgS30=
5,-35,JnniAA9e/uhmrMyEPSv3BpRWUQo=,GvuUDL4W6TBJjcuJ5+VSymXgS30=
6,-35,JnniAA9e/uhmrMyEPSv3BpRWUQo=,GvuUDL4W6TBJjcuJ5+VSymXgS30=
7,-35,JnniAA9e/uhmrMyEPSv3BpRWUQo=,GvuUDL4W6TBJjcuJ5+VSymXgS30=
8,-35,JnniAA9e/uhmrMyEPSv3BpRWUQo=,GvuUDL4W6TBJjcuJ5+VSymXgS30=
9,-35,JnniAA9e/uhmrMyEPSv3BpRWUQo=,GvuUDL4W6TBJjcuJ5+VSymXgS30=
10,-35,JnniAA9e/uhmrMyEPSv3BpRWUQo=,GvuUDL4W6TBJjcuJ5+VSymXgS30=
3,-35,JnniAA9e/uhmrMyEPSv3BpRWUQo=,GvuUDL4W6TBJjcuJ5+VSymXgS30=
11,-35,JnniAA9e/uhmrMyEPSv3BpRWUQo=,GvuUDL4W6TBJjcuJ5+VSymXgS30=
12,-35,JnniAA9e/uhmrMyEPSv3BpRWUQo=,GvuUDL4W6TBJjcuJ5+VSymXgS30=
14,-35,JnniAA9e/uhmrMyEPSv3BpRWUQo=,GvuUDL4W6TBJjcuJ5+VSymXgS30=
13,-35,JnniAA9e/uhmrMyEPSv3BpRWUQo=,GvuUDL4W6TBJjcuJ5+VSymXgS30=
2,-46,JnniAA9e/uhmrMyEPSv3BpRWUQo=,GvuUDL4W6TBJjcuJ5+VSymXgS30=
3,-47,JnniAA9e/uhmrMyEPSv3BpRWUQo=,GvuUDL4W6TBJjcuJ5+VSymXgS30=
15,-35,JnniAA9e/uhmrMyEPSv3BpRWUQo=,GvuUDL4W6TBJjcuJ5+VSymXgS30=
0,-34,JnniAA9e/uhmrMyEPSv3BpRWUQo=,GvuUDL4W6TBJjcuJ5+VSymXgS30=
2,-34,JnniAA9e/uhmrMyEPSv3BpRWUQo=,GvuUDL4W6TBJjcuJ5+VSymXgS30=
3,-34,JnniAA9e/uhmrMyEPSv3BpRWUQo=,GvuUDL4W6TBJjcuJ5+VSymXgS30=
4,-34,JnniAA9e/uhmrMyEPSv3BpRWUQo=,GvuUDL4W6TBJjcuJ5+VSymXgS30=
5,-34,JnniAA9e/uhmrMyEPSv3BpRWUQo=,GvuUDL4W6TBJjcuJ5+VSymXgS30=
6,-34,JnniAA9e/uhmrMyEPSv3BpRWUQo=,GvuUDL4W6TBJjcuJ5+VSymXgS30=
7,-34,JnniAA9e/uhmrMyEPSv3BpRWUQo=,GvuUDL4W6TBJjcuJ5+VSymXgS30=
8,-34,JnniAA9e/uhmrMyEPSv3BpRWUQo=,GvuUDL4W6TBJjcuJ5+VSymXgS30=
9,-34,JnniAA9e/uhmrMyEPSv3BpRWUQo=,GvuUDL4W6TBJjcuJ5+VSymXgS30=
10,-34,JnniAA9e/uhmrMyEPSv3BpRWUQo=,GvuUDL4W6TBJjcuJ5+VSymXgS30=
11,-34,JnniAA9e/uhmrMyEPSv3BpRWUQo=,GvuUDL4W6TBJjcuJ5+VSymXgS30=
12,-34,JnniAA9e/uhmrMyEPSv3BpRWUQo=,GvuUDL4W6TBJjcuJ5+VSymXgS30=
13,-34,JnniAA9e/uhmrMyEPSv3BpRWUQo=,GvuUDL4W6TBJjcuJ5+VSymXgS30=
14,-34,JnniAA9e/uhmrMyEPSv3BpRWUQo=,GvuUDL4W6TBJjcuJ5+VSymXgS30=
3,-46,JnniAA9e/uhmrMyEPSv3BpRWUQo=,GvuUDL4W6TBJjcuJ5+VSymXgS30=
15,-34,JnniAA9e/uhmrMyEPSv3BpRWUQo=,GvuUDL4W6TBJjcuJ5+VSymXgS30=
1,-45,JnniAA9e/uhmrMyEPSv3BpRWUQo=,GvuUDL4W6TBJjcuJ5+VSymXgS30=
4,-48,JnniAA9e/uhmrMyEPSv3BpRWUQo=,GvuUDL4W6TBJjcuJ5+VSymXgS30=
2,-45,JnniAA9e/uhmrMyEPSv3BpRWUQo=,GvuUDL4W6TBJjcuJ5+VSymXgS30=
4,-46,JnniAA9e/uhmrMyEPSv3BpRWUQo=,GvuUDL4W6TBJjcuJ5+VSymXgS30=
1,-48,JnniAA9e/uhmrMyEPSv3BpRWUQo=,GvuUDL4W6TBJjcuJ5+VSymXgS30=
4,-47,JnniAA9e/uhmrMyEPSv3BpRWUQo=,GvuUDL4W6TBJjcuJ5+VSymXgS30=
5,-47,JnniAA9e/uhmrMyEPSv3BpRWUQo=,GvuUDL4W6TBJjcuJ5+VSymXgS30=
3,-45,JnniAA9e/uhmrMyEPSv3BpRWUQo=,GvuUDL4W6TBJjcuJ5+VSymXgS30=
4,-45,JnniAA9e/uhmrMyEPSv3BpRWUQo=,GvuUDL4W6TBJjcuJ5+VSymXgS30=
3,-48,JnniAA9e/uhmrMyEPSv3BpRWUQo=,GvuUDL4W6TBJjcuJ5+VSymXgS30=
5,-45,JnniAA9e/uhmrMyEPSv3BpRWUQo=,GvuUDL4W6TBJjcuJ5+VSymXgS30=
5,-46,JnniAA9e/uhmrMyEPSv3BpRWUQo=,GvuUDL4W6TBJjcuJ5+VSymXgS30=
6,-46,JnniAA9e/uhmrMyEPSv3BpRWUQo=,GvuUDL4W6TBJjcuJ5+VSymXgS30=
15,-33,JnniAA9e/uhmrMyEPSv3BpRWUQo=,GvuUDL4W6TBJjcuJ5+VSymXgS30=
14,-33,JnniAA9e/uhmrMyEPSv3BpRWUQo=,GvuUDL4W6TBJjcuJ5+VSymXgS30=
12,-33,JnniAA9e/uhmrMyEPSv3BpRWUQo=,GvuUDL4W6TBJjcuJ5+VSymXgS30=
13,-33,JnniAA9e/uhmrMyEPSv3BpRWUQo=,GvuUDL4W6TBJjcuJ5+VSymXgS30=
1,-34,JnniAA9e/uhmrMyEPSv3BpRWUQo=,GvuUDL4W6TBJjcuJ5+VSymXgS30=
11,-33,JnniAA9e/uhmrMyEPSv3BpRWUQo=,GvuUDL4W6TBJjcuJ5+VSymXgS30=
10,-33,JnniAA9e/uhmrMyEPSv3BpRWUQo=,GvuUDL4W6TBJjcuJ5+VSymXgS30=
9,-33,JnniAA9e/uhmrMyEPSv3BpRWUQo=,GvuUDL4W6TBJjcuJ5+VSymXgS30=
8,-33,JnniAA9e/uhmrMyEPSv3BpRWUQo=,GvuUDL4W6TBJjcuJ5+VSymXgS30=
7,-33,JnniAA9e/uhmrMyEPSv3BpRWUQo=,GvuUDL4W6TBJjcuJ5+VSymXgS30=
6,-33,JnniAA9e/uhmrMyEPSv3BpRWUQo=,GvuUDL4W6TBJjcuJ5+VSymXgS30=
5,-33,JnniAA9e/uhmrMyEPSv3BpRWUQo=,GvuUDL4W6TBJjcuJ5+VSymXgS30=
3,-33,JnniAA9e/uhmrMyEPSv3BpRWUQo=,GvuUDL4W6TBJjcuJ5+VSymXgS30=
4,-33,JnniAA9e/uhmrMyEPSv3BpRWUQo=,GvuUDL4W6TBJjcuJ5+VSymXgS30=
1,-33,JnniAA9e/uhmrMyEPSv3BpRWUQo=,GvuUDL4W6TBJjcuJ5+VSymXgS30=
0,-33,JnniAA9e/uhmrMyEPSv3BpRWUQo=,GvuUDL4W6TBJjcuJ5+VSymXgS30=
2,-33,JnniAA9e/uhmrMyEPSv3BpRWUQo=,GvuUDL4W6TBJjcuJ5+VSymXgS30=
