-2,-11,JG5BdPIT/iVsovRUVpRLOEywJ4A=,HoOr5zLXOJP4OQcCQ5PZ6Z5gX3M=
-2,-10,JG5BdPIT/iVsovRUVpRLOEywJ4A=,HoOr5zLXOJP4OQcCQ5PZ6Z5gX3M=
-3,-11,JG5BdPIT/iVsovRUVpRLOEywJ4A=,HoOr5zLXOJP4OQcCQ5PZ6Z5gX3M=
-3,-10,JG5BdPIT/iVsovRUVpRLOEywJ4A=,HoOr5zLXOJP4OQcCQ5PZ6Z5gX3M=
-2,-8,JG5BdPIT/iVsovRUVpRLOEywJ4A=,Ma/oXCMQbwul6dYkdlNQDpFmbrs=
-3,-8,JG5BdPIT/iVsovRUVpRLOEywJ4A=,Ma/oXCMQbwul6dYkdlNQDpFmbrs=
-3,-7,JG5BdPIT/iVsovRUVpRLOEywJ4A=,Ma/oXCMQbwul6dYkdlNQDpFmbrs=
-3,-6,JG5BdPIT/iVsovRUVpRLOEywJ4A=,Ma/oXCMQbwul6dYkdlNQDpFmbrs=
-4,-6,JG5BdPIT/iVsovRUVpRLOEywJ4A=,Ma/oXCMQbwul6dYkdlNQDpFmbrs=
-2,-7,JG5BdPIT/iVsovRUVpRLOEywJ4A=,Ma/oXCMQbwul6dYkdlNQDpFmbrs=
-2,-9,JG5BdPIT/iVsovRUVpRLOEywJ4A=,HoOr5zLXOJP4OQcCQ5PZ6Z5gX3M=
-4,-7,JG5BdPIT/iVsovRUVpRLOEywJ4A=,Ma/oXCMQbwul6dYkdlNQDpFmbrs=
-3,-9,JG5BdPIT/iVsovRUVpRLOEywJ4A=,HoOr5zLXOJP4OQcCQ5PZ6Z5gX3M=
-2,-6,JG5BdPIT/iVsovRUVpRLOEywJ4A=,Ma/oXCMQbwul6dYkdlNQDpFmbrs=
-11,-2,JG5BdPIT/iVsovRUVpRLOEywJ4A=,wDuMLjI8xcV2mjl3wyMiH9lDc2Q=
-11,-3,JG5BdPIT/iVsovRUVpRLOEywJ4A=,wDuMLjI8xcV2mjl3wyMiH9lDc2Q=
-10,-3,JG5BdPIT/iVsovRUVpRLOEywJ4A=,wDuMLjI8xcV2mjl3wyMiH9lDc2Q=
-6,-3,JG5BdPIT/iVsovRUVpRLOEywJ4A=,hn7OvN0f2uPFipgo3tSSfyW5vyA=
-7,-4,JG5BdPIT/iVsovRUVpRLOEywJ4A=,hn7OvN0f2uPFipgo3tSSfyW5vyA=
-6,-4,JG5BdPIT/iVsovRUVpRLOEywJ4A=,hn7OvN0f2uPFipgo3tSSfyW5vyA=
-9,-3,JG5BdPIT/iVsovRUVpRLOEywJ4A=,wDuMLjI8xcV2mjl3wyMiH9lDc2Q=
-8,-3,JG5BdPIT/iVsovRUVpRLOEywJ4A=,hn7OvN0f2uPFipgo3tSSfyW5vyA=
-7,-3,JG5BdPIT/iVsovRUVpRLOEywJ4A=,hn7OvN0f2uPFipgo3tSSfyW5vyA=
-7,-2,JG5BdPIT/iVsovRUVpRLOEywJ4A=,hn7OvN0f2uPFipgo3tSSfyW5vyA=
-8,-2,JG5BdPIT/iVsovRUVpRLOEywJ4A=,hn7OvN0f2uPFipgo3tSSfyW5vyA=
-10,-2,JG5BdPIT/iVsovRUVpRLOEywJ4A=,wDuMLjI8xcV2mjl3wyMiH9lDc2Q=
-10,-1,JG5BdPIT/iVsovRUVpRLOEywJ4A=,wDuMLjI8xcV2mjl3wyMiH9lDc2Q=
-9,-2,JG5BdPIT/iVsovRUVpRLOEywJ4A=,wDuMLjI8xcV2mjl3wyMiH9lDc2Q=
-7,-1,JG5BdPIT/iVsovRUVpRLOEywJ4A=,hn7OvN0f2uPFipgo3tSSfyW5vyA=
-9,-1,JG5BdPIT/iVsovRUVpRLOEywJ4A=,wDuMLjI8xcV2mjl3wyMiH9lDc2Q=
-12,-2,JG5BdPIT/iVsovRUVpRLOEywJ4A=,wDuMLjI8xcV2mjl3wyMiH9lDc2Q=
-13,-2,JG5BdPIT/iVsovRUVpRLOEywJ4A=,UfXhLK7rJ8uyBVm2V45qyjkIjEQ=
-13,-3,JG5BdPIT/iVsovRUVpRLOEywJ4A=,UfXhLK7rJ8uyBVm2V45qyjkIjEQ=
-12,-3,JG5BdPIT/iVsovRUVpRLOEywJ4A=,wDuMLjI8xcV2mjl3wyMiH9lDc2Q=
-8,-1,JG5BdPIT/iVsovRUVpRLOEywJ4A=,hn7OvN0f2uPFipgo3tSSfyW5vyA=
-12,-1,JG5BdPIT/iVsovRUVpRLOEywJ4A=,wDuMLjI8xcV2mjl3wyMiH9lDc2Q=
-14,-2,JG5BdPIT/iVsovRUVpRLOEywJ4A=,UfXhLK7rJ8uyBVm2V45qyjkIjEQ=
-14,-1,JG5BdPIT/iVsovRUVpRLOEywJ4A=,UfXhLK7rJ8uyBVm2V45qyjkIjEQ=
-13,-1,JG5BdPIT/iVsovRUVpRLOEywJ4A=,UfXhLK7rJ8uyBVm2V45qyjkIjEQ=
-11,-1,JG5BdPIT/iVsovRUVpRLOEywJ4A=,wDuMLjI8xcV2mjl3wyMiH9lDc2Q=
-4,-3,JG5BdPIT/iVsovRUVpRLOEywJ4A=,w1TtVIY5X4jP2U3oKGbtrOd+OLo=
-5,-3,JG5BdPIT/iVsovRUVpRLOEywJ4A=,hn7OvN0f2uPFipgo3tSSfyW5vyA=
-4,-5,JG5BdPIT/iVsovRUVpRLOEywJ4A=,Ma/oXCMQbwul6dYkdlNQDpFmbrs=
-5,-4,JG5BdPIT/iVsovRUVpRLOEywJ4A=,hn7OvN0f2uPFipgo3tSSfyW5vyA=
-3,-5,JG5BdPIT/iVsovRUVpRLOEywJ4A=,Ma/oXCMQbwul6dYkdlNQDpFmbrs=
-4,-4,JG5BdPIT/iVsovRUVpRLOEywJ4A=,w1TtVIY5X4jP2U3oKGbtrOd+OLo=
-1,-10,JG5BdPIT/iVsovRUVpRLOEywJ4A=,HoOr5zLXOJP4OQcCQ5PZ6Z5gX3M=
-1,-11,JG5BdPIT/iVsovRUVpRLOEywJ4A=,HoOr5zLXOJP4OQcCQ5PZ6Z5gX3M=
-3,-12,JG5BdPIT/iVsovRUVpRLOEywJ4A=,HoOr5zLXOJP4OQcCQ5PZ6Z5gX3M=
-2,-12,JG5BdPIT/iVsovRUVpRLOEywJ4A=,HoOr5zLXOJP4OQcCQ5PZ6Z5gX3M=
-1,-12,JG5BdPIT/iVsovRUVpRLOEywJ4A=,HoOr5zLXOJP4OQcCQ5PZ6Z5gX3M=
-4,-9,JG5BdPIT/iVsovRUVpRLOEywJ4A=,HoOr5zLXOJP4OQcCQ5PZ6Z5gX3M=
-4,-10,JG5BdPIT/iVsovRUVpRLOEywJ4A=,HoOr5zLXOJP4OQcCQ5PZ6Z5gX3M=
-4,-11,JG5BdPIT/iVsovRUVpRLOEywJ4A=,HoOr5zLXOJP4OQcCQ5PZ6Z5gX3M=
-4,-8,JG5BdPIT/iVsovRUVpRLOEywJ4A=,Ma/oXCMQbwul6dYkdlNQDpFmbrs=
-4,-12,JG5BdPIT/iVsovRUVpRLOEywJ4A=,HoOr5zLXOJP4OQcCQ5PZ6Z5gX3M=
-1,-7,JG5BdPIT/iVsovRUVpRLOEywJ4A=,Ma/oXCMQbwul6dYkdlNQDpFmbrs=
-12,-4,JG5BdPIT/iVsovRUVpRLOEywJ4A=,wDuMLjI8xcV2mjl3wyMiH9lDc2Q=
-11,-4,JG5BdPIT/iVsovRUVpRLOEywJ4A=,wDuMLjI8xcV2mjl3wyMiH9lDc2Q=
-16,-4,JG5BdPIT/iVsovRUVpRLOEywJ4A=,UfXhLK7rJ8uyBVm2V45qyjkIjEQ=
-1,-9,JG5BdPIT/iVsovRUVpRLOEywJ4A=,HoOr5zLXOJP4OQcCQ5PZ6Z5gX3M=
-16,-3,JG5BdPIT/iVsovRUVpRLOEywJ4A=,UfXhLK7rJ8uyBVm2V45qyjkIjEQ=
-16,-1,JG5BdPIT/iVsovRUVpRLOEywJ4A=,UfXhLK7rJ8uyBVm2V45qyjkIjEQ=
-16,-2,JG5BdPIT/iVsovRUVpRLOEywJ4A=,UfXhLK7rJ8uyBVm2V45qyjkIjEQ=
-5,-2,JG5BdPIT/iVsovRUVpRLOEywJ4A=,hn7OvN0f2uPFipgo3tSSfyW5vyA=
-6,-2,JG5BdPIT/iVsovRUVpRLOEywJ4A=,hn7OvN0f2uPFipgo3tSSfyW5vyA=
-15,-1,JG5BdPIT/iVsovRUVpRLOEywJ4A=,UfXhLK7rJ8uyBVm2V45qyjkIjEQ=
-3,-4,JG5BdPIT/iVsovRUVpRLOEywJ4A=,w1TtVIY5X4jP2U3oKGbtrOd+OLo=
-6,-1,JG5BdPIT/iVsovRUVpRLOEywJ4A=,hn7OvN0f2uPFipgo3tSSfyW5vyA=
-9,-4,JG5BdPIT/iVsovRUVpRLOEywJ4A=,wDuMLjI8xcV2mjl3wyMiH9lDc2Q=
-14,-3,JG5BdPIT/iVsovRUVpRLOEywJ4A=,UfXhLK7rJ8uyBVm2V45qyjkIjEQ=
-14,-4,JG5BdPIT/iVsovRUVpRLOEywJ4A=,UfXhLK7rJ8uyBVm2V45qyjkIjEQ=
-13,-4,JG5BdPIT/iVsovRUVpRLOEywJ4A=,UfXhLK7rJ8uyBVm2V45qyjkIjEQ=
-10,-4,JG5BdPIT/iVsovRUVpRLOEywJ4A=,wDuMLjI8xcV2mjl3wyMiH9lDc2Q=
-4,-2,JG5BdPIT/iVsovRUVpRLOEywJ4A=,w1TtVIY5X4jP2U3oKGbtrOd+OLo=
-1,-8,JG5BdPIT/iVsovRUVpRLOEywJ4A=,Ma/oXCMQbwul6dYkdlNQDpFmbrs=
-8,-4,JG5BdPIT/iVsovRUVpRLOEywJ4A=,hn7OvN0f2uPFipgo3tSSfyW5vyA=
-5,-1,JG5BdPIT/iVsovRUVpRLOEywJ4A=,hn7OvN0f2uPFipgo3tSSfyW5vyA=
-3,-2,JG5BdPIT/iVsovRUVpRLOEywJ4A=,w1TtVIY5X4jP2U3oKGbtrOd+OLo=
-3,-3,JG5BdPIT/iVsovRUVpRLOEywJ4A=,w1TtVIY5X4jP2U3oKGbtrOd+OLo=
-15,-4,JG5BdPIT/iVsovRUVpRLOEywJ4A=,UfXhLK7rJ8uyBVm2V45qyjkIjEQ=
-15,-3,JG5BdPIT/iVsovRUVpRLOEywJ4A=,UfXhLK7rJ8uyBVm2V45qyjkIjEQ=
-3,-1,JG5BdPIT/iVsovRUVpRLOEywJ4A=,w1TtVIY5X4jP2U3oKGbtrOd+OLo=
-4,-1,JG5BdPIT/iVsovRUVpRLOEywJ4A=,w1TtVIY5X4jP2U3oKGbtrOd+OLo=
-1,-6,JG5BdPIT/iVsovRUVpRLOEywJ4A=,Ma/oXCMQbwul6dYkdlNQDpFmbrs=
-15,-2,JG5BdPIT/iVsovRUVpRLOEywJ4A=,UfXhLK7rJ8uyBVm2V45qyjkIjEQ=
-1,-1,JG5BdPIT/iVsovRUVpRLOEywJ4A=,w1TtVIY5X4jP2U3oKGbtrOd+OLo=
-1,-5,JG5BdPIT/iVsovRUVpRLOEywJ4A=,Ma/oXCMQbwul6dYkdlNQDpFmbrs=
-2,-1,JG5BdPIT/iVsovRUVpRLOEywJ4A=,w1TtVIY5X4jP2U3oKGbtrOd+OLo=
-1,-2,JG5BdPIT/iVsovRUVpRLOEywJ4A=,w1TtVIY5X4jP2U3oKGbtrOd+OLo=
-2,-5,JG5BdPIT/iVsovRUVpRLOEywJ4A=,Ma/oXCMQbwul6dYkdlNQDpFmbrs=
-2,-2,JG5BdPIT/iVsovRUVpRLOEywJ4A=,w1TtVIY5X4jP2U3oKGbtrOd+OLo=
-2,-3,JG5BdPIT/iVsovRUVpRLOEywJ4A=,w1TtVIY5X4jP2U3oKGbtrOd+OLo=
-1,-4,JG5BdPIT/iVsovRUVpRLOEywJ4A=,w1TtVIY5X4jP2U3oKGbtrOd+OLo=
-2,-4,JG5BdPIT/iVsovRUVpRLOEywJ4A=,w1TtVIY5X4jP2U3oKGbtrOd+OLo=
-1,-3,JG5BdPIT/iVsovRUVpRLOEywJ4A=,w1TtVIY5X4jP2U3oKGbtrOd+OLo=
