-57,67,meCCMxAt231kcHzr/Bq2IMOQnNA=,s/hgpXfjVuIVhrRCoSYIl2+ioJc=
-59,66,meCCMxAt231kcHzr/Bq2IMOQnNA=,s/hgpXfjVuIVhrRCoSYIl2+ioJc=
-59,67,meCCMxAt231kcHzr/Bq2IMOQnNA=,s/hgpXfjVuIVhrRCoSYIl2+ioJc=
-60,66,meCCMxAt231kcHzr/Bq2IMOQnNA=,s/hgpXfjVuIVhrRCoSYIl2+ioJc=
-58,67,meCCMxAt231kcHzr/Bq2IMOQnNA=,s/hgpXfjVuIVhrRCoSYIl2+ioJc=
-61,66,meCCMxAt231kcHzr/Bq2IMOQnNA=,s/hgpXfjVuIVhrRCoSYIl2+ioJc=
-62,66,meCCMxAt231kcHzr/Bq2IMOQnNA=,s/hgpXfjVuIVhrRCoSYIl2+ioJc=
-59,65,meCCMxAt231kcHzr/Bq2IMOQnNA=,s/hgpXfjVuIVhrRCoSYIl2+ioJc=
-60,65,meCCMxAt231kcHzr/Bq2IMOQnNA=,s/hgpXfjVuIVhrRCoSYIl2+ioJc=
-63,66,meCCMxAt231kcHzr/Bq2IMOQnNA=,s/hgpXfjVuIVhrRCoSYIl2+ioJc=
-60,67,meCCMxAt231kcHzr/Bq2IMOQnNA=,s/hgpXfjVuIVhrRCoSYIl2+ioJc=
-61,67,meCCMxAt231kcHzr/Bq2IMOQnNA=,s/hgpXfjVuIVhrRCoSYIl2+ioJc=
-50,78,meCCMxAt231kcHzr/Bq2IMOQnNA=,s/hgpXfjVuIVhrRCoSYIl2+ioJc=
-53,78,meCCMxAt231kcHzr/Bq2IMOQnNA=,s/hgpXfjVuIVhrRCoSYIl2+ioJc=
-52,78,meCCMxAt231kcHzr/Bq2IMOQnNA=,s/hgpXfjVuIVhrRCoSYIl2+ioJc=
-51,78,meCCMxAt231kcHzr/Bq2IMOQnNA=,s/hgpXfjVuIVhrRCoSYIl2+ioJc=
-54,78,meCCMxAt231kcHzr/Bq2IMOQnNA=,s/hgpXfjVuIVhrRCoSYIl2+ioJc=
-55,78,meCCMxAt231kcHzr/Bq2IMOQnNA=,s/hgpXfjVuIVhrRCoSYIl2+ioJc=
-56,78,meCCMxAt231kcHzr/Bq2IMOQnNA=,s/hgpXfjVuIVhrRCoSYIl2+ioJc=
-58,78,meCCMxAt231kcHzr/Bq2IMOQnNA=,s/hgpXfjVuIVhrRCoSYIl2+ioJc=
-57,78,meCCMxAt231kcHzr/Bq2IMOQnNA=,s/hgpXfjVuIVhrRCoSYIl2+ioJc=
-59,78,meCCMxAt231kcHzr/Bq2IMOQnNA=,s/hgpXfjVuIVhrRCoSYIl2+ioJc=
-61,78,meCCMxAt231kcHzr/Bq2IMOQnNA=,s/hgpXfjVuIVhrRCoSYIl2+ioJc=
-62,78,meCCMxAt231kcHzr/Bq2IMOQnNA=,s/hgpXfjVuIVhrRCoSYIl2+ioJc=
-63,78,meCCMxAt231kcHzr/Bq2IMOQnNA=,s/hgpXfjVuIVhrRCoSYIl2+ioJc=
-61,65,meCCMxAt231kcHzr/Bq2IMOQnNA=,s/hgpXfjVuIVhrRCoSYIl2+ioJc=
-50,77,meCCMxAt231kcHzr/Bq2IMOQnNA=,s/hgpXfjVuIVhrRCoSYIl2+ioJc=
-62,67,meCCMxAt231kcHzr/Bq2IMOQnNA=,s/hgpXfjVuIVhrRCoSYIl2+ioJc=
-51,77,meCCMxAt231kcHzr/Bq2IMOQnNA=,s/hgpXfjVuIVhrRCoSYIl2+ioJc=
-52,77,meCCMxAt231kcHzr/Bq2IMOQnNA=,s/hgpXfjVuIVhrRCoSYIl2+ioJc=
-53,77,meCCMxAt231kcHzr/Bq2IMOQnNA=,s/hgpXfjVuIVhrRCoSYIl2+ioJc=
-55,77,meCCMxAt231kcHzr/Bq2IMOQnNA=,s/hgpXfjVuIVhrRCoSYIl2+ioJc=
-54,77,meCCMxAt231kcHzr/Bq2IMOQnNA=,s/hgpXfjVuIVhrRCoSYIl2+ioJc=
-56,77,meCCMxAt231kcHzr/Bq2IMOQnNA=,s/hgpXfjVuIVhrRCoSYIl2+ioJc=
-57,77,meCCMxAt231kcHzr/Bq2IMOQnNA=,s/hgpXfjVuIVhrRCoSYIl2+ioJc=
-58,77,meCCMxAt231kcHzr/Bq2IMOQnNA=,s/hgpXfjVuIVhrRCoSYIl2+ioJc=
-60,78,meCCMxAt231kcHzr/Bq2IMOQnNA=,s/hgpXfjVuIVhrRCoSYIl2+ioJc=
-59,77,meCCMxAt231kcHzr/Bq2IMOQnNA=,s/hgpXfjVuIVhrRCoSYIl2+ioJc=
-60,77,meCCMxAt231kcHzr/Bq2IMOQnNA=,s/hgpXfjVuIVhrRCoSYIl2+ioJc=
-61,77,meCCMxAt231kcHzr/Bq2IMOQnNA=,s/hgpXfjVuIVhrRCoSYIl2+ioJc=
-62,77,meCCMxAt231kcHzr/Bq2IMOQnNA=,s/hgpXfjVuIVhrRCoSYIl2+ioJc=
-62,65,meCCMxAt231kcHzr/Bq2IMOQnNA=,s/hgpXfjVuIVhrRCoSYIl2+ioJc=
-63,77,meCCMxAt231kcHzr/Bq2IMOQnNA=,s/hgpXfjVuIVhrRCoSYIl2+ioJc=
-50,76,meCCMxAt231kcHzr/Bq2IMOQnNA=,s/hgpXfjVuIVhrRCoSYIl2+ioJc=
-63,67,meCCMxAt231kcHzr/Bq2IMOQnNA=,s/hgpXfjVuIVhrRCoSYIl2+ioJc=
-51,76,meCCMxAt231kcHzr/Bq2IMOQnNA=,s/hgpXfjVuIVhrRCoSYIl2+ioJc=
-63,65,meCCMxAt231kcHzr/Bq2IMOQnNA=,s/hgpXfjVuIVhrRCoSYIl2+ioJc=
-52,76,meCCMxAt231kcHzr/Bq2IMOQnNA=,s/hgpXfjVuIVhrRCoSYIl2+ioJc=
-53,76,meCCMxAt231kcHzr/Bq2IMOQnNA=,s/hgpXfjVuIVhrRCoSYIl2+ioJc=
-54,76,meCCMxAt231kcHzr/Bq2IMOQnNA=,s/hgpXfjVuIVhrRCoSYIl2+ioJc=
-55,76,meCCMxAt231kcHzr/Bq2IMOQnNA=,s/hgpXfjVuIVhrRCoSYIl2+ioJc=
-56,76,meCCMxAt231kcHzr/Bq2IMOQnNA=,s/hgpXfjVuIVhrRCoSYIl2+ioJc=
-57,76,meCCMxAt231kcHzr/Bq2IMOQnNA=,s/hgpXfjVuIVhrRCoSYIl2+ioJc=
-59,76,meCCMxAt231kcHzr/Bq2IMOQnNA=,s/hgpXfjVuIVhrRCoSYIl2+ioJc=
-60,76,meCCMxAt231kcHzr/Bq2IMOQnNA=,s/hgpXfjVuIVhrRCoSYIl2+ioJc=
-58,76,meCCMxAt231kcHzr/Bq2IMOQnNA=,s/hgpXfjVuIVhrRCoSYIl2+ioJc=
-61,76,meCCMxAt231kcHzr/Bq2IMOQnNA=,s/hgpXfjVuIVhrRCoSYIl2+ioJc=
-62,76,meCCMxAt231kcHzr/Bq2IMOQnNA=,s/hgpXfjVuIVhrRCoSYIl2+ioJc=
-63,76,meCCMxAt231kcHzr/Bq2IMOQnNA=,s/hgpXfjVuIVhrRCoSYIl2+ioJc=
-50,66,meCCMxAt231kcHzr/Bq2IMOQnNA=,s/hgpXfjVuIVhrRCoSYIl2+ioJc=
-50,65,meCCMxAt231kcHzr/Bq2IMOQnNA=,s/hgpXfjVuIVhrRCoSYIl2+ioJc=
-50,75,meCCMxAt231kcHzr/Bq2IMOQnNA=,s/hgpXfjVuIVhrRCoSYIl2+ioJc=
-51,75,meCCMxAt231kcHzr/Bq2IMOQnNA=,s/hgpXfjVuIVhrRCoSYIl2+ioJc=
-52,75,meCCMxAt231kcHzr/Bq2IMOQnNA=,s/hgpXfjVuIVhrRCoSYIl2+ioJc=
-54,75,meCCMxAt231kcHzr/Bq2IMOQnNA=,s/hgpXfjVuIVhrRCoSYIl2+ioJc=
-53,75,meCCMxAt231kcHzr/Bq2IMOQnNA=,s/hgpXfjVuIVhrRCoSYIl2+ioJc=
-55,75,meCCMxAt231kcHzr/Bq2IMOQnNA=,s/hgpXfjVuIVhrRCoSYIl2+ioJc=
-56,75,meCCMxAt231kcHzr/Bq2IMOQnNA=,s/hgpXfjVuIVhrRCoSYIl2+ioJc=
-57,75,meCCMxAt231kcHzr/Bq2IMOQnNA=,s/hgpXfjVuIVhrRCoSYIl2+ioJc=
-58,75,meCCMxAt231kcHzr/Bq2IMOQnNA=,s/hgpXfjVuIVhrRCoSYIl2+ioJc=
-59,75,meCCMxAt231kcHzr/Bq2IMOQnNA=,s/hgpXfjVuIVhrRCoSYIl2+ioJc=
-60,75,meCCMxAt231kcHzr/Bq2IMOQnNA=,s/hgpXfjVuIVhrRCoSYIl2+ioJc=
-61,75,meCCMxAt231kcHzr/Bq2IMOQnNA=,s/hgpXfjVuIVhrRCoSYIl2+ioJc=
-63,75,meCCMxAt231kcHzr/Bq2IMOQnNA=,s/hgpXfjVuIVhrRCoSYIl2+ioJc=
-51,65,meCCMxAt231kcHzr/Bq2IMOQnNA=,s/hgpXfjVuIVhrRCoSYIl2+ioJc=
-51,66,meCCMxAt231kcHzr/Bq2IMOQnNA=,s/hgpXfjVuIVhrRCoSYIl2+ioJc=
-50,74,meCCMxAt231kcHzr/Bq2IMOQnNA=,s/hgpXfjVuIVhrRCoSYIl2+ioJc=
-51,74,meCCMxAt231kcHzr/Bq2IMOQnNA=,s/hgpXfjVuIVhrRCoSYIl2+ioJc=
-52,74,meCCMxAt231kcHzr/Bq2IMOQnNA=,s/hgpXfjVuIVhrRCoSYIl2+ioJc=
-53,74,meCCMxAt231kcHzr/Bq2IMOQnNA=,s/hgpXfjVuIVhrRCoSYIl2+ioJc=
-54,74,meCCMxAt231kcHzr/Bq2IMOQnNA=,s/hgpXfjVuIVhrRCoSYIl2+ioJc=
-55,74,meCCMxAt231kcHzr/Bq2IMOQnNA=,s/hgpXfjVuIVhrRCoSYIl2+ioJc=
-56,74,meCCMxAt231kcHzr/Bq2IMOQnNA=,s/hgpXfjVuIVhrRCoSYIl2+ioJc=
-57,74,meCCMxAt231kcHzr/Bq2IMOQnNA=,s/hgpXfjVuIVhrRCoSYIl2+ioJc=
-58,74,meCCMxAt231kcHzr/Bq2IMOQnNA=,s/hgpXfjVuIVhrRCoSYIl2+ioJc=
-59,74,meCCMxAt231kcHzr/Bq2IMOQnNA=,s/hgpXfjVuIVhrRCoSYIl2+ioJc=
-60,74,meCCMxAt231kcHzr/Bq2IMOQnNA=,s/hgpXfjVuIVhrRCoSYIl2+ioJc=
-61,74,meCCMxAt231kcHzr/Bq2IMOQnNA=,s/hgpXfjVuIVhrRCoSYIl2+ioJc=
-62,74,meCCMxAt231kcHzr/Bq2IMOQnNA=,s/hgpXfjVuIVhrRCoSYIl2+ioJc=
-63,74,meCCMxAt231kcHzr/Bq2IMOQnNA=,s/hgpXfjVuIVhrRCoSYIl2+ioJc=
-52,65,meCCMxAt231kcHzr/Bq2IMOQnNA=,s/hgpXfjVuIVhrRCoSYIl2+ioJc=
-52,66,meCCMxAt231kcHzr/Bq2IMOQnNA=,s/hgpXfjVuIVhrRCoSYIl2+ioJc=
-50,73,meCCMxAt231kcHzr/Bq2IMOQnNA=,s/hgpXfjVuIVhrRCoSYIl2+ioJc=
-51,73,meCCMxAt231kcHzr/Bq2IMOQnNA=,s/hgpXfjVuIVhrRCoSYIl2+ioJc=
-52,73,meCCMxAt231kcHzr/Bq2IMOQnNA=,s/hgpXfjVuIVhrRCoSYIl2+ioJc=
-54,73,meCCMxAt231kcHzr/Bq2IMOQnNA=,s/hgpXfjVuIVhrRCoSYIl2+ioJc=
-55,73,meCCMxAt231kcHzr/Bq2IMOQnNA=,s/hgpXfjVuIVhrRCoSYIl2+ioJc=
-53,73,meCCMxAt231kcHzr/Bq2IMOQnNA=,s/hgpXfjVuIVhrRCoSYIl2+ioJc=
-57,73,meCCMxAt231kcHzr/Bq2IMOQnNA=,s/hgpXfjVuIVhrRCoSYIl2+ioJc=
-56,73,meCCMxAt231kcHzr/Bq2IMOQnNA=,s/hgpXfjVuIVhrRCoSYIl2+ioJc=
-58,73,meCCMxAt231kcHzr/Bq2IMOQnNA=,s/hgpXfjVuIVhrRCoSYIl2+ioJc=
-59,73,meCCMxAt231kcHzr/Bq2IMOQnNA=,s/hgpXfjVuIVhrRCoSYIl2+ioJc=
-60,73,meCCMxAt231kcHzr/Bq2IMOQnNA=,s/hgpXfjVuIVhrRCoSYIl2+ioJc=
-62,73,meCCMxAt231kcHzr/Bq2IMOQnNA=,s/hgpXfjVuIVhrRCoSYIl2+ioJc=
-61,73,meCCMxAt231kcHzr/Bq2IMOQnNA=,s/hgpXfjVuIVhrRCoSYIl2+ioJc=
-63,73,meCCMxAt231kcHzr/Bq2IMOQnNA=,s/hgpXfjVuIVhrRCoSYIl2+ioJc=
-53,65,meCCMxAt231kcHzr/Bq2IMOQnNA=,s/hgpXfjVuIVhrRCoSYIl2+ioJc=
-53,66,meCCMxAt231kcHzr/Bq2IMOQnNA=,s/hgpXfjVuIVhrRCoSYIl2+ioJc=
-50,72,meCCMxAt231kcHzr/Bq2IMOQnNA=,s/hgpXfjVuIVhrRCoSYIl2+ioJc=
-51,72,meCCMxAt231kcHzr/Bq2IMOQnNA=,s/hgpXfjVuIVhrRCoSYIl2+ioJc=
-52,72,meCCMxAt231kcHzr/Bq2IMOQnNA=,s/hgpXfjVuIVhrRCoSYIl2+ioJc=
-54,72,meCCMxAt231kcHzr/Bq2IMOQnNA=,s/hgpXfjVuIVhrRCoSYIl2+ioJc=
-55,72,meCCMxAt231kcHzr/Bq2IMOQnNA=,s/hgpXfjVuIVhrRCoSYIl2+ioJc=
-56,72,meCCMxAt231kcHzr/Bq2IMOQnNA=,s/hgpXfjVuIVhrRCoSYIl2+ioJc=
-53,72,meCCMxAt231kcHzr/Bq2IMOQnNA=,s/hgpXfjVuIVhrRCoSYIl2+ioJc=
-58,72,meCCMxAt231kcHzr/Bq2IMOQnNA=,s/hgpXfjVuIVhrRCoSYIl2+ioJc=
-62,75,meCCMxAt231kcHzr/Bq2IMOQnNA=,s/hgpXfjVuIVhrRCoSYIl2+ioJc=
-57,72,meCCMxAt231kcHzr/Bq2IMOQnNA=,s/hgpXfjVuIVhrRCoSYIl2+ioJc=
-59,72,meCCMxAt231kcHzr/Bq2IMOQnNA=,s/hgpXfjVuIVhrRCoSYIl2+ioJc=
-60,72,meCCMxAt231kcHzr/Bq2IMOQnNA=,s/hgpXfjVuIVhrRCoSYIl2+ioJc=
-61,72,meCCMxAt231kcHzr/Bq2IMOQnNA=,s/hgpXfjVuIVhrRCoSYIl2+ioJc=
-62,72,meCCMxAt231kcHzr/Bq2IMOQnNA=,s/hgpXfjVuIVhrRCoSYIl2+ioJc=
-63,72,meCCMxAt231kcHzr/Bq2IMOQnNA=,s/hgpXfjVuIVhrRCoSYIl2+ioJc=
-54,65,meCCMxAt231kcHzr/Bq2IMOQnNA=,s/hgpXfjVuIVhrRCoSYIl2+ioJc=
-54,66,meCCMxAt231kcHzr/Bq2IMOQnNA=,s/hgpXfjVuIVhrRCoSYIl2+ioJc=
-50,71,meCCMxAt231kcHzr/Bq2IMOQnNA=,s/hgpXfjVuIVhrRCoSYIl2+ioJc=
-53,71,meCCMxAt231kcHzr/Bq2IMOQnNA=,s/hgpXfjVuIVhrRCoSYIl2+ioJc=
-51,71,meCCMxAt231kcHzr/Bq2IMOQnNA=,s/hgpXfjVuIVhrRCoSYIl2+ioJc=
-52,71,meCCMxAt231kcHzr/Bq2IMOQnNA=,s/hgpXfjVuIVhrRCoSYIl2+ioJc=
-54,71,meCCMxAt231kcHzr/Bq2IMOQnNA=,s/hgpXfjVuIVhrRCoSYIl2+ioJc=
-55,71,meCCMxAt231kcHzr/Bq2IMOQnNA=,s/hgpXfjVuIVhrRCoSYIl2+ioJc=
-56,71,meCCMxAt231kcHzr/Bq2IMOQnNA=,s/hgpXfjVuIVhrRCoSYIl2+ioJc=
-57,71,meCCMxAt231kcHzr/Bq2IMOQnNA=,s/hgpXfjVuIVhrRCoSYIl2+ioJc=
-58,71,meCCMxAt231kcHzr/Bq2IMOQnNA=,s/hgpXfjVuIVhrRCoSYIl2+ioJc=
-59,71,meCCMxAt231kcHzr/Bq2IMOQnNA=,s/hgpXfjVuIVhrRCoSYIl2+ioJc=
-60,71,meCCMxAt231kcHzr/Bq2IMOQnNA=,s/hgpXfjVuIVhrRCoSYIl2+ioJc=
-61,71,meCCMxAt231kcHzr/Bq2IMOQnNA=,s/hgpXfjVuIVhrRCoSYIl2+ioJc=
-62,71,meCCMxAt231kcHzr/Bq2IMOQnNA=,s/hgpXfjVuIVhrRCoSYIl2+ioJc=
-63,71,meCCMxAt231kcHzr/Bq2IMOQnNA=,s/hgpXfjVuIVhrRCoSYIl2+ioJc=
-55,65,meCCMxAt231kcHzr/Bq2IMOQnNA=,s/hgpXfjVuIVhrRCoSYIl2+ioJc=
-55,66,meCCMxAt231kcHzr/Bq2IMOQnNA=,s/hgpXfjVuIVhrRCoSYIl2+ioJc=
-50,70,meCCMxAt231kcHzr/Bq2IMOQnNA=,s/hgpXfjVuIVhrRCoSYIl2+ioJc=
-51,70,meCCMxAt231kcHzr/Bq2IMOQnNA=,s/hgpXfjVuIVhrRCoSYIl2+ioJc=
-52,70,meCCMxAt231kcHzr/Bq2IMOQnNA=,s/hgpXfjVuIVhrRCoSYIl2+ioJc=
-53,70,meCCMxAt231kcHzr/Bq2IMOQnNA=,s/hgpXfjVuIVhrRCoSYIl2+ioJc=
-54,70,meCCMxAt231kcHzr/Bq2IMOQnNA=,s/hgpXfjVuIVhrRCoSYIl2+ioJc=
-55,70,meCCMxAt231kcHzr/Bq2IMOQnNA=,s/hgpXfjVuIVhrRCoSYIl2+ioJc=
-56,70,meCCMxAt231kcHzr/Bq2IMOQnNA=,s/hgpXfjVuIVhrRCoSYIl2+ioJc=
-58,70,meCCMxAt231kcHzr/Bq2IMOQnNA=,s/hgpXfjVuIVhrRCoSYIl2+ioJc=
-57,70,meCCMxAt231kcHzr/Bq2IMOQnNA=,s/hgpXfjVuIVhrRCoSYIl2+ioJc=
-59,70,meCCMxAt231kcHzr/Bq2IMOQnNA=,s/hgpXfjVuIVhrRCoSYIl2+ioJc=
-60,70,meCCMxAt231kcHzr/Bq2IMOQnNA=,s/hgpXfjVuIVhrRCoSYIl2+ioJc=
-61,70,meCCMxAt231kcHzr/Bq2IMOQnNA=,s/hgpXfjVuIVhrRCoSYIl2+ioJc=
-62,70,meCCMxAt231kcHzr/Bq2IMOQnNA=,s/hgpXfjVuIVhrRCoSYIl2+ioJc=
-63,70,meCCMxAt231kcHzr/Bq2IMOQnNA=,s/hgpXfjVuIVhrRCoSYIl2+ioJc=
-56,65,meCCMxAt231kcHzr/Bq2IMOQnNA=,s/hgpXfjVuIVhrRCoSYIl2+ioJc=
-50,69,meCCMxAt231kcHzr/Bq2IMOQnNA=,s/hgpXfjVuIVhrRCoSYIl2+ioJc=
-56,66,meCCMxAt231kcHzr/Bq2IMOQnNA=,s/hgpXfjVuIVhrRCoSYIl2+ioJc=
-51,69,meCCMxAt231kcHzr/Bq2IMOQnNA=,s/hgpXfjVuIVhrRCoSYIl2+ioJc=
-52,69,meCCMxAt231kcHzr/Bq2IMOQnNA=,s/hgpXfjVuIVhrRCoSYIl2+ioJc=
-53,69,meCCMxAt231kcHzr/Bq2IMOQnNA=,s/hgpXfjVuIVhrRCoSYIl2+ioJc=
-54,69,meCCMxAt231kcHzr/Bq2IMOQnNA=,s/hgpXfjVuIVhrRCoSYIl2+ioJc=
-55,69,meCCMxAt231kcHzr/Bq2IMOQnNA=,s/hgpXfjVuIVhrRCoSYIl2+ioJc=
-56,69,meCCMxAt231kcHzr/Bq2IMOQnNA=,s/hgpXfjVuIVhrRCoSYIl2+ioJc=
-57,69,meCCMxAt231kcHzr/Bq2IMOQnNA=,s/hgpXfjVuIVhrRCoSYIl2+ioJc=
-58,69,meCCMxAt231kcHzr/Bq2IMOQnNA=,s/hgpXfjVuIVhrRCoSYIl2+ioJc=
-59,69,meCCMxAt231kcHzr/Bq2IMOQnNA=,s/hgpXfjVuIVhrRCoSYIl2+ioJc=
-60,69,meCCMxAt231kcHzr/Bq2IMOQnNA=,s/hgpXfjVuIVhrRCoSYIl2+ioJc=
-62,69,meCCMxAt231kcHzr/Bq2IMOQnNA=,s/hgpXfjVuIVhrRCoSYIl2+ioJc=
-61,69,meCCMxAt231kcHzr/Bq2IMOQnNA=,s/hgpXfjVuIVhrRCoSYIl2+ioJc=
-63,69,meCCMxAt231kcHzr/Bq2IMOQnNA=,s/hgpXfjVuIVhrRCoSYIl2+ioJc=
-57,65,meCCMxAt231kcHzr/Bq2IMOQnNA=,s/hgpXfjVuIVhrRCoSYIl2+ioJc=
-57,66,meCCMxAt231kcHzr/Bq2IMOQnNA=,s/hgpXfjVuIVhrRCoSYIl2+ioJc=
-50,68,meCCMxAt231kcHzr/Bq2IMOQnNA=,s/hgpXfjVuIVhrRCoSYIl2+ioJc=
-52,68,meCCMxAt231kcHzr/Bq2IMOQnNA=,s/hgpXfjVuIVhrRCoSYIl2+ioJc=
-53,68,meCCMxAt231kcHzr/Bq2IMOQnNA=,s/hgpXfjVuIVhrRCoSYIl2+ioJc=
-54,68,meCCMxAt231kcHzr/Bq2IMOQnNA=,s/hgpXfjVuIVhrRCoSYIl2+ioJc=
-55,68,meCCMxAt231kcHzr/Bq2IMOQnNA=,s/hgpXfjVuIVhrRCoSYIl2+ioJc=
-56,68,meCCMxAt231kcHzr/Bq2IMOQnNA=,s/hgpXfjVuIVhrRCoSYIl2+ioJc=
-57,68,meCCMxAt231kcHzr/Bq2IMOQnNA=,s/hgpXfjVuIVhrRCoSYIl2+ioJc=
-58,68,meCCMxAt231kcHzr/Bq2IMOQnNA=,s/hgpXfjVuIVhrRCoSYIl2+ioJc=
-51,68,meCCMxAt231kcHzr/Bq2IMOQnNA=,s/hgpXfjVuIVhrRCoSYIl2+ioJc=
-59,68,meCCMxAt231kcHzr/Bq2IMOQnNA=,s/hgpXfjVuIVhrRCoSYIl2+ioJc=
-60,68,meCCMxAt231kcHzr/Bq2IMOQnNA=,s/hgpXfjVuIVhrRCoSYIl2+ioJc=
-61,68,meCCMxAt231kcHzr/Bq2IMOQnNA=,s/hgpXfjVuIVhrRCoSYIl2+ioJc=
-62,68,meCCMxAt231kcHzr/Bq2IMOQnNA=,s/hgpXfjVuIVhrRCoSYIl2+ioJc=
-63,68,meCCMxAt231kcHzr/Bq2IMOQnNA=,s/hgpXfjVuIVhrRCoSYIl2+ioJc=
-58,66,meCCMxAt231kcHzr/Bq2IMOQnNA=,s/hgpXfjVuIVhrRCoSYIl2+ioJc=
-58,65,meCCMxAt231kcHzr/Bq2IMOQnNA=,s/hgpXfjVuIVhrRCoSYIl2+ioJc=
-50,67,meCCMxAt231kcHzr/Bq2IMOQnNA=,s/hgpXfjVuIVhrRCoSYIl2+ioJc=
-51,67,meCCMxAt231kcHzr/Bq2IMOQnNA=,s/hgpXfjVuIVhrRCoSYIl2+ioJc=
-52,67,meCCMxAt231kcHzr/Bq2IMOQnNA=,s/hgpXfjVuIVhrRCoSYIl2+ioJc=
-53,67,meCCMxAt231kcHzr/Bq2IMOQnNA=,s/hgpXfjVuIVhrRCoSYIl2+ioJc=
-54,67,meCCMxAt231kcHzr/Bq2IMOQnNA=,s/hgpXfjVuIVhrRCoSYIl2+ioJc=
-55,67,meCCMxAt231kcHzr/Bq2IMOQnNA=,s/hgpXfjVuIVhrRCoSYIl2+ioJc=
-56,67,meCCMxAt231kcHzr/Bq2IMOQnNA=,s/hgpXfjVuIVhrRCoSYIl2+ioJc=
-63,79,meCCMxAt231kcHzr/Bq2IMOQnNA=,s/hgpXfjVuIVhrRCoSYIl2+ioJc=
-51,79,meCCMxAt231kcHzr/Bq2IMOQnNA=,s/hgpXfjVuIVhrRCoSYIl2+ioJc=
-52,79,meCCMxAt231kcHzr/Bq2IMOQnNA=,s/hgpXfjVuIVhrRCoSYIl2+ioJc=
-53,79,meCCMxAt231kcHzr/Bq2IMOQnNA=,s/hgpXfjVuIVhrRCoSYIl2+ioJc=
-54,79,meCCMxAt231kcHzr/Bq2IMOQnNA=,s/hgpXfjVuIVhrRCoSYIl2+ioJc=
-55,79,meCCMxAt231kcHzr/Bq2IMOQnNA=,s/hgpXfjVuIVhrRCoSYIl2+ioJc=
-56,79,meCCMxAt231kcHzr/Bq2IMOQnNA=,s/hgpXfjVuIVhrRCoSYIl2+ioJc=
-57,79,meCCMxAt231kcHzr/Bq2IMOQnNA=,s/hgpXfjVuIVhrRCoSYIl2+ioJc=
-58,79,meCCMxAt231kcHzr/Bq2IMOQnNA=,s/hgpXfjVuIVhrRCoSYIl2+ioJc=
-59,79,meCCMxAt231kcHzr/Bq2IMOQnNA=,s/hgpXfjVuIVhrRCoSYIl2+ioJc=
-60,79,meCCMxAt231kcHzr/Bq2IMOQnNA=,s/hgpXfjVuIVhrRCoSYIl2+ioJc=
-61,79,meCCMxAt231kcHzr/Bq2IMOQnNA=,s/hgpXfjVuIVhrRCoSYIl2+ioJc=
-62,79,meCCMxAt231kcHzr/Bq2IMOQnNA=,s/hgpXfjVuIVhrRCoSYIl2+ioJc=
-58,64,meCCMxAt231kcHzr/Bq2IMOQnNA=,s/hgpXfjVuIVhrRCoSYIl2+ioJc=
-57,64,meCCMxAt231kcHzr/Bq2IMOQnNA=,s/hgpXfjVuIVhrRCoSYIl2+ioJc=
-56,64,meCCMxAt231kcHzr/Bq2IMOQnNA=,s/hgpXfjVuIVhrRCoSYIl2+ioJc=
-55,64,meCCMxAt231kcHzr/Bq2IMOQnNA=,s/hgpXfjVuIVhrRCoSYIl2+ioJc=
-54,64,meCCMxAt231kcHzr/Bq2IMOQnNA=,s/hgpXfjVuIVhrRCoSYIl2+ioJc=
-52,64,meCCMxAt231kcHzr/Bq2IMOQnNA=,s/hgpXfjVuIVhrRCoSYIl2+ioJc=
-53,64,meCCMxAt231kcHzr/Bq2IMOQnNA=,s/hgpXfjVuIVhrRCoSYIl2+ioJc=
-51,64,meCCMxAt231kcHzr/Bq2IMOQnNA=,s/hgpXfjVuIVhrRCoSYIl2+ioJc=
-62,64,meCCMxAt231kcHzr/Bq2IMOQnNA=,s/hgpXfjVuIVhrRCoSYIl2+ioJc=
-50,64,meCCMxAt231kcHzr/Bq2IMOQnNA=,s/hgpXfjVuIVhrRCoSYIl2+ioJc=
-60,64,meCCMxAt231kcHzr/Bq2IMOQnNA=,s/hgpXfjVuIVhrRCoSYIl2+ioJc=
-63,64,meCCMxAt231kcHzr/Bq2IMOQnNA=,s/hgpXfjVuIVhrRCoSYIl2+ioJc=
-59,64,meCCMxAt231kcHzr/Bq2IMOQnNA=,s/hgpXfjVuIVhrRCoSYIl2+ioJc=
-61,64,meCCMxAt231kcHzr/Bq2IMOQnNA=,s/hgpXfjVuIVhrRCoSYIl2+ioJc=
-49,67,meCCMxAt231kcHzr/Bq2IMOQnNA=,s/hgpXfjVuIVhrRCoSYIl2+ioJc=
-49,68,meCCMxAt231kcHzr/Bq2IMOQnNA=,s/hgpXfjVuIVhrRCoSYIl2+ioJc=
-49,69,meCCMxAt231kcHzr/Bq2IMOQnNA=,s/hgpXfjVuIVhrRCoSYIl2+ioJc=
-49,70,meCCMxAt231kcHzr/Bq2IMOQnNA=,s/hgpXfjVuIVhrRCoSYIl2+ioJc=
-49,71,meCCMxAt231kcHzr/Bq2IMOQnNA=,s/hgpXfjVuIVhrRCoSYIl2+ioJc=
-49,72,meCCMxAt231kcHzr/Bq2IMOQnNA=,s/hgpXfjVuIVhrRCoSYIl2+ioJc=
-49,73,meCCMxAt231kcHzr/Bq2IMOQnNA=,s/hgpXfjVuIVhrRCoSYIl2+ioJc=
-49,74,meCCMxAt231kcHzr/Bq2IMOQnNA=,s/hgpXfjVuIVhrRCoSYIl2+ioJc=
-49,75,meCCMxAt231kcHzr/Bq2IMOQnNA=,s/hgpXfjVuIVhrRCoSYIl2+ioJc=
-49,66,meCCMxAt231kcHzr/Bq2IMOQnNA=,s/hgpXfjVuIVhrRCoSYIl2+ioJc=
-49,65,meCCMxAt231kcHzr/Bq2IMOQnNA=,s/hgpXfjVuIVhrRCoSYIl2+ioJc=
-49,76,meCCMxAt231kcHzr/Bq2IMOQnNA=,s/hgpXfjVuIVhrRCoSYIl2+ioJc=
-49,77,meCCMxAt231kcHzr/Bq2IMOQnNA=,s/hgpXfjVuIVhrRCoSYIl2+ioJc=
-64,68,meCCMxAt231kcHzr/Bq2IMOQnNA=,s/hgpXfjVuIVhrRCoSYIl2+ioJc=
-49,64,meCCMxAt231kcHzr/Bq2IMOQnNA=,s/hgpXfjVuIVhrRCoSYIl2+ioJc=
-64,69,meCCMxAt231kcHzr/Bq2IMOQnNA=,s/hgpXfjVuIVhrRCoSYIl2+ioJc=
-64,70,meCCMxAt231kcHzr/Bq2IMOQnNA=,s/hgpXfjVuIVhrRCoSYIl2+ioJc=
-64,71,meCCMxAt231kcHzr/Bq2IMOQnNA=,s/hgpXfjVuIVhrRCoSYIl2+ioJc=
-64,72,meCCMxAt231kcHzr/Bq2IMOQnNA=,s/hgpXfjVuIVhrRCoSYIl2+ioJc=
-64,73,meCCMxAt231kcHzr/Bq2IMOQnNA=,s/hgpXfjVuIVhrRCoSYIl2+ioJc=
-64,74,meCCMxAt231kcHzr/Bq2IMOQnNA=,s/hgpXfjVuIVhrRCoSYIl2+ioJc=
-64,75,meCCMxAt231kcHzr/Bq2IMOQnNA=,s/hgpXfjVuIVhrRCoSYIl2+ioJc=
-64,65,meCCMxAt231kcHzr/Bq2IMOQnNA=,s/hgpXfjVuIVhrRCoSYIl2+ioJc=
-64,67,meCCMxAt231kcHzr/Bq2IMOQnNA=,s/hgpXfjVuIVhrRCoSYIl2+ioJc=
-64,76,meCCMxAt231kcHzr/Bq2IMOQnNA=,s/hgpXfjVuIVhrRCoSYIl2+ioJc=
-64,66,meCCMxAt231kcHzr/Bq2IMOQnNA=,s/hgpXfjVuIVhrRCoSYIl2+ioJc=
-64,79,meCCMxAt231kcHzr/Bq2IMOQnNA=,s/hgpXfjVuIVhrRCoSYIl2+ioJc=
-49,79,meCCMxAt231kcHzr/Bq2IMOQnNA=,s/hgpXfjVuIVhrRCoSYIl2+ioJc=
-64,78,meCCMxAt231kcHzr/Bq2IMOQnNA=,s/hgpXfjVuIVhrRCoSYIl2+ioJc=
-49,78,meCCMxAt231kcHzr/Bq2IMOQnNA=,s/hgpXfjVuIVhrRCoSYIl2+ioJc=
-50,79,meCCMxAt231kcHzr/Bq2IMOQnNA=,s/hgpXfjVuIVhrRCoSYIl2+ioJc=
-64,64,meCCMxAt231kcHzr/Bq2IMOQnNA=,s/hgpXfjVuIVhrRCoSYIl2+ioJc=
-64,77,meCCMxAt231kcHzr/Bq2IMOQnNA=,s/hgpXfjVuIVhrRCoSYIl2+ioJc=
-57,83,meCCMxAt231kcHzr/Bq2IMOQnNA=,7gXOmIMmMTl1gglQSMQ8GrT+3+s=
-56,83,pFbXjeGks4yShbBSddyhfhQOZCc=,7gXOmIMmMTl1gglQSMQ8GrT+3+s=
-64,84,pFbXjeGks4yShbBSddyhfhQOZCc=,7gXOmIMmMTl1gglQSMQ8GrT+3+s=
-64,85,pFbXjeGks4yShbBSddyhfhQOZCc=,7gXOmIMmMTl1gglQSMQ8GrT+3+s=
-64,86,pFbXjeGks4yShbBSddyhfhQOZCc=,7gXOmIMmMTl1gglQSMQ8GrT+3+s=
-64,88,pFbXjeGks4yShbBSddyhfhQOZCc=,7gXOmIMmMTl1gglQSMQ8GrT+3+s=
-64,87,pFbXjeGks4yShbBSddyhfhQOZCc=,7gXOmIMmMTl1gglQSMQ8GrT+3+s=
-64,89,pFbXjeGks4yShbBSddyhfhQOZCc=,7gXOmIMmMTl1gglQSMQ8GrT+3+s=
-64,90,pFbXjeGks4yShbBSddyhfhQOZCc=,7gXOmIMmMTl1gglQSMQ8GrT+3+s=
-64,91,pFbXjeGks4yShbBSddyhfhQOZCc=,7gXOmIMmMTl1gglQSMQ8GrT+3+s=
-64,92,pFbXjeGks4yShbBSddyhfhQOZCc=,7gXOmIMmMTl1gglQSMQ8GrT+3+s=
-64,82,pFbXjeGks4yShbBSddyhfhQOZCc=,7gXOmIMmMTl1gglQSMQ8GrT+3+s=
-64,83,pFbXjeGks4yShbBSddyhfhQOZCc=,7gXOmIMmMTl1gglQSMQ8GrT+3+s=
-64,81,pFbXjeGks4yShbBSddyhfhQOZCc=,7gXOmIMmMTl1gglQSMQ8GrT+3+s=
-64,93,pFbXjeGks4yShbBSddyhfhQOZCc=,7gXOmIMmMTl1gglQSMQ8GrT+3+s=
-64,94,pFbXjeGks4yShbBSddyhfhQOZCc=,7gXOmIMmMTl1gglQSMQ8GrT+3+s=
-64,95,pFbXjeGks4yShbBSddyhfhQOZCc=,7gXOmIMmMTl1gglQSMQ8GrT+3+s=
-59,80,pFbXjeGks4yShbBSddyhfhQOZCc=,7gXOmIMmMTl1gglQSMQ8GrT+3+s=
-58,83,pFbXjeGks4yShbBSddyhfhQOZCc=,7gXOmIMmMTl1gglQSMQ8GrT+3+s=
-58,82,pFbXjeGks4yShbBSddyhfhQOZCc=,7gXOmIMmMTl1gglQSMQ8GrT+3+s=
-59,82,pFbXjeGks4yShbBSddyhfhQOZCc=,7gXOmIMmMTl1gglQSMQ8GrT+3+s=
-61,80,pFbXjeGks4yShbBSddyhfhQOZCc=,7gXOmIMmMTl1gglQSMQ8GrT+3+s=
-59,83,pFbXjeGks4yShbBSddyhfhQOZCc=,7gXOmIMmMTl1gglQSMQ8GrT+3+s=
-60,83,pFbXjeGks4yShbBSddyhfhQOZCc=,7gXOmIMmMTl1gglQSMQ8GrT+3+s=
-61,83,4BBr7H3IEUCqEcaHgXcAGMXlzP8=,7gXOmIMmMTl1gglQSMQ8GrT+3+s=
-60,81,4BBr7H3IEUCqEcaHgXcAGMXlzP8=,7gXOmIMmMTl1gglQSMQ8GrT+3+s=
-59,81,4BBr7H3IEUCqEcaHgXcAGMXlzP8=,7gXOmIMmMTl1gglQSMQ8GrT+3+s=
-62,83,4BBr7H3IEUCqEcaHgXcAGMXlzP8=,7gXOmIMmMTl1gglQSMQ8GrT+3+s=
-63,80,4BBr7H3IEUCqEcaHgXcAGMXlzP8=,7gXOmIMmMTl1gglQSMQ8GrT+3+s=
-60,82,4BBr7H3IEUCqEcaHgXcAGMXlzP8=,7gXOmIMmMTl1gglQSMQ8GrT+3+s=
-49,95,4BBr7H3IEUCqEcaHgXcAGMXlzP8=,7gXOmIMmMTl1gglQSMQ8GrT+3+s=
-50,95,4BBr7H3IEUCqEcaHgXcAGMXlzP8=,7gXOmIMmMTl1gglQSMQ8GrT+3+s=
-51,95,4BBr7H3IEUCqEcaHgXcAGMXlzP8=,7gXOmIMmMTl1gglQSMQ8GrT+3+s=
-52,95,4BBr7H3IEUCqEcaHgXcAGMXlzP8=,7gXOmIMmMTl1gglQSMQ8GrT+3+s=
-53,95,4BBr7H3IEUCqEcaHgXcAGMXlzP8=,7gXOmIMmMTl1gglQSMQ8GrT+3+s=
-54,95,4BBr7H3IEUCqEcaHgXcAGMXlzP8=,7gXOmIMmMTl1gglQSMQ8GrT+3+s=
-58,95,4BBr7H3IEUCqEcaHgXcAGMXlzP8=,7gXOmIMmMTl1gglQSMQ8GrT+3+s=
-59,95,4BBr7H3IEUCqEcaHgXcAGMXlzP8=,7gXOmIMmMTl1gglQSMQ8GrT+3+s=
-60,95,4BBr7H3IEUCqEcaHgXcAGMXlzP8=,7gXOmIMmMTl1gglQSMQ8GrT+3+s=
-61,95,4BBr7H3IEUCqEcaHgXcAGMXlzP8=,7gXOmIMmMTl1gglQSMQ8GrT+3+s=
-62,95,4BBr7H3IEUCqEcaHgXcAGMXlzP8=,7gXOmIMmMTl1gglQSMQ8GrT+3+s=
-63,95,4BBr7H3IEUCqEcaHgXcAGMXlzP8=,7gXOmIMmMTl1gglQSMQ8GrT+3+s=
-61,81,4BBr7H3IEUCqEcaHgXcAGMXlzP8=,7gXOmIMmMTl1gglQSMQ8GrT+3+s=
-60,80,4BBr7H3IEUCqEcaHgXcAGMXlzP8=,7gXOmIMmMTl1gglQSMQ8GrT+3+s=
-61,82,4BBr7H3IEUCqEcaHgXcAGMXlzP8=,7gXOmIMmMTl1gglQSMQ8GrT+3+s=
-63,83,4BBr7H3IEUCqEcaHgXcAGMXlzP8=,7gXOmIMmMTl1gglQSMQ8GrT+3+s=
-49,94,4BBr7H3IEUCqEcaHgXcAGMXlzP8=,7gXOmIMmMTl1gglQSMQ8GrT+3+s=
-50,94,4BBr7H3IEUCqEcaHgXcAGMXlzP8=,7gXOmIMmMTl1gglQSMQ8GrT+3+s=
-51,94,4BBr7H3IEUCqEcaHgXcAGMXlzP8=,7gXOmIMmMTl1gglQSMQ8GrT+3+s=
-52,94,4BBr7H3IEUCqEcaHgXcAGMXlzP8=,7gXOmIMmMTl1gglQSMQ8GrT+3+s=
-53,94,4BBr7H3IEUCqEcaHgXcAGMXlzP8=,7gXOmIMmMTl1gglQSMQ8GrT+3+s=
-57,94,4BBr7H3IEUCqEcaHgXcAGMXlzP8=,7gXOmIMmMTl1gglQSMQ8GrT+3+s=
-58,94,4BBr7H3IEUCqEcaHgXcAGMXlzP8=,7gXOmIMmMTl1gglQSMQ8GrT+3+s=
-59,94,4BBr7H3IEUCqEcaHgXcAGMXlzP8=,7gXOmIMmMTl1gglQSMQ8GrT+3+s=
-60,94,4BBr7H3IEUCqEcaHgXcAGMXlzP8=,7gXOmIMmMTl1gglQSMQ8GrT+3+s=
-61,94,4BBr7H3IEUCqEcaHgXcAGMXlzP8=,7gXOmIMmMTl1gglQSMQ8GrT+3+s=
-62,94,4BBr7H3IEUCqEcaHgXcAGMXlzP8=,7gXOmIMmMTl1gglQSMQ8GrT+3+s=
-62,81,4BBr7H3IEUCqEcaHgXcAGMXlzP8=,7gXOmIMmMTl1gglQSMQ8GrT+3+s=
-63,94,4BBr7H3IEUCqEcaHgXcAGMXlzP8=,7gXOmIMmMTl1gglQSMQ8GrT+3+s=
-62,82,4BBr7H3IEUCqEcaHgXcAGMXlzP8=,7gXOmIMmMTl1gglQSMQ8GrT+3+s=
-49,93,4BBr7H3IEUCqEcaHgXcAGMXlzP8=,7gXOmIMmMTl1gglQSMQ8GrT+3+s=
-50,93,4BBr7H3IEUCqEcaHgXcAGMXlzP8=,7gXOmIMmMTl1gglQSMQ8GrT+3+s=
-51,93,4BBr7H3IEUCqEcaHgXcAGMXlzP8=,7gXOmIMmMTl1gglQSMQ8GrT+3+s=
-52,93,4BBr7H3IEUCqEcaHgXcAGMXlzP8=,7gXOmIMmMTl1gglQSMQ8GrT+3+s=
-53,93,4BBr7H3IEUCqEcaHgXcAGMXlzP8=,7gXOmIMmMTl1gglQSMQ8GrT+3+s=
-57,93,4BBr7H3IEUCqEcaHgXcAGMXlzP8=,7gXOmIMmMTl1gglQSMQ8GrT+3+s=
-58,93,4BBr7H3IEUCqEcaHgXcAGMXlzP8=,7gXOmIMmMTl1gglQSMQ8GrT+3+s=
-59,93,4BBr7H3IEUCqEcaHgXcAGMXlzP8=,7gXOmIMmMTl1gglQSMQ8GrT+3+s=
-60,93,4BBr7H3IEUCqEcaHgXcAGMXlzP8=,7gXOmIMmMTl1gglQSMQ8GrT+3+s=
-61,93,4BBr7H3IEUCqEcaHgXcAGMXlzP8=,7gXOmIMmMTl1gglQSMQ8GrT+3+s=
-62,93,4BBr7H3IEUCqEcaHgXcAGMXlzP8=,7gXOmIMmMTl1gglQSMQ8GrT+3+s=
-63,81,4BBr7H3IEUCqEcaHgXcAGMXlzP8=,7gXOmIMmMTl1gglQSMQ8GrT+3+s=
-63,93,4BBr7H3IEUCqEcaHgXcAGMXlzP8=,7gXOmIMmMTl1gglQSMQ8GrT+3+s=
-63,82,4BBr7H3IEUCqEcaHgXcAGMXlzP8=,7gXOmIMmMTl1gglQSMQ8GrT+3+s=
-49,92,4BBr7H3IEUCqEcaHgXcAGMXlzP8=,7gXOmIMmMTl1gglQSMQ8GrT+3+s=
-50,92,4BBr7H3IEUCqEcaHgXcAGMXlzP8=,7gXOmIMmMTl1gglQSMQ8GrT+3+s=
-51,92,4BBr7H3IEUCqEcaHgXcAGMXlzP8=,7gXOmIMmMTl1gglQSMQ8GrT+3+s=
-52,92,4BBr7H3IEUCqEcaHgXcAGMXlzP8=,7gXOmIMmMTl1gglQSMQ8GrT+3+s=
-56,93,4BBr7H3IEUCqEcaHgXcAGMXlzP8=,7gXOmIMmMTl1gglQSMQ8GrT+3+s=
-56,92,4BBr7H3IEUCqEcaHgXcAGMXlzP8=,7gXOmIMmMTl1gglQSMQ8GrT+3+s=
-57,92,4BBr7H3IEUCqEcaHgXcAGMXlzP8=,7gXOmIMmMTl1gglQSMQ8GrT+3+s=
-58,92,4BBr7H3IEUCqEcaHgXcAGMXlzP8=,7gXOmIMmMTl1gglQSMQ8GrT+3+s=
-59,92,4BBr7H3IEUCqEcaHgXcAGMXlzP8=,7gXOmIMmMTl1gglQSMQ8GrT+3+s=
-60,92,4BBr7H3IEUCqEcaHgXcAGMXlzP8=,7gXOmIMmMTl1gglQSMQ8GrT+3+s=
-61,92,4BBr7H3IEUCqEcaHgXcAGMXlzP8=,7gXOmIMmMTl1gglQSMQ8GrT+3+s=
-62,92,4BBr7H3IEUCqEcaHgXcAGMXlzP8=,7gXOmIMmMTl1gglQSMQ8GrT+3+s=
-63,92,4BBr7H3IEUCqEcaHgXcAGMXlzP8=,7gXOmIMmMTl1gglQSMQ8GrT+3+s=
-62,80,4BBr7H3IEUCqEcaHgXcAGMXlzP8=,7gXOmIMmMTl1gglQSMQ8GrT+3+s=
-49,82,4BBr7H3IEUCqEcaHgXcAGMXlzP8=,7gXOmIMmMTl1gglQSMQ8GrT+3+s=
-49,91,4BBr7H3IEUCqEcaHgXcAGMXlzP8=,7gXOmIMmMTl1gglQSMQ8GrT+3+s=
-50,91,4BBr7H3IEUCqEcaHgXcAGMXlzP8=,7gXOmIMmMTl1gglQSMQ8GrT+3+s=
-55,95,4BBr7H3IEUCqEcaHgXcAGMXlzP8=,7gXOmIMmMTl1gglQSMQ8GrT+3+s=
-57,95,4BBr7H3IEUCqEcaHgXcAGMXlzP8=,7gXOmIMmMTl1gglQSMQ8GrT+3+s=
-56,95,4BBr7H3IEUCqEcaHgXcAGMXlzP8=,7gXOmIMmMTl1gglQSMQ8GrT+3+s=
-55,94,4BBr7H3IEUCqEcaHgXcAGMXlzP8=,7gXOmIMmMTl1gglQSMQ8GrT+3+s=
-55,92,4BBr7H3IEUCqEcaHgXcAGMXlzP8=,7gXOmIMmMTl1gglQSMQ8GrT+3+s=
-54,93,4BBr7H3IEUCqEcaHgXcAGMXlzP8=,7gXOmIMmMTl1gglQSMQ8GrT+3+s=
-55,93,4BBr7H3IEUCqEcaHgXcAGMXlzP8=,7gXOmIMmMTl1gglQSMQ8GrT+3+s=
-56,94,4BBr7H3IEUCqEcaHgXcAGMXlzP8=,7gXOmIMmMTl1gglQSMQ8GrT+3+s=
-57,91,4BBr7H3IEUCqEcaHgXcAGMXlzP8=,7gXOmIMmMTl1gglQSMQ8GrT+3+s=
-58,91,4BBr7H3IEUCqEcaHgXcAGMXlzP8=,7gXOmIMmMTl1gglQSMQ8GrT+3+s=
-59,91,4BBr7H3IEUCqEcaHgXcAGMXlzP8=,7gXOmIMmMTl1gglQSMQ8GrT+3+s=
-60,91,4BBr7H3IEUCqEcaHgXcAGMXlzP8=,7gXOmIMmMTl1gglQSMQ8GrT+3+s=
-61,91,4BBr7H3IEUCqEcaHgXcAGMXlzP8=,7gXOmIMmMTl1gglQSMQ8GrT+3+s=
-62,91,4BBr7H3IEUCqEcaHgXcAGMXlzP8=,7gXOmIMmMTl1gglQSMQ8GrT+3+s=
-63,91,4BBr7H3IEUCqEcaHgXcAGMXlzP8=,7gXOmIMmMTl1gglQSMQ8GrT+3+s=
-56,91,4BBr7H3IEUCqEcaHgXcAGMXlzP8=,7gXOmIMmMTl1gglQSMQ8GrT+3+s=
-53,92,4BBr7H3IEUCqEcaHgXcAGMXlzP8=,7gXOmIMmMTl1gglQSMQ8GrT+3+s=
-51,91,4BBr7H3IEUCqEcaHgXcAGMXlzP8=,7gXOmIMmMTl1gglQSMQ8GrT+3+s=
-51,81,4BBr7H3IEUCqEcaHgXcAGMXlzP8=,7gXOmIMmMTl1gglQSMQ8GrT+3+s=
-49,90,4BBr7H3IEUCqEcaHgXcAGMXlzP8=,7gXOmIMmMTl1gglQSMQ8GrT+3+s=
-50,80,4BBr7H3IEUCqEcaHgXcAGMXlzP8=,7gXOmIMmMTl1gglQSMQ8GrT+3+s=
-53,91,4BBr7H3IEUCqEcaHgXcAGMXlzP8=,7gXOmIMmMTl1gglQSMQ8GrT+3+s=
-52,91,4BBr7H3IEUCqEcaHgXcAGMXlzP8=,7gXOmIMmMTl1gglQSMQ8GrT+3+s=
-64,80,4BBr7H3IEUCqEcaHgXcAGMXlzP8=,7gXOmIMmMTl1gglQSMQ8GrT+3+s=
-55,91,4BBr7H3IEUCqEcaHgXcAGMXlzP8=,7gXOmIMmMTl1gglQSMQ8GrT+3+s=
-56,90,4BBr7H3IEUCqEcaHgXcAGMXlzP8=,7gXOmIMmMTl1gglQSMQ8GrT+3+s=
-57,90,4BBr7H3IEUCqEcaHgXcAGMXlzP8=,7gXOmIMmMTl1gglQSMQ8GrT+3+s=
-58,90,4BBr7H3IEUCqEcaHgXcAGMXlzP8=,7gXOmIMmMTl1gglQSMQ8GrT+3+s=
-59,90,4BBr7H3IEUCqEcaHgXcAGMXlzP8=,7gXOmIMmMTl1gglQSMQ8GrT+3+s=
-60,90,4BBr7H3IEUCqEcaHgXcAGMXlzP8=,7gXOmIMmMTl1gglQSMQ8GrT+3+s=
-61,90,4BBr7H3IEUCqEcaHgXcAGMXlzP8=,7gXOmIMmMTl1gglQSMQ8GrT+3+s=
-62,90,4BBr7H3IEUCqEcaHgXcAGMXlzP8=,7gXOmIMmMTl1gglQSMQ8GrT+3+s=
-63,90,4BBr7H3IEUCqEcaHgXcAGMXlzP8=,7gXOmIMmMTl1gglQSMQ8GrT+3+s=
-55,90,4BBr7H3IEUCqEcaHgXcAGMXlzP8=,7gXOmIMmMTl1gglQSMQ8GrT+3+s=
-52,80,4BBr7H3IEUCqEcaHgXcAGMXlzP8=,7gXOmIMmMTl1gglQSMQ8GrT+3+s=
-52,81,4BBr7H3IEUCqEcaHgXcAGMXlzP8=,7gXOmIMmMTl1gglQSMQ8GrT+3+s=
-50,90,4BBr7H3IEUCqEcaHgXcAGMXlzP8=,7gXOmIMmMTl1gglQSMQ8GrT+3+s=
-54,94,4BBr7H3IEUCqEcaHgXcAGMXlzP8=,7gXOmIMmMTl1gglQSMQ8GrT+3+s=
-52,90,4BBr7H3IEUCqEcaHgXcAGMXlzP8=,7gXOmIMmMTl1gglQSMQ8GrT+3+s=
-51,80,4BBr7H3IEUCqEcaHgXcAGMXlzP8=,7gXOmIMmMTl1gglQSMQ8GrT+3+s=
-49,81,4BBr7H3IEUCqEcaHgXcAGMXlzP8=,7gXOmIMmMTl1gglQSMQ8GrT+3+s=
-49,80,4BBr7H3IEUCqEcaHgXcAGMXlzP8=,7gXOmIMmMTl1gglQSMQ8GrT+3+s=
-55,89,4BBr7H3IEUCqEcaHgXcAGMXlzP8=,7gXOmIMmMTl1gglQSMQ8GrT+3+s=
-56,89,4BBr7H3IEUCqEcaHgXcAGMXlzP8=,7gXOmIMmMTl1gglQSMQ8GrT+3+s=
-57,89,4BBr7H3IEUCqEcaHgXcAGMXlzP8=,7gXOmIMmMTl1gglQSMQ8GrT+3+s=
-58,89,4BBr7H3IEUCqEcaHgXcAGMXlzP8=,7gXOmIMmMTl1gglQSMQ8GrT+3+s=
-59,89,4BBr7H3IEUCqEcaHgXcAGMXlzP8=,7gXOmIMmMTl1gglQSMQ8GrT+3+s=
-60,89,4BBr7H3IEUCqEcaHgXcAGMXlzP8=,7gXOmIMmMTl1gglQSMQ8GrT+3+s=
-61,89,4BBr7H3IEUCqEcaHgXcAGMXlzP8=,7gXOmIMmMTl1gglQSMQ8GrT+3+s=
-62,89,4BBr7H3IEUCqEcaHgXcAGMXlzP8=,7gXOmIMmMTl1gglQSMQ8GrT+3+s=
-63,89,4BBr7H3IEUCqEcaHgXcAGMXlzP8=,7gXOmIMmMTl1gglQSMQ8GrT+3+s=
-53,80,4BBr7H3IEUCqEcaHgXcAGMXlzP8=,7gXOmIMmMTl1gglQSMQ8GrT+3+s=
-52,82,4BBr7H3IEUCqEcaHgXcAGMXlzP8=,7gXOmIMmMTl1gglQSMQ8GrT+3+s=
-49,89,4BBr7H3IEUCqEcaHgXcAGMXlzP8=,7gXOmIMmMTl1gglQSMQ8GrT+3+s=
-53,81,4BBr7H3IEUCqEcaHgXcAGMXlzP8=,7gXOmIMmMTl1gglQSMQ8GrT+3+s=
-54,92,4BBr7H3IEUCqEcaHgXcAGMXlzP8=,7gXOmIMmMTl1gglQSMQ8GrT+3+s=
-51,82,4BBr7H3IEUCqEcaHgXcAGMXlzP8=,7gXOmIMmMTl1gglQSMQ8GrT+3+s=
-54,91,4BBr7H3IEUCqEcaHgXcAGMXlzP8=,7gXOmIMmMTl1gglQSMQ8GrT+3+s=
-53,88,4BBr7H3IEUCqEcaHgXcAGMXlzP8=,7gXOmIMmMTl1gglQSMQ8GrT+3+s=
-54,88,4BBr7H3IEUCqEcaHgXcAGMXlzP8=,7gXOmIMmMTl1gglQSMQ8GrT+3+s=
-55,88,4BBr7H3IEUCqEcaHgXcAGMXlzP8=,7gXOmIMmMTl1gglQSMQ8GrT+3+s=
-56,88,4BBr7H3IEUCqEcaHgXcAGMXlzP8=,7gXOmIMmMTl1gglQSMQ8GrT+3+s=
-57,88,4BBr7H3IEUCqEcaHgXcAGMXlzP8=,7gXOmIMmMTl1gglQSMQ8GrT+3+s=
-58,88,4BBr7H3IEUCqEcaHgXcAGMXlzP8=,7gXOmIMmMTl1gglQSMQ8GrT+3+s=
-59,88,4BBr7H3IEUCqEcaHgXcAGMXlzP8=,7gXOmIMmMTl1gglQSMQ8GrT+3+s=
-60,88,4BBr7H3IEUCqEcaHgXcAGMXlzP8=,7gXOmIMmMTl1gglQSMQ8GrT+3+s=
-61,88,4BBr7H3IEUCqEcaHgXcAGMXlzP8=,7gXOmIMmMTl1gglQSMQ8GrT+3+s=
-62,88,4BBr7H3IEUCqEcaHgXcAGMXlzP8=,7gXOmIMmMTl1gglQSMQ8GrT+3+s=
-63,88,4BBr7H3IEUCqEcaHgXcAGMXlzP8=,7gXOmIMmMTl1gglQSMQ8GrT+3+s=
-54,80,4BBr7H3IEUCqEcaHgXcAGMXlzP8=,7gXOmIMmMTl1gglQSMQ8GrT+3+s=
-53,82,4BBr7H3IEUCqEcaHgXcAGMXlzP8=,7gXOmIMmMTl1gglQSMQ8GrT+3+s=
-50,82,4BBr7H3IEUCqEcaHgXcAGMXlzP8=,7gXOmIMmMTl1gglQSMQ8GrT+3+s=
-54,81,4BBr7H3IEUCqEcaHgXcAGMXlzP8=,7gXOmIMmMTl1gglQSMQ8GrT+3+s=
-51,90,4BBr7H3IEUCqEcaHgXcAGMXlzP8=,7gXOmIMmMTl1gglQSMQ8GrT+3+s=
-51,87,4BBr7H3IEUCqEcaHgXcAGMXlzP8=,7gXOmIMmMTl1gglQSMQ8GrT+3+s=
-52,87,4BBr7H3IEUCqEcaHgXcAGMXlzP8=,7gXOmIMmMTl1gglQSMQ8GrT+3+s=
-53,87,4BBr7H3IEUCqEcaHgXcAGMXlzP8=,7gXOmIMmMTl1gglQSMQ8GrT+3+s=
-54,87,4BBr7H3IEUCqEcaHgXcAGMXlzP8=,7gXOmIMmMTl1gglQSMQ8GrT+3+s=
-55,87,4BBr7H3IEUCqEcaHgXcAGMXlzP8=,7gXOmIMmMTl1gglQSMQ8GrT+3+s=
-56,87,4BBr7H3IEUCqEcaHgXcAGMXlzP8=,7gXOmIMmMTl1gglQSMQ8GrT+3+s=
-57,87,4BBr7H3IEUCqEcaHgXcAGMXlzP8=,7gXOmIMmMTl1gglQSMQ8GrT+3+s=
-58,87,4BBr7H3IEUCqEcaHgXcAGMXlzP8=,7gXOmIMmMTl1gglQSMQ8GrT+3+s=
-59,87,4BBr7H3IEUCqEcaHgXcAGMXlzP8=,7gXOmIMmMTl1gglQSMQ8GrT+3+s=
-60,87,4BBr7H3IEUCqEcaHgXcAGMXlzP8=,7gXOmIMmMTl1gglQSMQ8GrT+3+s=
-61,87,4BBr7H3IEUCqEcaHgXcAGMXlzP8=,7gXOmIMmMTl1gglQSMQ8GrT+3+s=
-62,87,4BBr7H3IEUCqEcaHgXcAGMXlzP8=,7gXOmIMmMTl1gglQSMQ8GrT+3+s=
-63,87,4BBr7H3IEUCqEcaHgXcAGMXlzP8=,7gXOmIMmMTl1gglQSMQ8GrT+3+s=
-55,80,4BBr7H3IEUCqEcaHgXcAGMXlzP8=,7gXOmIMmMTl1gglQSMQ8GrT+3+s=
-54,82,4BBr7H3IEUCqEcaHgXcAGMXlzP8=,7gXOmIMmMTl1gglQSMQ8GrT+3+s=
-54,89,4BBr7H3IEUCqEcaHgXcAGMXlzP8=,7gXOmIMmMTl1gglQSMQ8GrT+3+s=
-55,81,4BBr7H3IEUCqEcaHgXcAGMXlzP8=,7gXOmIMmMTl1gglQSMQ8GrT+3+s=
-50,81,4BBr7H3IEUCqEcaHgXcAGMXlzP8=,7gXOmIMmMTl1gglQSMQ8GrT+3+s=
-51,88,4BBr7H3IEUCqEcaHgXcAGMXlzP8=,7gXOmIMmMTl1gglQSMQ8GrT+3+s=
-52,86,4BBr7H3IEUCqEcaHgXcAGMXlzP8=,7gXOmIMmMTl1gglQSMQ8GrT+3+s=
-53,86,4BBr7H3IEUCqEcaHgXcAGMXlzP8=,7gXOmIMmMTl1gglQSMQ8GrT+3+s=
-54,86,4BBr7H3IEUCqEcaHgXcAGMXlzP8=,7gXOmIMmMTl1gglQSMQ8GrT+3+s=
-55,86,4BBr7H3IEUCqEcaHgXcAGMXlzP8=,7gXOmIMmMTl1gglQSMQ8GrT+3+s=
-56,86,4BBr7H3IEUCqEcaHgXcAGMXlzP8=,7gXOmIMmMTl1gglQSMQ8GrT+3+s=
-57,86,4BBr7H3IEUCqEcaHgXcAGMXlzP8=,7gXOmIMmMTl1gglQSMQ8GrT+3+s=
-58,86,4BBr7H3IEUCqEcaHgXcAGMXlzP8=,7gXOmIMmMTl1gglQSMQ8GrT+3+s=
-59,86,4BBr7H3IEUCqEcaHgXcAGMXlzP8=,7gXOmIMmMTl1gglQSMQ8GrT+3+s=
-60,86,4BBr7H3IEUCqEcaHgXcAGMXlzP8=,7gXOmIMmMTl1gglQSMQ8GrT+3+s=
-61,86,4BBr7H3IEUCqEcaHgXcAGMXlzP8=,7gXOmIMmMTl1gglQSMQ8GrT+3+s=
-62,86,4BBr7H3IEUCqEcaHgXcAGMXlzP8=,7gXOmIMmMTl1gglQSMQ8GrT+3+s=
-63,86,4BBr7H3IEUCqEcaHgXcAGMXlzP8=,7gXOmIMmMTl1gglQSMQ8GrT+3+s=
-56,80,4BBr7H3IEUCqEcaHgXcAGMXlzP8=,7gXOmIMmMTl1gglQSMQ8GrT+3+s=
-55,82,4BBr7H3IEUCqEcaHgXcAGMXlzP8=,7gXOmIMmMTl1gglQSMQ8GrT+3+s=
-53,89,4BBr7H3IEUCqEcaHgXcAGMXlzP8=,7gXOmIMmMTl1gglQSMQ8GrT+3+s=
-56,81,4BBr7H3IEUCqEcaHgXcAGMXlzP8=,7gXOmIMmMTl1gglQSMQ8GrT+3+s=
-50,85,4BBr7H3IEUCqEcaHgXcAGMXlzP8=,7gXOmIMmMTl1gglQSMQ8GrT+3+s=
-54,90,4BBr7H3IEUCqEcaHgXcAGMXlzP8=,7gXOmIMmMTl1gglQSMQ8GrT+3+s=
-52,85,4BBr7H3IEUCqEcaHgXcAGMXlzP8=,7gXOmIMmMTl1gglQSMQ8GrT+3+s=
-53,85,4BBr7H3IEUCqEcaHgXcAGMXlzP8=,7gXOmIMmMTl1gglQSMQ8GrT+3+s=
-54,85,4BBr7H3IEUCqEcaHgXcAGMXlzP8=,7gXOmIMmMTl1gglQSMQ8GrT+3+s=
-55,85,4BBr7H3IEUCqEcaHgXcAGMXlzP8=,7gXOmIMmMTl1gglQSMQ8GrT+3+s=
-56,85,4BBr7H3IEUCqEcaHgXcAGMXlzP8=,7gXOmIMmMTl1gglQSMQ8GrT+3+s=
-57,85,4BBr7H3IEUCqEcaHgXcAGMXlzP8=,7gXOmIMmMTl1gglQSMQ8GrT+3+s=
-58,85,4BBr7H3IEUCqEcaHgXcAGMXlzP8=,7gXOmIMmMTl1gglQSMQ8GrT+3+s=
-59,85,4BBr7H3IEUCqEcaHgXcAGMXlzP8=,7gXOmIMmMTl1gglQSMQ8GrT+3+s=
-60,85,4BBr7H3IEUCqEcaHgXcAGMXlzP8=,7gXOmIMmMTl1gglQSMQ8GrT+3+s=
-61,85,4BBr7H3IEUCqEcaHgXcAGMXlzP8=,7gXOmIMmMTl1gglQSMQ8GrT+3+s=
-62,85,4BBr7H3IEUCqEcaHgXcAGMXlzP8=,7gXOmIMmMTl1gglQSMQ8GrT+3+s=
-63,85,4BBr7H3IEUCqEcaHgXcAGMXlzP8=,7gXOmIMmMTl1gglQSMQ8GrT+3+s=
-57,80,4BBr7H3IEUCqEcaHgXcAGMXlzP8=,7gXOmIMmMTl1gglQSMQ8GrT+3+s=
-56,82,4BBr7H3IEUCqEcaHgXcAGMXlzP8=,7gXOmIMmMTl1gglQSMQ8GrT+3+s=
-53,90,4BBr7H3IEUCqEcaHgXcAGMXlzP8=,7gXOmIMmMTl1gglQSMQ8GrT+3+s=
-57,81,4BBr7H3IEUCqEcaHgXcAGMXlzP8=,7gXOmIMmMTl1gglQSMQ8GrT+3+s=
-50,89,4BBr7H3IEUCqEcaHgXcAGMXlzP8=,7gXOmIMmMTl1gglQSMQ8GrT+3+s=
-50,84,4BBr7H3IEUCqEcaHgXcAGMXlzP8=,7gXOmIMmMTl1gglQSMQ8GrT+3+s=
-52,84,4BBr7H3IEUCqEcaHgXcAGMXlzP8=,7gXOmIMmMTl1gglQSMQ8GrT+3+s=
-53,84,4BBr7H3IEUCqEcaHgXcAGMXlzP8=,7gXOmIMmMTl1gglQSMQ8GrT+3+s=
-54,84,4BBr7H3IEUCqEcaHgXcAGMXlzP8=,7gXOmIMmMTl1gglQSMQ8GrT+3+s=
-55,84,4BBr7H3IEUCqEcaHgXcAGMXlzP8=,7gXOmIMmMTl1gglQSMQ8GrT+3+s=
-56,84,4BBr7H3IEUCqEcaHgXcAGMXlzP8=,7gXOmIMmMTl1gglQSMQ8GrT+3+s=
-57,84,4BBr7H3IEUCqEcaHgXcAGMXlzP8=,7gXOmIMmMTl1gglQSMQ8GrT+3+s=
-58,84,4BBr7H3IEUCqEcaHgXcAGMXlzP8=,7gXOmIMmMTl1gglQSMQ8GrT+3+s=
-59,84,4BBr7H3IEUCqEcaHgXcAGMXlzP8=,7gXOmIMmMTl1gglQSMQ8GrT+3+s=
-60,84,4BBr7H3IEUCqEcaHgXcAGMXlzP8=,7gXOmIMmMTl1gglQSMQ8GrT+3+s=
-61,84,4BBr7H3IEUCqEcaHgXcAGMXlzP8=,7gXOmIMmMTl1gglQSMQ8GrT+3+s=
-62,84,4BBr7H3IEUCqEcaHgXcAGMXlzP8=,7gXOmIMmMTl1gglQSMQ8GrT+3+s=
-63,84,4BBr7H3IEUCqEcaHgXcAGMXlzP8=,7gXOmIMmMTl1gglQSMQ8GrT+3+s=
-57,82,4BBr7H3IEUCqEcaHgXcAGMXlzP8=,7gXOmIMmMTl1gglQSMQ8GrT+3+s=
-58,80,4BBr7H3IEUCqEcaHgXcAGMXlzP8=,7gXOmIMmMTl1gglQSMQ8GrT+3+s=
-58,81,4BBr7H3IEUCqEcaHgXcAGMXlzP8=,7gXOmIMmMTl1gglQSMQ8GrT+3+s=
-51,84,4BBr7H3IEUCqEcaHgXcAGMXlzP8=,7gXOmIMmMTl1gglQSMQ8GrT+3+s=
-52,88,4BBr7H3IEUCqEcaHgXcAGMXlzP8=,7gXOmIMmMTl1gglQSMQ8GrT+3+s=
-51,86,4BBr7H3IEUCqEcaHgXcAGMXlzP8=,7gXOmIMmMTl1gglQSMQ8GrT+3+s=
-52,83,4BBr7H3IEUCqEcaHgXcAGMXlzP8=,7gXOmIMmMTl1gglQSMQ8GrT+3+s=
-53,83,4BBr7H3IEUCqEcaHgXcAGMXlzP8=,7gXOmIMmMTl1gglQSMQ8GrT+3+s=
-54,83,4BBr7H3IEUCqEcaHgXcAGMXlzP8=,7gXOmIMmMTl1gglQSMQ8GrT+3+s=
-55,83,4BBr7H3IEUCqEcaHgXcAGMXlzP8=,7gXOmIMmMTl1gglQSMQ8GrT+3+s=
-49,84,4BBr7H3IEUCqEcaHgXcAGMXlzP8=,7gXOmIMmMTl1gglQSMQ8GrT+3+s=
-49,86,4BBr7H3IEUCqEcaHgXcAGMXlzP8=,7gXOmIMmMTl1gglQSMQ8GrT+3+s=
-51,89,4BBr7H3IEUCqEcaHgXcAGMXlzP8=,7gXOmIMmMTl1gglQSMQ8GrT+3+s=
-49,88,4BBr7H3IEUCqEcaHgXcAGMXlzP8=,7gXOmIMmMTl1gglQSMQ8GrT+3+s=
-52,89,4BBr7H3IEUCqEcaHgXcAGMXlzP8=,7gXOmIMmMTl1gglQSMQ8GrT+3+s=
-49,87,4BBr7H3IEUCqEcaHgXcAGMXlzP8=,7gXOmIMmMTl1gglQSMQ8GrT+3+s=
-51,85,4BBr7H3IEUCqEcaHgXcAGMXlzP8=,7gXOmIMmMTl1gglQSMQ8GrT+3+s=
-51,83,4BBr7H3IEUCqEcaHgXcAGMXlzP8=,7gXOmIMmMTl1gglQSMQ8GrT+3+s=
-49,85,4BBr7H3IEUCqEcaHgXcAGMXlzP8=,7gXOmIMmMTl1gglQSMQ8GrT+3+s=
-50,83,4BBr7H3IEUCqEcaHgXcAGMXlzP8=,7gXOmIMmMTl1gglQSMQ8GrT+3+s=
-50,86,4BBr7H3IEUCqEcaHgXcAGMXlzP8=,7gXOmIMmMTl1gglQSMQ8GrT+3+s=
-50,88,4BBr7H3IEUCqEcaHgXcAGMXlzP8=,7gXOmIMmMTl1gglQSMQ8GrT+3+s=
-50,87,4BBr7H3IEUCqEcaHgXcAGMXlzP8=,7gXOmIMmMTl1gglQSMQ8GrT+3+s=
-49,83,4BBr7H3IEUCqEcaHgXcAGMXlzP8=,7gXOmIMmMTl1gglQSMQ8GrT+3+s=
-41,83,892mjyAJ+hjLzh43xjkvxwhW2xI=,pxUKt6/q2tXoXsJStPleqeF905g=
-42,83,892mjyAJ+hjLzh43xjkvxwhW2xI=,pxUKt6/q2tXoXsJStPleqeF905g=
-42,82,892mjyAJ+hjLzh43xjkvxwhW2xI=,pxUKt6/q2tXoXsJStPleqeF905g=
-43,83,892mjyAJ+hjLzh43xjkvxwhW2xI=,pxUKt6/q2tXoXsJStPleqeF905g=
-43,82,892mjyAJ+hjLzh43xjkvxwhW2xI=,pxUKt6/q2tXoXsJStPleqeF905g=
-44,83,892mjyAJ+hjLzh43xjkvxwhW2xI=,pxUKt6/q2tXoXsJStPleqeF905g=
-45,83,892mjyAJ+hjLzh43xjkvxwhW2xI=,pxUKt6/q2tXoXsJStPleqeF905g=
-43,81,892mjyAJ+hjLzh43xjkvxwhW2xI=,pxUKt6/q2tXoXsJStPleqeF905g=
-44,81,892mjyAJ+hjLzh43xjkvxwhW2xI=,pxUKt6/q2tXoXsJStPleqeF905g=
-46,83,892mjyAJ+hjLzh43xjkvxwhW2xI=,pxUKt6/q2tXoXsJStPleqeF905g=
-33,95,892mjyAJ+hjLzh43xjkvxwhW2xI=,pxUKt6/q2tXoXsJStPleqeF905g=
-44,82,892mjyAJ+hjLzh43xjkvxwhW2xI=,pxUKt6/q2tXoXsJStPleqeF905g=
-34,95,892mjyAJ+hjLzh43xjkvxwhW2xI=,pxUKt6/q2tXoXsJStPleqeF905g=
-35,95,892mjyAJ+hjLzh43xjkvxwhW2xI=,pxUKt6/q2tXoXsJStPleqeF905g=
-36,95,892mjyAJ+hjLzh43xjkvxwhW2xI=,pxUKt6/q2tXoXsJStPleqeF905g=
-37,95,892mjyAJ+hjLzh43xjkvxwhW2xI=,pxUKt6/q2tXoXsJStPleqeF905g=
-38,95,892mjyAJ+hjLzh43xjkvxwhW2xI=,pxUKt6/q2tXoXsJStPleqeF905g=
-39,95,892mjyAJ+hjLzh43xjkvxwhW2xI=,pxUKt6/q2tXoXsJStPleqeF905g=
-40,95,892mjyAJ+hjLzh43xjkvxwhW2xI=,pxUKt6/q2tXoXsJStPleqeF905g=
-41,95,892mjyAJ+hjLzh43xjkvxwhW2xI=,pxUKt6/q2tXoXsJStPleqeF905g=
-42,95,892mjyAJ+hjLzh43xjkvxwhW2xI=,pxUKt6/q2tXoXsJStPleqeF905g=
-43,95,892mjyAJ+hjLzh43xjkvxwhW2xI=,pxUKt6/q2tXoXsJStPleqeF905g=
-44,95,892mjyAJ+hjLzh43xjkvxwhW2xI=,pxUKt6/q2tXoXsJStPleqeF905g=
-45,95,892mjyAJ+hjLzh43xjkvxwhW2xI=,pxUKt6/q2tXoXsJStPleqeF905g=
-46,95,892mjyAJ+hjLzh43xjkvxwhW2xI=,pxUKt6/q2tXoXsJStPleqeF905g=
-47,83,892mjyAJ+hjLzh43xjkvxwhW2xI=,pxUKt6/q2tXoXsJStPleqeF905g=
-47,95,892mjyAJ+hjLzh43xjkvxwhW2xI=,pxUKt6/q2tXoXsJStPleqeF905g=
-45,82,892mjyAJ+hjLzh43xjkvxwhW2xI=,pxUKt6/q2tXoXsJStPleqeF905g=
-33,94,892mjyAJ+hjLzh43xjkvxwhW2xI=,pxUKt6/q2tXoXsJStPleqeF905g=
-34,94,892mjyAJ+hjLzh43xjkvxwhW2xI=,pxUKt6/q2tXoXsJStPleqeF905g=
-35,94,892mjyAJ+hjLzh43xjkvxwhW2xI=,pxUKt6/q2tXoXsJStPleqeF905g=
-36,94,892mjyAJ+hjLzh43xjkvxwhW2xI=,pxUKt6/q2tXoXsJStPleqeF905g=
-37,94,892mjyAJ+hjLzh43xjkvxwhW2xI=,pxUKt6/q2tXoXsJStPleqeF905g=
-38,94,892mjyAJ+hjLzh43xjkvxwhW2xI=,pxUKt6/q2tXoXsJStPleqeF905g=
-39,94,892mjyAJ+hjLzh43xjkvxwhW2xI=,pxUKt6/q2tXoXsJStPleqeF905g=
-40,94,892mjyAJ+hjLzh43xjkvxwhW2xI=,pxUKt6/q2tXoXsJStPleqeF905g=
-41,94,892mjyAJ+hjLzh43xjkvxwhW2xI=,pxUKt6/q2tXoXsJStPleqeF905g=
-42,94,892mjyAJ+hjLzh43xjkvxwhW2xI=,pxUKt6/q2tXoXsJStPleqeF905g=
-43,94,892mjyAJ+hjLzh43xjkvxwhW2xI=,pxUKt6/q2tXoXsJStPleqeF905g=
-45,94,892mjyAJ+hjLzh43xjkvxwhW2xI=,pxUKt6/q2tXoXsJStPleqeF905g=
-44,94,892mjyAJ+hjLzh43xjkvxwhW2xI=,pxUKt6/q2tXoXsJStPleqeF905g=
-46,94,892mjyAJ+hjLzh43xjkvxwhW2xI=,pxUKt6/q2tXoXsJStPleqeF905g=
-47,94,892mjyAJ+hjLzh43xjkvxwhW2xI=,pxUKt6/q2tXoXsJStPleqeF905g=
-33,93,892mjyAJ+hjLzh43xjkvxwhW2xI=,pxUKt6/q2tXoXsJStPleqeF905g=
-45,81,892mjyAJ+hjLzh43xjkvxwhW2xI=,pxUKt6/q2tXoXsJStPleqeF905g=
-46,82,892mjyAJ+hjLzh43xjkvxwhW2xI=,pxUKt6/q2tXoXsJStPleqeF905g=
-34,93,892mjyAJ+hjLzh43xjkvxwhW2xI=,pxUKt6/q2tXoXsJStPleqeF905g=
-35,93,892mjyAJ+hjLzh43xjkvxwhW2xI=,pxUKt6/q2tXoXsJStPleqeF905g=
-36,93,892mjyAJ+hjLzh43xjkvxwhW2xI=,pxUKt6/q2tXoXsJStPleqeF905g=
-37,93,892mjyAJ+hjLzh43xjkvxwhW2xI=,pxUKt6/q2tXoXsJStPleqeF905g=
-38,93,892mjyAJ+hjLzh43xjkvxwhW2xI=,pxUKt6/q2tXoXsJStPleqeF905g=
-39,93,892mjyAJ+hjLzh43xjkvxwhW2xI=,pxUKt6/q2tXoXsJStPleqeF905g=
-40,93,892mjyAJ+hjLzh43xjkvxwhW2xI=,pxUKt6/q2tXoXsJStPleqeF905g=
-41,93,892mjyAJ+hjLzh43xjkvxwhW2xI=,pxUKt6/q2tXoXsJStPleqeF905g=
-42,93,892mjyAJ+hjLzh43xjkvxwhW2xI=,pxUKt6/q2tXoXsJStPleqeF905g=
-43,93,892mjyAJ+hjLzh43xjkvxwhW2xI=,pxUKt6/q2tXoXsJStPleqeF905g=
-44,93,892mjyAJ+hjLzh43xjkvxwhW2xI=,pxUKt6/q2tXoXsJStPleqeF905g=
-46,93,892mjyAJ+hjLzh43xjkvxwhW2xI=,pxUKt6/q2tXoXsJStPleqeF905g=
-47,93,892mjyAJ+hjLzh43xjkvxwhW2xI=,pxUKt6/q2tXoXsJStPleqeF905g=
-45,93,892mjyAJ+hjLzh43xjkvxwhW2xI=,pxUKt6/q2tXoXsJStPleqeF905g=
-33,92,892mjyAJ+hjLzh43xjkvxwhW2xI=,pxUKt6/q2tXoXsJStPleqeF905g=
-47,82,892mjyAJ+hjLzh43xjkvxwhW2xI=,pxUKt6/q2tXoXsJStPleqeF905g=
-34,92,892mjyAJ+hjLzh43xjkvxwhW2xI=,pxUKt6/q2tXoXsJStPleqeF905g=
-35,92,892mjyAJ+hjLzh43xjkvxwhW2xI=,pxUKt6/q2tXoXsJStPleqeF905g=
-36,92,892mjyAJ+hjLzh43xjkvxwhW2xI=,pxUKt6/q2tXoXsJStPleqeF905g=
-38,92,892mjyAJ+hjLzh43xjkvxwhW2xI=,pxUKt6/q2tXoXsJStPleqeF905g=
-39,92,892mjyAJ+hjLzh43xjkvxwhW2xI=,pxUKt6/q2tXoXsJStPleqeF905g=
-46,81,892mjyAJ+hjLzh43xjkvxwhW2xI=,pxUKt6/q2tXoXsJStPleqeF905g=
-40,92,892mjyAJ+hjLzh43xjkvxwhW2xI=,pxUKt6/q2tXoXsJStPleqeF905g=
-41,92,892mjyAJ+hjLzh43xjkvxwhW2xI=,pxUKt6/q2tXoXsJStPleqeF905g=
-43,92,892mjyAJ+hjLzh43xjkvxwhW2xI=,pxUKt6/q2tXoXsJStPleqeF905g=
-42,92,892mjyAJ+hjLzh43xjkvxwhW2xI=,pxUKt6/q2tXoXsJStPleqeF905g=
-44,92,892mjyAJ+hjLzh43xjkvxwhW2xI=,pxUKt6/q2tXoXsJStPleqeF905g=
-45,92,892mjyAJ+hjLzh43xjkvxwhW2xI=,pxUKt6/q2tXoXsJStPleqeF905g=
-37,92,892mjyAJ+hjLzh43xjkvxwhW2xI=,pxUKt6/q2tXoXsJStPleqeF905g=
-46,92,892mjyAJ+hjLzh43xjkvxwhW2xI=,pxUKt6/q2tXoXsJStPleqeF905g=
-47,92,892mjyAJ+hjLzh43xjkvxwhW2xI=,pxUKt6/q2tXoXsJStPleqeF905g=
-33,82,892mjyAJ+hjLzh43xjkvxwhW2xI=,pxUKt6/q2tXoXsJStPleqeF905g=
-34,81,892mjyAJ+hjLzh43xjkvxwhW2xI=,pxUKt6/q2tXoXsJStPleqeF905g=
-33,81,892mjyAJ+hjLzh43xjkvxwhW2xI=,pxUKt6/q2tXoXsJStPleqeF905g=
-34,91,892mjyAJ+hjLzh43xjkvxwhW2xI=,pxUKt6/q2tXoXsJStPleqeF905g=
-33,91,892mjyAJ+hjLzh43xjkvxwhW2xI=,pxUKt6/q2tXoXsJStPleqeF905g=
-35,91,892mjyAJ+hjLzh43xjkvxwhW2xI=,pxUKt6/q2tXoXsJStPleqeF905g=
-36,91,892mjyAJ+hjLzh43xjkvxwhW2xI=,pxUKt6/q2tXoXsJStPleqeF905g=
-38,91,892mjyAJ+hjLzh43xjkvxwhW2xI=,pxUKt6/q2tXoXsJStPleqeF905g=
-39,91,892mjyAJ+hjLzh43xjkvxwhW2xI=,pxUKt6/q2tXoXsJStPleqeF905g=
-41,91,892mjyAJ+hjLzh43xjkvxwhW2xI=,pxUKt6/q2tXoXsJStPleqeF905g=
-37,91,892mjyAJ+hjLzh43xjkvxwhW2xI=,pxUKt6/q2tXoXsJStPleqeF905g=
-42,91,892mjyAJ+hjLzh43xjkvxwhW2xI=,pxUKt6/q2tXoXsJStPleqeF905g=
-40,91,892mjyAJ+hjLzh43xjkvxwhW2xI=,pxUKt6/q2tXoXsJStPleqeF905g=
-43,91,892mjyAJ+hjLzh43xjkvxwhW2xI=,pxUKt6/q2tXoXsJStPleqeF905g=
-45,91,892mjyAJ+hjLzh43xjkvxwhW2xI=,pxUKt6/q2tXoXsJStPleqeF905g=
-44,91,892mjyAJ+hjLzh43xjkvxwhW2xI=,pxUKt6/q2tXoXsJStPleqeF905g=
-47,91,892mjyAJ+hjLzh43xjkvxwhW2xI=,pxUKt6/q2tXoXsJStPleqeF905g=
-34,82,892mjyAJ+hjLzh43xjkvxwhW2xI=,pxUKt6/q2tXoXsJStPleqeF905g=
-46,91,892mjyAJ+hjLzh43xjkvxwhW2xI=,pxUKt6/q2tXoXsJStPleqeF905g=
-35,81,892mjyAJ+hjLzh43xjkvxwhW2xI=,pxUKt6/q2tXoXsJStPleqeF905g=
-34,90,892mjyAJ+hjLzh43xjkvxwhW2xI=,pxUKt6/q2tXoXsJStPleqeF905g=
-33,90,892mjyAJ+hjLzh43xjkvxwhW2xI=,pxUKt6/q2tXoXsJStPleqeF905g=
-35,90,892mjyAJ+hjLzh43xjkvxwhW2xI=,pxUKt6/q2tXoXsJStPleqeF905g=
-36,90,892mjyAJ+hjLzh43xjkvxwhW2xI=,pxUKt6/q2tXoXsJStPleqeF905g=
-38,90,892mjyAJ+hjLzh43xjkvxwhW2xI=,pxUKt6/q2tXoXsJStPleqeF905g=
-37,90,892mjyAJ+hjLzh43xjkvxwhW2xI=,pxUKt6/q2tXoXsJStPleqeF905g=
-39,90,892mjyAJ+hjLzh43xjkvxwhW2xI=,pxUKt6/q2tXoXsJStPleqeF905g=
-41,90,892mjyAJ+hjLzh43xjkvxwhW2xI=,pxUKt6/q2tXoXsJStPleqeF905g=
-42,90,892mjyAJ+hjLzh43xjkvxwhW2xI=,pxUKt6/q2tXoXsJStPleqeF905g=
-40,90,892mjyAJ+hjLzh43xjkvxwhW2xI=,pxUKt6/q2tXoXsJStPleqeF905g=
-44,90,892mjyAJ+hjLzh43xjkvxwhW2xI=,pxUKt6/q2tXoXsJStPleqeF905g=
-45,90,892mjyAJ+hjLzh43xjkvxwhW2xI=,pxUKt6/q2tXoXsJStPleqeF905g=
-43,90,892mjyAJ+hjLzh43xjkvxwhW2xI=,pxUKt6/q2tXoXsJStPleqeF905g=
-46,90,892mjyAJ+hjLzh43xjkvxwhW2xI=,pxUKt6/q2tXoXsJStPleqeF905g=
-47,90,892mjyAJ+hjLzh43xjkvxwhW2xI=,pxUKt6/q2tXoXsJStPleqeF905g=
-35,82,892mjyAJ+hjLzh43xjkvxwhW2xI=,pxUKt6/q2tXoXsJStPleqeF905g=
-33,89,892mjyAJ+hjLzh43xjkvxwhW2xI=,pxUKt6/q2tXoXsJStPleqeF905g=
-36,81,892mjyAJ+hjLzh43xjkvxwhW2xI=,pxUKt6/q2tXoXsJStPleqeF905g=
-35,89,892mjyAJ+hjLzh43xjkvxwhW2xI=,pxUKt6/q2tXoXsJStPleqeF905g=
-34,89,892mjyAJ+hjLzh43xjkvxwhW2xI=,pxUKt6/q2tXoXsJStPleqeF905g=
-38,89,892mjyAJ+hjLzh43xjkvxwhW2xI=,pxUKt6/q2tXoXsJStPleqeF905g=
-37,89,892mjyAJ+hjLzh43xjkvxwhW2xI=,pxUKt6/q2tXoXsJStPleqeF905g=
-36,89,892mjyAJ+hjLzh43xjkvxwhW2xI=,pxUKt6/q2tXoXsJStPleqeF905g=
-39,89,892mjyAJ+hjLzh43xjkvxwhW2xI=,pxUKt6/q2tXoXsJStPleqeF905g=
-41,89,892mjyAJ+hjLzh43xjkvxwhW2xI=,pxUKt6/q2tXoXsJStPleqeF905g=
-42,89,892mjyAJ+hjLzh43xjkvxwhW2xI=,pxUKt6/q2tXoXsJStPleqeF905g=
-40,89,892mjyAJ+hjLzh43xjkvxwhW2xI=,pxUKt6/q2tXoXsJStPleqeF905g=
-43,89,892mjyAJ+hjLzh43xjkvxwhW2xI=,pxUKt6/q2tXoXsJStPleqeF905g=
-44,89,892mjyAJ+hjLzh43xjkvxwhW2xI=,pxUKt6/q2tXoXsJStPleqeF905g=
-46,89,892mjyAJ+hjLzh43xjkvxwhW2xI=,pxUKt6/q2tXoXsJStPleqeF905g=
-45,89,892mjyAJ+hjLzh43xjkvxwhW2xI=,pxUKt6/q2tXoXsJStPleqeF905g=
-47,89,892mjyAJ+hjLzh43xjkvxwhW2xI=,pxUKt6/q2tXoXsJStPleqeF905g=
-36,82,892mjyAJ+hjLzh43xjkvxwhW2xI=,pxUKt6/q2tXoXsJStPleqeF905g=
-37,81,892mjyAJ+hjLzh43xjkvxwhW2xI=,pxUKt6/q2tXoXsJStPleqeF905g=
-33,88,892mjyAJ+hjLzh43xjkvxwhW2xI=,pxUKt6/q2tXoXsJStPleqeF905g=
-35,88,892mjyAJ+hjLzh43xjkvxwhW2xI=,pxUKt6/q2tXoXsJStPleqeF905g=
-34,88,892mjyAJ+hjLzh43xjkvxwhW2xI=,pxUKt6/q2tXoXsJStPleqeF905g=
-36,88,892mjyAJ+hjLzh43xjkvxwhW2xI=,pxUKt6/q2tXoXsJStPleqeF905g=
-37,88,892mjyAJ+hjLzh43xjkvxwhW2xI=,pxUKt6/q2tXoXsJStPleqeF905g=
-38,88,892mjyAJ+hjLzh43xjkvxwhW2xI=,pxUKt6/q2tXoXsJStPleqeF905g=
-39,88,892mjyAJ+hjLzh43xjkvxwhW2xI=,pxUKt6/q2tXoXsJStPleqeF905g=
-41,88,892mjyAJ+hjLzh43xjkvxwhW2xI=,pxUKt6/q2tXoXsJStPleqeF905g=
-42,88,892mjyAJ+hjLzh43xjkvxwhW2xI=,pxUKt6/q2tXoXsJStPleqeF905g=
-40,88,892mjyAJ+hjLzh43xjkvxwhW2xI=,pxUKt6/q2tXoXsJStPleqeF905g=
-44,88,892mjyAJ+hjLzh43xjkvxwhW2xI=,pxUKt6/q2tXoXsJStPleqeF905g=
-43,88,892mjyAJ+hjLzh43xjkvxwhW2xI=,pxUKt6/q2tXoXsJStPleqeF905g=
-45,88,892mjyAJ+hjLzh43xjkvxwhW2xI=,pxUKt6/q2tXoXsJStPleqeF905g=
-46,88,892mjyAJ+hjLzh43xjkvxwhW2xI=,pxUKt6/q2tXoXsJStPleqeF905g=
-37,82,892mjyAJ+hjLzh43xjkvxwhW2xI=,pxUKt6/q2tXoXsJStPleqeF905g=
-38,81,892mjyAJ+hjLzh43xjkvxwhW2xI=,pxUKt6/q2tXoXsJStPleqeF905g=
-47,88,892mjyAJ+hjLzh43xjkvxwhW2xI=,pxUKt6/q2tXoXsJStPleqeF905g=
-33,87,892mjyAJ+hjLzh43xjkvxwhW2xI=,pxUKt6/q2tXoXsJStPleqeF905g=
-35,87,892mjyAJ+hjLzh43xjkvxwhW2xI=,pxUKt6/q2tXoXsJStPleqeF905g=
-34,87,892mjyAJ+hjLzh43xjkvxwhW2xI=,pxUKt6/q2tXoXsJStPleqeF905g=
-36,87,892mjyAJ+hjLzh43xjkvxwhW2xI=,pxUKt6/q2tXoXsJStPleqeF905g=
-38,87,892mjyAJ+hjLzh43xjkvxwhW2xI=,pxUKt6/q2tXoXsJStPleqeF905g=
-39,87,892mjyAJ+hjLzh43xjkvxwhW2xI=,pxUKt6/q2tXoXsJStPleqeF905g=
-37,87,892mjyAJ+hjLzh43xjkvxwhW2xI=,pxUKt6/q2tXoXsJStPleqeF905g=
-40,87,892mjyAJ+hjLzh43xjkvxwhW2xI=,pxUKt6/q2tXoXsJStPleqeF905g=
-41,87,892mjyAJ+hjLzh43xjkvxwhW2xI=,pxUKt6/q2tXoXsJStPleqeF905g=
-42,87,892mjyAJ+hjLzh43xjkvxwhW2xI=,pxUKt6/q2tXoXsJStPleqeF905g=
-44,87,892mjyAJ+hjLzh43xjkvxwhW2xI=,pxUKt6/q2tXoXsJStPleqeF905g=
-43,87,892mjyAJ+hjLzh43xjkvxwhW2xI=,pxUKt6/q2tXoXsJStPleqeF905g=
-45,87,892mjyAJ+hjLzh43xjkvxwhW2xI=,pxUKt6/q2tXoXsJStPleqeF905g=
-46,87,892mjyAJ+hjLzh43xjkvxwhW2xI=,pxUKt6/q2tXoXsJStPleqeF905g=
-38,82,892mjyAJ+hjLzh43xjkvxwhW2xI=,pxUKt6/q2tXoXsJStPleqeF905g=
-39,81,892mjyAJ+hjLzh43xjkvxwhW2xI=,pxUKt6/q2tXoXsJStPleqeF905g=
-33,86,892mjyAJ+hjLzh43xjkvxwhW2xI=,pxUKt6/q2tXoXsJStPleqeF905g=
-35,86,892mjyAJ+hjLzh43xjkvxwhW2xI=,pxUKt6/q2tXoXsJStPleqeF905g=
-34,86,892mjyAJ+hjLzh43xjkvxwhW2xI=,pxUKt6/q2tXoXsJStPleqeF905g=
-37,86,892mjyAJ+hjLzh43xjkvxwhW2xI=,pxUKt6/q2tXoXsJStPleqeF905g=
-38,86,892mjyAJ+hjLzh43xjkvxwhW2xI=,pxUKt6/q2tXoXsJStPleqeF905g=
-36,86,892mjyAJ+hjLzh43xjkvxwhW2xI=,pxUKt6/q2tXoXsJStPleqeF905g=
-40,86,892mjyAJ+hjLzh43xjkvxwhW2xI=,pxUKt6/q2tXoXsJStPleqeF905g=
-39,86,892mjyAJ+hjLzh43xjkvxwhW2xI=,pxUKt6/q2tXoXsJStPleqeF905g=
-42,86,892mjyAJ+hjLzh43xjkvxwhW2xI=,pxUKt6/q2tXoXsJStPleqeF905g=
-43,86,892mjyAJ+hjLzh43xjkvxwhW2xI=,pxUKt6/q2tXoXsJStPleqeF905g=
-41,86,892mjyAJ+hjLzh43xjkvxwhW2xI=,pxUKt6/q2tXoXsJStPleqeF905g=
-44,86,892mjyAJ+hjLzh43xjkvxwhW2xI=,pxUKt6/q2tXoXsJStPleqeF905g=
-45,86,892mjyAJ+hjLzh43xjkvxwhW2xI=,pxUKt6/q2tXoXsJStPleqeF905g=
-46,86,892mjyAJ+hjLzh43xjkvxwhW2xI=,pxUKt6/q2tXoXsJStPleqeF905g=
-39,82,892mjyAJ+hjLzh43xjkvxwhW2xI=,pxUKt6/q2tXoXsJStPleqeF905g=
-40,81,892mjyAJ+hjLzh43xjkvxwhW2xI=,pxUKt6/q2tXoXsJStPleqeF905g=
-34,85,892mjyAJ+hjLzh43xjkvxwhW2xI=,pxUKt6/q2tXoXsJStPleqeF905g=
-33,85,892mjyAJ+hjLzh43xjkvxwhW2xI=,pxUKt6/q2tXoXsJStPleqeF905g=
-35,85,892mjyAJ+hjLzh43xjkvxwhW2xI=,pxUKt6/q2tXoXsJStPleqeF905g=
-36,85,892mjyAJ+hjLzh43xjkvxwhW2xI=,pxUKt6/q2tXoXsJStPleqeF905g=
-37,85,892mjyAJ+hjLzh43xjkvxwhW2xI=,pxUKt6/q2tXoXsJStPleqeF905g=
-38,85,892mjyAJ+hjLzh43xjkvxwhW2xI=,pxUKt6/q2tXoXsJStPleqeF905g=
-39,85,892mjyAJ+hjLzh43xjkvxwhW2xI=,pxUKt6/q2tXoXsJStPleqeF905g=
-40,85,892mjyAJ+hjLzh43xjkvxwhW2xI=,pxUKt6/q2tXoXsJStPleqeF905g=
-41,85,892mjyAJ+hjLzh43xjkvxwhW2xI=,pxUKt6/q2tXoXsJStPleqeF905g=
-42,85,892mjyAJ+hjLzh43xjkvxwhW2xI=,pxUKt6/q2tXoXsJStPleqeF905g=
-43,85,892mjyAJ+hjLzh43xjkvxwhW2xI=,pxUKt6/q2tXoXsJStPleqeF905g=
-44,85,892mjyAJ+hjLzh43xjkvxwhW2xI=,pxUKt6/q2tXoXsJStPleqeF905g=
-46,85,892mjyAJ+hjLzh43xjkvxwhW2xI=,pxUKt6/q2tXoXsJStPleqeF905g=
-45,85,892mjyAJ+hjLzh43xjkvxwhW2xI=,pxUKt6/q2tXoXsJStPleqeF905g=
-40,82,892mjyAJ+hjLzh43xjkvxwhW2xI=,pxUKt6/q2tXoXsJStPleqeF905g=
-33,84,892mjyAJ+hjLzh43xjkvxwhW2xI=,pxUKt6/q2tXoXsJStPleqeF905g=
-41,81,892mjyAJ+hjLzh43xjkvxwhW2xI=,pxUKt6/q2tXoXsJStPleqeF905g=
-35,84,892mjyAJ+hjLzh43xjkvxwhW2xI=,pxUKt6/q2tXoXsJStPleqeF905g=
-34,84,892mjyAJ+hjLzh43xjkvxwhW2xI=,pxUKt6/q2tXoXsJStPleqeF905g=
-38,84,892mjyAJ+hjLzh43xjkvxwhW2xI=,pxUKt6/q2tXoXsJStPleqeF905g=
-39,84,892mjyAJ+hjLzh43xjkvxwhW2xI=,pxUKt6/q2tXoXsJStPleqeF905g=
-36,84,892mjyAJ+hjLzh43xjkvxwhW2xI=,pxUKt6/q2tXoXsJStPleqeF905g=
-37,84,892mjyAJ+hjLzh43xjkvxwhW2xI=,pxUKt6/q2tXoXsJStPleqeF905g=
-40,84,892mjyAJ+hjLzh43xjkvxwhW2xI=,pxUKt6/q2tXoXsJStPleqeF905g=
-42,84,892mjyAJ+hjLzh43xjkvxwhW2xI=,pxUKt6/q2tXoXsJStPleqeF905g=
-41,84,892mjyAJ+hjLzh43xjkvxwhW2xI=,pxUKt6/q2tXoXsJStPleqeF905g=
-43,84,892mjyAJ+hjLzh43xjkvxwhW2xI=,pxUKt6/q2tXoXsJStPleqeF905g=
-45,84,892mjyAJ+hjLzh43xjkvxwhW2xI=,pxUKt6/q2tXoXsJStPleqeF905g=
-44,84,892mjyAJ+hjLzh43xjkvxwhW2xI=,pxUKt6/q2tXoXsJStPleqeF905g=
-46,84,892mjyAJ+hjLzh43xjkvxwhW2xI=,pxUKt6/q2tXoXsJStPleqeF905g=
-41,82,892mjyAJ+hjLzh43xjkvxwhW2xI=,pxUKt6/q2tXoXsJStPleqeF905g=
-47,84,892mjyAJ+hjLzh43xjkvxwhW2xI=,pxUKt6/q2tXoXsJStPleqeF905g=
-42,81,892mjyAJ+hjLzh43xjkvxwhW2xI=,pxUKt6/q2tXoXsJStPleqeF905g=
-34,83,892mjyAJ+hjLzh43xjkvxwhW2xI=,pxUKt6/q2tXoXsJStPleqeF905g=
-33,83,892mjyAJ+hjLzh43xjkvxwhW2xI=,pxUKt6/q2tXoXsJStPleqeF905g=
-36,83,892mjyAJ+hjLzh43xjkvxwhW2xI=,pxUKt6/q2tXoXsJStPleqeF905g=
-35,83,892mjyAJ+hjLzh43xjkvxwhW2xI=,pxUKt6/q2tXoXsJStPleqeF905g=
-37,83,892mjyAJ+hjLzh43xjkvxwhW2xI=,pxUKt6/q2tXoXsJStPleqeF905g=
-38,83,892mjyAJ+hjLzh43xjkvxwhW2xI=,pxUKt6/q2tXoXsJStPleqeF905g=
-39,83,892mjyAJ+hjLzh43xjkvxwhW2xI=,pxUKt6/q2tXoXsJStPleqeF905g=
-48,88,892mjyAJ+hjLzh43xjkvxwhW2xI=,pxUKt6/q2tXoXsJStPleqeF905g=
-40,83,892mjyAJ+hjLzh43xjkvxwhW2xI=,pxUKt6/q2tXoXsJStPleqeF905g=
-48,90,892mjyAJ+hjLzh43xjkvxwhW2xI=,pxUKt6/q2tXoXsJStPleqeF905g=
-48,91,892mjyAJ+hjLzh43xjkvxwhW2xI=,pxUKt6/q2tXoXsJStPleqeF905g=
-48,92,892mjyAJ+hjLzh43xjkvxwhW2xI=,pxUKt6/q2tXoXsJStPleqeF905g=
-48,93,892mjyAJ+hjLzh43xjkvxwhW2xI=,pxUKt6/q2tXoXsJStPleqeF905g=
-48,94,892mjyAJ+hjLzh43xjkvxwhW2xI=,pxUKt6/q2tXoXsJStPleqeF905g=
-42,80,892mjyAJ+hjLzh43xjkvxwhW2xI=,pxUKt6/q2tXoXsJStPleqeF905g=
-40,80,892mjyAJ+hjLzh43xjkvxwhW2xI=,pxUKt6/q2tXoXsJStPleqeF905g=
-41,80,892mjyAJ+hjLzh43xjkvxwhW2xI=,pxUKt6/q2tXoXsJStPleqeF905g=
-48,95,892mjyAJ+hjLzh43xjkvxwhW2xI=,pxUKt6/q2tXoXsJStPleqeF905g=
-37,80,892mjyAJ+hjLzh43xjkvxwhW2xI=,pxUKt6/q2tXoXsJStPleqeF905g=
-38,80,892mjyAJ+hjLzh43xjkvxwhW2xI=,pxUKt6/q2tXoXsJStPleqeF905g=
-36,80,892mjyAJ+hjLzh43xjkvxwhW2xI=,pxUKt6/q2tXoXsJStPleqeF905g=
-35,80,892mjyAJ+hjLzh43xjkvxwhW2xI=,pxUKt6/q2tXoXsJStPleqeF905g=
-39,80,892mjyAJ+hjLzh43xjkvxwhW2xI=,pxUKt6/q2tXoXsJStPleqeF905g=
-34,80,892mjyAJ+hjLzh43xjkvxwhW2xI=,pxUKt6/q2tXoXsJStPleqeF905g=
-33,80,892mjyAJ+hjLzh43xjkvxwhW2xI=,pxUKt6/q2tXoXsJStPleqeF905g=
-45,80,892mjyAJ+hjLzh43xjkvxwhW2xI=,pxUKt6/q2tXoXsJStPleqeF905g=
-44,80,892mjyAJ+hjLzh43xjkvxwhW2xI=,pxUKt6/q2tXoXsJStPleqeF905g=
-43,80,892mjyAJ+hjLzh43xjkvxwhW2xI=,pxUKt6/q2tXoXsJStPleqeF905g=
-47,86,892mjyAJ+hjLzh43xjkvxwhW2xI=,pxUKt6/q2tXoXsJStPleqeF905g=
-47,87,892mjyAJ+hjLzh43xjkvxwhW2xI=,pxUKt6/q2tXoXsJStPleqeF905g=
-48,86,892mjyAJ+hjLzh43xjkvxwhW2xI=,pxUKt6/q2tXoXsJStPleqeF905g=
-47,80,892mjyAJ+hjLzh43xjkvxwhW2xI=,pxUKt6/q2tXoXsJStPleqeF905g=
-48,89,892mjyAJ+hjLzh43xjkvxwhW2xI=,pxUKt6/q2tXoXsJStPleqeF905g=
-46,80,892mjyAJ+hjLzh43xjkvxwhW2xI=,pxUKt6/q2tXoXsJStPleqeF905g=
-48,87,892mjyAJ+hjLzh43xjkvxwhW2xI=,pxUKt6/q2tXoXsJStPleqeF905g=
-47,81,892mjyAJ+hjLzh43xjkvxwhW2xI=,pxUKt6/q2tXoXsJStPleqeF905g=
-47,85,892mjyAJ+hjLzh43xjkvxwhW2xI=,pxUKt6/q2tXoXsJStPleqeF905g=
-48,83,892mjyAJ+hjLzh43xjkvxwhW2xI=,pxUKt6/q2tXoXsJStPleqeF905g=
-48,84,892mjyAJ+hjLzh43xjkvxwhW2xI=,pxUKt6/q2tXoXsJStPleqeF905g=
-48,82,892mjyAJ+hjLzh43xjkvxwhW2xI=,pxUKt6/q2tXoXsJStPleqeF905g=
-48,85,892mjyAJ+hjLzh43xjkvxwhW2xI=,pxUKt6/q2tXoXsJStPleqeF905g=
-48,80,892mjyAJ+hjLzh43xjkvxwhW2xI=,pxUKt6/q2tXoXsJStPleqeF905g=
-48,81,892mjyAJ+hjLzh43xjkvxwhW2xI=,pxUKt6/q2tXoXsJStPleqeF905g=
-43,64,4iKiI9yrJY62dw7dl7yNt6JfIjo=,9/zQQ93ylnPkGe9HV2jCydyDaJg=
-42,67,4iKiI9yrJY62dw7dl7yNt6JfIjo=,9/zQQ93ylnPkGe9HV2jCydyDaJg=
-42,66,4iKiI9yrJY62dw7dl7yNt6JfIjo=,9/zQQ93ylnPkGe9HV2jCydyDaJg=
-43,66,4iKiI9yrJY62dw7dl7yNt6JfIjo=,9/zQQ93ylnPkGe9HV2jCydyDaJg=
-45,64,4iKiI9yrJY62dw7dl7yNt6JfIjo=,9/zQQ93ylnPkGe9HV2jCydyDaJg=
-44,67,4iKiI9yrJY62dw7dl7yNt6JfIjo=,9/zQQ93ylnPkGe9HV2jCydyDaJg=
-43,67,4iKiI9yrJY62dw7dl7yNt6JfIjo=,9/zQQ93ylnPkGe9HV2jCydyDaJg=
-44,65,4iKiI9yrJY62dw7dl7yNt6JfIjo=,9/zQQ93ylnPkGe9HV2jCydyDaJg=
-43,65,4iKiI9yrJY62dw7dl7yNt6JfIjo=,9/zQQ93ylnPkGe9HV2jCydyDaJg=
-45,67,4iKiI9yrJY62dw7dl7yNt6JfIjo=,9/zQQ93ylnPkGe9HV2jCydyDaJg=
-46,67,4iKiI9yrJY62dw7dl7yNt6JfIjo=,9/zQQ93ylnPkGe9HV2jCydyDaJg=
-47,64,4iKiI9yrJY62dw7dl7yNt6JfIjo=,9/zQQ93ylnPkGe9HV2jCydyDaJg=
-33,79,4iKiI9yrJY62dw7dl7yNt6JfIjo=,9/zQQ93ylnPkGe9HV2jCydyDaJg=
-34,79,4iKiI9yrJY62dw7dl7yNt6JfIjo=,9/zQQ93ylnPkGe9HV2jCydyDaJg=
-44,66,4iKiI9yrJY62dw7dl7yNt6JfIjo=,9/zQQ93ylnPkGe9HV2jCydyDaJg=
-35,79,4iKiI9yrJY62dw7dl7yNt6JfIjo=,9/zQQ93ylnPkGe9HV2jCydyDaJg=
-37,79,4iKiI9yrJY62dw7dl7yNt6JfIjo=,9/zQQ93ylnPkGe9HV2jCydyDaJg=
-36,79,4iKiI9yrJY62dw7dl7yNt6JfIjo=,9/zQQ93ylnPkGe9HV2jCydyDaJg=
-39,79,4iKiI9yrJY62dw7dl7yNt6JfIjo=,9/zQQ93ylnPkGe9HV2jCydyDaJg=
-41,79,4iKiI9yrJY62dw7dl7yNt6JfIjo=,9/zQQ93ylnPkGe9HV2jCydyDaJg=
-40,79,4iKiI9yrJY62dw7dl7yNt6JfIjo=,9/zQQ93ylnPkGe9HV2jCydyDaJg=
-38,79,4iKiI9yrJY62dw7dl7yNt6JfIjo=,9/zQQ93ylnPkGe9HV2jCydyDaJg=
-42,79,4iKiI9yrJY62dw7dl7yNt6JfIjo=,9/zQQ93ylnPkGe9HV2jCydyDaJg=
-44,79,4iKiI9yrJY62dw7dl7yNt6JfIjo=,9/zQQ93ylnPkGe9HV2jCydyDaJg=
-43,79,4iKiI9yrJY62dw7dl7yNt6JfIjo=,9/zQQ93ylnPkGe9HV2jCydyDaJg=
-44,64,4iKiI9yrJY62dw7dl7yNt6JfIjo=,9/zQQ93ylnPkGe9HV2jCydyDaJg=
-45,66,4iKiI9yrJY62dw7dl7yNt6JfIjo=,9/zQQ93ylnPkGe9HV2jCydyDaJg=
-47,67,4iKiI9yrJY62dw7dl7yNt6JfIjo=,9/zQQ93ylnPkGe9HV2jCydyDaJg=
-35,78,4iKiI9yrJY62dw7dl7yNt6JfIjo=,9/zQQ93ylnPkGe9HV2jCydyDaJg=
-36,78,4iKiI9yrJY62dw7dl7yNt6JfIjo=,9/zQQ93ylnPkGe9HV2jCydyDaJg=
-34,78,4iKiI9yrJY62dw7dl7yNt6JfIjo=,9/zQQ93ylnPkGe9HV2jCydyDaJg=
-33,78,4iKiI9yrJY62dw7dl7yNt6JfIjo=,9/zQQ93ylnPkGe9HV2jCydyDaJg=
-37,78,4iKiI9yrJY62dw7dl7yNt6JfIjo=,9/zQQ93ylnPkGe9HV2jCydyDaJg=
-38,78,4iKiI9yrJY62dw7dl7yNt6JfIjo=,9/zQQ93ylnPkGe9HV2jCydyDaJg=
-39,78,4iKiI9yrJY62dw7dl7yNt6JfIjo=,9/zQQ93ylnPkGe9HV2jCydyDaJg=
-43,78,4iKiI9yrJY62dw7dl7yNt6JfIjo=,9/zQQ93ylnPkGe9HV2jCydyDaJg=
-44,78,4iKiI9yrJY62dw7dl7yNt6JfIjo=,9/zQQ93ylnPkGe9HV2jCydyDaJg=
-42,78,4iKiI9yrJY62dw7dl7yNt6JfIjo=,9/zQQ93ylnPkGe9HV2jCydyDaJg=
-41,78,CwHY1Jn8iSdQdN8e5sDEfRUShXY=,9/zQQ93ylnPkGe9HV2jCydyDaJg=
-40,78,CwHY1Jn8iSdQdN8e5sDEfRUShXY=,9/zQQ93ylnPkGe9HV2jCydyDaJg=
-33,77,CwHY1Jn8iSdQdN8e5sDEfRUShXY=,9/zQQ93ylnPkGe9HV2jCydyDaJg=
-45,65,CwHY1Jn8iSdQdN8e5sDEfRUShXY=,9/zQQ93ylnPkGe9HV2jCydyDaJg=
-46,66,CwHY1Jn8iSdQdN8e5sDEfRUShXY=,9/zQQ93ylnPkGe9HV2jCydyDaJg=
-36,77,CwHY1Jn8iSdQdN8e5sDEfRUShXY=,9/zQQ93ylnPkGe9HV2jCydyDaJg=
-34,77,CwHY1Jn8iSdQdN8e5sDEfRUShXY=,9/zQQ93ylnPkGe9HV2jCydyDaJg=
-37,77,CwHY1Jn8iSdQdN8e5sDEfRUShXY=,9/zQQ93ylnPkGe9HV2jCydyDaJg=
-35,77,CwHY1Jn8iSdQdN8e5sDEfRUShXY=,9/zQQ93ylnPkGe9HV2jCydyDaJg=
-40,77,CwHY1Jn8iSdQdN8e5sDEfRUShXY=,9/zQQ93ylnPkGe9HV2jCydyDaJg=
-39,77,CwHY1Jn8iSdQdN8e5sDEfRUShXY=,9/zQQ93ylnPkGe9HV2jCydyDaJg=
-41,77,CwHY1Jn8iSdQdN8e5sDEfRUShXY=,9/zQQ93ylnPkGe9HV2jCydyDaJg=
-38,77,CwHY1Jn8iSdQdN8e5sDEfRUShXY=,9/zQQ93ylnPkGe9HV2jCydyDaJg=
-42,77,CwHY1Jn8iSdQdN8e5sDEfRUShXY=,9/zQQ93ylnPkGe9HV2jCydyDaJg=
-43,77,CwHY1Jn8iSdQdN8e5sDEfRUShXY=,9/zQQ93ylnPkGe9HV2jCydyDaJg=
-46,77,CwHY1Jn8iSdQdN8e5sDEfRUShXY=,9/zQQ93ylnPkGe9HV2jCydyDaJg=
-44,77,CwHY1Jn8iSdQdN8e5sDEfRUShXY=,9/zQQ93ylnPkGe9HV2jCydyDaJg=
-33,76,CwHY1Jn8iSdQdN8e5sDEfRUShXY=,9/zQQ93ylnPkGe9HV2jCydyDaJg=
-46,65,CwHY1Jn8iSdQdN8e5sDEfRUShXY=,9/zQQ93ylnPkGe9HV2jCydyDaJg=
-47,66,CwHY1Jn8iSdQdN8e5sDEfRUShXY=,9/zQQ93ylnPkGe9HV2jCydyDaJg=
-34,76,CwHY1Jn8iSdQdN8e5sDEfRUShXY=,9/zQQ93ylnPkGe9HV2jCydyDaJg=
-35,76,CwHY1Jn8iSdQdN8e5sDEfRUShXY=,9/zQQ93ylnPkGe9HV2jCydyDaJg=
-36,76,CwHY1Jn8iSdQdN8e5sDEfRUShXY=,9/zQQ93ylnPkGe9HV2jCydyDaJg=
-37,76,CwHY1Jn8iSdQdN8e5sDEfRUShXY=,9/zQQ93ylnPkGe9HV2jCydyDaJg=
-38,76,CwHY1Jn8iSdQdN8e5sDEfRUShXY=,9/zQQ93ylnPkGe9HV2jCydyDaJg=
-40,76,CwHY1Jn8iSdQdN8e5sDEfRUShXY=,9/zQQ93ylnPkGe9HV2jCydyDaJg=
-39,76,CwHY1Jn8iSdQdN8e5sDEfRUShXY=,9/zQQ93ylnPkGe9HV2jCydyDaJg=
-42,76,CwHY1Jn8iSdQdN8e5sDEfRUShXY=,9/zQQ93ylnPkGe9HV2jCydyDaJg=
-41,76,CwHY1Jn8iSdQdN8e5sDEfRUShXY=,9/zQQ93ylnPkGe9HV2jCydyDaJg=
-43,76,CwHY1Jn8iSdQdN8e5sDEfRUShXY=,9/zQQ93ylnPkGe9HV2jCydyDaJg=
-44,76,CwHY1Jn8iSdQdN8e5sDEfRUShXY=,9/zQQ93ylnPkGe9HV2jCydyDaJg=
-45,77,CwHY1Jn8iSdQdN8e5sDEfRUShXY=,9/zQQ93ylnPkGe9HV2jCydyDaJg=
-47,65,CwHY1Jn8iSdQdN8e5sDEfRUShXY=,9/zQQ93ylnPkGe9HV2jCydyDaJg=
-47,77,CwHY1Jn8iSdQdN8e5sDEfRUShXY=,9/zQQ93ylnPkGe9HV2jCydyDaJg=
-48,65,CwHY1Jn8iSdQdN8e5sDEfRUShXY=,9/zQQ93ylnPkGe9HV2jCydyDaJg=
-33,64,CwHY1Jn8iSdQdN8e5sDEfRUShXY=,9/zQQ93ylnPkGe9HV2jCydyDaJg=
-46,64,CwHY1Jn8iSdQdN8e5sDEfRUShXY=,9/zQQ93ylnPkGe9HV2jCydyDaJg=
-48,67,CwHY1Jn8iSdQdN8e5sDEfRUShXY=,9/zQQ93ylnPkGe9HV2jCydyDaJg=
-33,66,CwHY1Jn8iSdQdN8e5sDEfRUShXY=,9/zQQ93ylnPkGe9HV2jCydyDaJg=
-48,66,CwHY1Jn8iSdQdN8e5sDEfRUShXY=,9/zQQ93ylnPkGe9HV2jCydyDaJg=
-34,64,CwHY1Jn8iSdQdN8e5sDEfRUShXY=,9/zQQ93ylnPkGe9HV2jCydyDaJg=
-33,65,CwHY1Jn8iSdQdN8e5sDEfRUShXY=,9/zQQ93ylnPkGe9HV2jCydyDaJg=
-33,75,CwHY1Jn8iSdQdN8e5sDEfRUShXY=,9/zQQ93ylnPkGe9HV2jCydyDaJg=
-34,75,CwHY1Jn8iSdQdN8e5sDEfRUShXY=,9/zQQ93ylnPkGe9HV2jCydyDaJg=
-34,65,CwHY1Jn8iSdQdN8e5sDEfRUShXY=,9/zQQ93ylnPkGe9HV2jCydyDaJg=
-36,75,CwHY1Jn8iSdQdN8e5sDEfRUShXY=,9/zQQ93ylnPkGe9HV2jCydyDaJg=
-35,75,CwHY1Jn8iSdQdN8e5sDEfRUShXY=,9/zQQ93ylnPkGe9HV2jCydyDaJg=
-37,75,CwHY1Jn8iSdQdN8e5sDEfRUShXY=,9/zQQ93ylnPkGe9HV2jCydyDaJg=
-38,75,CwHY1Jn8iSdQdN8e5sDEfRUShXY=,9/zQQ93ylnPkGe9HV2jCydyDaJg=
-39,75,CwHY1Jn8iSdQdN8e5sDEfRUShXY=,9/zQQ93ylnPkGe9HV2jCydyDaJg=
-40,75,CwHY1Jn8iSdQdN8e5sDEfRUShXY=,9/zQQ93ylnPkGe9HV2jCydyDaJg=
-41,75,CwHY1Jn8iSdQdN8e5sDEfRUShXY=,9/zQQ93ylnPkGe9HV2jCydyDaJg=
-43,75,CwHY1Jn8iSdQdN8e5sDEfRUShXY=,9/zQQ93ylnPkGe9HV2jCydyDaJg=
-42,75,CwHY1Jn8iSdQdN8e5sDEfRUShXY=,9/zQQ93ylnPkGe9HV2jCydyDaJg=
-41,67,CwHY1Jn8iSdQdN8e5sDEfRUShXY=,9/zQQ93ylnPkGe9HV2jCydyDaJg=
-40,67,CwHY1Jn8iSdQdN8e5sDEfRUShXY=,9/zQQ93ylnPkGe9HV2jCydyDaJg=
-39,67,CwHY1Jn8iSdQdN8e5sDEfRUShXY=,9/zQQ93ylnPkGe9HV2jCydyDaJg=
-38,67,CwHY1Jn8iSdQdN8e5sDEfRUShXY=,9/zQQ93ylnPkGe9HV2jCydyDaJg=
-37,67,CwHY1Jn8iSdQdN8e5sDEfRUShXY=,9/zQQ93ylnPkGe9HV2jCydyDaJg=
-36,67,CwHY1Jn8iSdQdN8e5sDEfRUShXY=,9/zQQ93ylnPkGe9HV2jCydyDaJg=
-35,67,CwHY1Jn8iSdQdN8e5sDEfRUShXY=,9/zQQ93ylnPkGe9HV2jCydyDaJg=
-34,67,CwHY1Jn8iSdQdN8e5sDEfRUShXY=,9/zQQ93ylnPkGe9HV2jCydyDaJg=
-42,65,CwHY1Jn8iSdQdN8e5sDEfRUShXY=,9/zQQ93ylnPkGe9HV2jCydyDaJg=
-42,64,CwHY1Jn8iSdQdN8e5sDEfRUShXY=,9/zQQ93ylnPkGe9HV2jCydyDaJg=
-33,67,CwHY1Jn8iSdQdN8e5sDEfRUShXY=,9/zQQ93ylnPkGe9HV2jCydyDaJg=
-41,66,CwHY1Jn8iSdQdN8e5sDEfRUShXY=,9/zQQ93ylnPkGe9HV2jCydyDaJg=
-47,68,CwHY1Jn8iSdQdN8e5sDEfRUShXY=,9/zQQ93ylnPkGe9HV2jCydyDaJg=
-46,68,CwHY1Jn8iSdQdN8e5sDEfRUShXY=,9/zQQ93ylnPkGe9HV2jCydyDaJg=
-45,68,CwHY1Jn8iSdQdN8e5sDEfRUShXY=,9/zQQ93ylnPkGe9HV2jCydyDaJg=
-44,68,CwHY1Jn8iSdQdN8e5sDEfRUShXY=,9/zQQ93ylnPkGe9HV2jCydyDaJg=
-48,68,CwHY1Jn8iSdQdN8e5sDEfRUShXY=,9/zQQ93ylnPkGe9HV2jCydyDaJg=
-43,68,CwHY1Jn8iSdQdN8e5sDEfRUShXY=,9/zQQ93ylnPkGe9HV2jCydyDaJg=
-42,68,CwHY1Jn8iSdQdN8e5sDEfRUShXY=,9/zQQ93ylnPkGe9HV2jCydyDaJg=
-44,75,CwHY1Jn8iSdQdN8e5sDEfRUShXY=,9/zQQ93ylnPkGe9HV2jCydyDaJg=
-48,76,CwHY1Jn8iSdQdN8e5sDEfRUShXY=,9/zQQ93ylnPkGe9HV2jCydyDaJg=
-48,77,CwHY1Jn8iSdQdN8e5sDEfRUShXY=,9/zQQ93ylnPkGe9HV2jCydyDaJg=
-45,78,CwHY1Jn8iSdQdN8e5sDEfRUShXY=,9/zQQ93ylnPkGe9HV2jCydyDaJg=
-34,66,CwHY1Jn8iSdQdN8e5sDEfRUShXY=,9/zQQ93ylnPkGe9HV2jCydyDaJg=
-47,78,CwHY1Jn8iSdQdN8e5sDEfRUShXY=,9/zQQ93ylnPkGe9HV2jCydyDaJg=
-35,64,CwHY1Jn8iSdQdN8e5sDEfRUShXY=,9/zQQ93ylnPkGe9HV2jCydyDaJg=
-46,79,CwHY1Jn8iSdQdN8e5sDEfRUShXY=,9/zQQ93ylnPkGe9HV2jCydyDaJg=
-33,74,CwHY1Jn8iSdQdN8e5sDEfRUShXY=,9/zQQ93ylnPkGe9HV2jCydyDaJg=
-35,65,CwHY1Jn8iSdQdN8e5sDEfRUShXY=,9/zQQ93ylnPkGe9HV2jCydyDaJg=
-45,79,CwHY1Jn8iSdQdN8e5sDEfRUShXY=,9/zQQ93ylnPkGe9HV2jCydyDaJg=
-36,74,CwHY1Jn8iSdQdN8e5sDEfRUShXY=,9/zQQ93ylnPkGe9HV2jCydyDaJg=
-38,74,CwHY1Jn8iSdQdN8e5sDEfRUShXY=,9/zQQ93ylnPkGe9HV2jCydyDaJg=
-37,74,CwHY1Jn8iSdQdN8e5sDEfRUShXY=,9/zQQ93ylnPkGe9HV2jCydyDaJg=
-39,74,CwHY1Jn8iSdQdN8e5sDEfRUShXY=,9/zQQ93ylnPkGe9HV2jCydyDaJg=
-41,74,CwHY1Jn8iSdQdN8e5sDEfRUShXY=,9/zQQ93ylnPkGe9HV2jCydyDaJg=
-40,74,CwHY1Jn8iSdQdN8e5sDEfRUShXY=,9/zQQ93ylnPkGe9HV2jCydyDaJg=
-42,74,CwHY1Jn8iSdQdN8e5sDEfRUShXY=,9/zQQ93ylnPkGe9HV2jCydyDaJg=
-46,76,CwHY1Jn8iSdQdN8e5sDEfRUShXY=,9/zQQ93ylnPkGe9HV2jCydyDaJg=
-48,78,CwHY1Jn8iSdQdN8e5sDEfRUShXY=,9/zQQ93ylnPkGe9HV2jCydyDaJg=
-48,75,CwHY1Jn8iSdQdN8e5sDEfRUShXY=,9/zQQ93ylnPkGe9HV2jCydyDaJg=
-41,68,CwHY1Jn8iSdQdN8e5sDEfRUShXY=,9/zQQ93ylnPkGe9HV2jCydyDaJg=
-34,74,CwHY1Jn8iSdQdN8e5sDEfRUShXY=,9/zQQ93ylnPkGe9HV2jCydyDaJg=
-43,74,CwHY1Jn8iSdQdN8e5sDEfRUShXY=,9/zQQ93ylnPkGe9HV2jCydyDaJg=
-44,74,CwHY1Jn8iSdQdN8e5sDEfRUShXY=,9/zQQ93ylnPkGe9HV2jCydyDaJg=
-36,64,CwHY1Jn8iSdQdN8e5sDEfRUShXY=,9/zQQ93ylnPkGe9HV2jCydyDaJg=
-35,66,CwHY1Jn8iSdQdN8e5sDEfRUShXY=,9/zQQ93ylnPkGe9HV2jCydyDaJg=
-45,76,CwHY1Jn8iSdQdN8e5sDEfRUShXY=,9/zQQ93ylnPkGe9HV2jCydyDaJg=
-36,65,CwHY1Jn8iSdQdN8e5sDEfRUShXY=,9/zQQ93ylnPkGe9HV2jCydyDaJg=
-46,78,CwHY1Jn8iSdQdN8e5sDEfRUShXY=,9/zQQ93ylnPkGe9HV2jCydyDaJg=
-47,76,CwHY1Jn8iSdQdN8e5sDEfRUShXY=,9/zQQ93ylnPkGe9HV2jCydyDaJg=
-35,74,CwHY1Jn8iSdQdN8e5sDEfRUShXY=,9/zQQ93ylnPkGe9HV2jCydyDaJg=
-37,73,CwHY1Jn8iSdQdN8e5sDEfRUShXY=,9/zQQ93ylnPkGe9HV2jCydyDaJg=
-40,68,CwHY1Jn8iSdQdN8e5sDEfRUShXY=,9/zQQ93ylnPkGe9HV2jCydyDaJg=
-39,73,CwHY1Jn8iSdQdN8e5sDEfRUShXY=,9/zQQ93ylnPkGe9HV2jCydyDaJg=
-38,73,CwHY1Jn8iSdQdN8e5sDEfRUShXY=,9/zQQ93ylnPkGe9HV2jCydyDaJg=
-40,73,CwHY1Jn8iSdQdN8e5sDEfRUShXY=,9/zQQ93ylnPkGe9HV2jCydyDaJg=
-41,73,CwHY1Jn8iSdQdN8e5sDEfRUShXY=,9/zQQ93ylnPkGe9HV2jCydyDaJg=
-45,75,CwHY1Jn8iSdQdN8e5sDEfRUShXY=,9/zQQ93ylnPkGe9HV2jCydyDaJg=
-34,73,CwHY1Jn8iSdQdN8e5sDEfRUShXY=,9/zQQ93ylnPkGe9HV2jCydyDaJg=
-48,79,CwHY1Jn8iSdQdN8e5sDEfRUShXY=,9/zQQ93ylnPkGe9HV2jCydyDaJg=
-39,68,CwHY1Jn8iSdQdN8e5sDEfRUShXY=,9/zQQ93ylnPkGe9HV2jCydyDaJg=
-42,73,CwHY1Jn8iSdQdN8e5sDEfRUShXY=,9/zQQ93ylnPkGe9HV2jCydyDaJg=
-48,74,CwHY1Jn8iSdQdN8e5sDEfRUShXY=,9/zQQ93ylnPkGe9HV2jCydyDaJg=
-48,73,CwHY1Jn8iSdQdN8e5sDEfRUShXY=,9/zQQ93ylnPkGe9HV2jCydyDaJg=
-33,73,CwHY1Jn8iSdQdN8e5sDEfRUShXY=,9/zQQ93ylnPkGe9HV2jCydyDaJg=
-37,64,CwHY1Jn8iSdQdN8e5sDEfRUShXY=,9/zQQ93ylnPkGe9HV2jCydyDaJg=
-36,66,CwHY1Jn8iSdQdN8e5sDEfRUShXY=,9/zQQ93ylnPkGe9HV2jCydyDaJg=
-37,65,CwHY1Jn8iSdQdN8e5sDEfRUShXY=,9/zQQ93ylnPkGe9HV2jCydyDaJg=
-45,74,CwHY1Jn8iSdQdN8e5sDEfRUShXY=,9/zQQ93ylnPkGe9HV2jCydyDaJg=
-43,73,CwHY1Jn8iSdQdN8e5sDEfRUShXY=,9/zQQ93ylnPkGe9HV2jCydyDaJg=
-36,73,CwHY1Jn8iSdQdN8e5sDEfRUShXY=,9/zQQ93ylnPkGe9HV2jCydyDaJg=
-46,75,CwHY1Jn8iSdQdN8e5sDEfRUShXY=,9/zQQ93ylnPkGe9HV2jCydyDaJg=
-38,72,CwHY1Jn8iSdQdN8e5sDEfRUShXY=,9/zQQ93ylnPkGe9HV2jCydyDaJg=
-37,72,CwHY1Jn8iSdQdN8e5sDEfRUShXY=,9/zQQ93ylnPkGe9HV2jCydyDaJg=
-48,64,CwHY1Jn8iSdQdN8e5sDEfRUShXY=,9/zQQ93ylnPkGe9HV2jCydyDaJg=
-39,72,CwHY1Jn8iSdQdN8e5sDEfRUShXY=,9/zQQ93ylnPkGe9HV2jCydyDaJg=
-33,72,CwHY1Jn8iSdQdN8e5sDEfRUShXY=,9/zQQ93ylnPkGe9HV2jCydyDaJg=
-38,68,CwHY1Jn8iSdQdN8e5sDEfRUShXY=,9/zQQ93ylnPkGe9HV2jCydyDaJg=
-35,73,CwHY1Jn8iSdQdN8e5sDEfRUShXY=,9/zQQ93ylnPkGe9HV2jCydyDaJg=
-41,72,CwHY1Jn8iSdQdN8e5sDEfRUShXY=,9/zQQ93ylnPkGe9HV2jCydyDaJg=
-34,72,CwHY1Jn8iSdQdN8e5sDEfRUShXY=,9/zQQ93ylnPkGe9HV2jCydyDaJg=
-44,72,CwHY1Jn8iSdQdN8e5sDEfRUShXY=,9/zQQ93ylnPkGe9HV2jCydyDaJg=
-47,73,CwHY1Jn8iSdQdN8e5sDEfRUShXY=,9/zQQ93ylnPkGe9HV2jCydyDaJg=
-40,72,CwHY1Jn8iSdQdN8e5sDEfRUShXY=,9/zQQ93ylnPkGe9HV2jCydyDaJg=
-47,72,CwHY1Jn8iSdQdN8e5sDEfRUShXY=,9/zQQ93ylnPkGe9HV2jCydyDaJg=
-48,72,CwHY1Jn8iSdQdN8e5sDEfRUShXY=,9/zQQ93ylnPkGe9HV2jCydyDaJg=
-38,64,CwHY1Jn8iSdQdN8e5sDEfRUShXY=,9/zQQ93ylnPkGe9HV2jCydyDaJg=
-37,66,CwHY1Jn8iSdQdN8e5sDEfRUShXY=,9/zQQ93ylnPkGe9HV2jCydyDaJg=
-38,65,CwHY1Jn8iSdQdN8e5sDEfRUShXY=,9/zQQ93ylnPkGe9HV2jCydyDaJg=
-34,71,CwHY1Jn8iSdQdN8e5sDEfRUShXY=,9/zQQ93ylnPkGe9HV2jCydyDaJg=
-33,71,CwHY1Jn8iSdQdN8e5sDEfRUShXY=,9/zQQ93ylnPkGe9HV2jCydyDaJg=
-37,68,CwHY1Jn8iSdQdN8e5sDEfRUShXY=,9/zQQ93ylnPkGe9HV2jCydyDaJg=
-42,72,CwHY1Jn8iSdQdN8e5sDEfRUShXY=,9/zQQ93ylnPkGe9HV2jCydyDaJg=
-46,74,CwHY1Jn8iSdQdN8e5sDEfRUShXY=,9/zQQ93ylnPkGe9HV2jCydyDaJg=
-36,68,CwHY1Jn8iSdQdN8e5sDEfRUShXY=,9/zQQ93ylnPkGe9HV2jCydyDaJg=
-33,68,CwHY1Jn8iSdQdN8e5sDEfRUShXY=,9/zQQ93ylnPkGe9HV2jCydyDaJg=
-34,68,CwHY1Jn8iSdQdN8e5sDEfRUShXY=,9/zQQ93ylnPkGe9HV2jCydyDaJg=
-41,65,CwHY1Jn8iSdQdN8e5sDEfRUShXY=,9/zQQ93ylnPkGe9HV2jCydyDaJg=
-35,68,CwHY1Jn8iSdQdN8e5sDEfRUShXY=,9/zQQ93ylnPkGe9HV2jCydyDaJg=
-48,69,CwHY1Jn8iSdQdN8e5sDEfRUShXY=,9/zQQ93ylnPkGe9HV2jCydyDaJg=
-41,64,CwHY1Jn8iSdQdN8e5sDEfRUShXY=,9/zQQ93ylnPkGe9HV2jCydyDaJg=
-40,66,CwHY1Jn8iSdQdN8e5sDEfRUShXY=,9/zQQ93ylnPkGe9HV2jCydyDaJg=
-47,69,CwHY1Jn8iSdQdN8e5sDEfRUShXY=,9/zQQ93ylnPkGe9HV2jCydyDaJg=
-46,69,CwHY1Jn8iSdQdN8e5sDEfRUShXY=,9/zQQ93ylnPkGe9HV2jCydyDaJg=
-45,69,CwHY1Jn8iSdQdN8e5sDEfRUShXY=,9/zQQ93ylnPkGe9HV2jCydyDaJg=
-44,69,CwHY1Jn8iSdQdN8e5sDEfRUShXY=,9/zQQ93ylnPkGe9HV2jCydyDaJg=
-43,69,CwHY1Jn8iSdQdN8e5sDEfRUShXY=,9/zQQ93ylnPkGe9HV2jCydyDaJg=
-35,72,CwHY1Jn8iSdQdN8e5sDEfRUShXY=,9/zQQ93ylnPkGe9HV2jCydyDaJg=
-47,75,CwHY1Jn8iSdQdN8e5sDEfRUShXY=,9/zQQ93ylnPkGe9HV2jCydyDaJg=
-39,71,CwHY1Jn8iSdQdN8e5sDEfRUShXY=,9/zQQ93ylnPkGe9HV2jCydyDaJg=
-36,72,CwHY1Jn8iSdQdN8e5sDEfRUShXY=,9/zQQ93ylnPkGe9HV2jCydyDaJg=
-43,72,CwHY1Jn8iSdQdN8e5sDEfRUShXY=,9/zQQ93ylnPkGe9HV2jCydyDaJg=
-40,71,CwHY1Jn8iSdQdN8e5sDEfRUShXY=,9/zQQ93ylnPkGe9HV2jCydyDaJg=
-46,72,CwHY1Jn8iSdQdN8e5sDEfRUShXY=,9/zQQ93ylnPkGe9HV2jCydyDaJg=
-45,73,CwHY1Jn8iSdQdN8e5sDEfRUShXY=,9/zQQ93ylnPkGe9HV2jCydyDaJg=
-45,72,CwHY1Jn8iSdQdN8e5sDEfRUShXY=,9/zQQ93ylnPkGe9HV2jCydyDaJg=
-46,71,CwHY1Jn8iSdQdN8e5sDEfRUShXY=,9/zQQ93ylnPkGe9HV2jCydyDaJg=
-47,71,CwHY1Jn8iSdQdN8e5sDEfRUShXY=,9/zQQ93ylnPkGe9HV2jCydyDaJg=
-39,64,CwHY1Jn8iSdQdN8e5sDEfRUShXY=,9/zQQ93ylnPkGe9HV2jCydyDaJg=
-48,71,CwHY1Jn8iSdQdN8e5sDEfRUShXY=,9/zQQ93ylnPkGe9HV2jCydyDaJg=
-38,66,CwHY1Jn8iSdQdN8e5sDEfRUShXY=,9/zQQ93ylnPkGe9HV2jCydyDaJg=
-39,65,CwHY1Jn8iSdQdN8e5sDEfRUShXY=,9/zQQ93ylnPkGe9HV2jCydyDaJg=
-33,70,CwHY1Jn8iSdQdN8e5sDEfRUShXY=,9/zQQ93ylnPkGe9HV2jCydyDaJg=
-35,71,CwHY1Jn8iSdQdN8e5sDEfRUShXY=,9/zQQ93ylnPkGe9HV2jCydyDaJg=
-47,79,CwHY1Jn8iSdQdN8e5sDEfRUShXY=,9/zQQ93ylnPkGe9HV2jCydyDaJg=
-44,71,CwHY1Jn8iSdQdN8e5sDEfRUShXY=,9/zQQ93ylnPkGe9HV2jCydyDaJg=
-35,70,CwHY1Jn8iSdQdN8e5sDEfRUShXY=,9/zQQ93ylnPkGe9HV2jCydyDaJg=
-38,70,CwHY1Jn8iSdQdN8e5sDEfRUShXY=,9/zQQ93ylnPkGe9HV2jCydyDaJg=
-38,71,CwHY1Jn8iSdQdN8e5sDEfRUShXY=,9/zQQ93ylnPkGe9HV2jCydyDaJg=
-45,71,CwHY1Jn8iSdQdN8e5sDEfRUShXY=,9/zQQ93ylnPkGe9HV2jCydyDaJg=
-36,71,CwHY1Jn8iSdQdN8e5sDEfRUShXY=,9/zQQ93ylnPkGe9HV2jCydyDaJg=
-46,73,CwHY1Jn8iSdQdN8e5sDEfRUShXY=,9/zQQ93ylnPkGe9HV2jCydyDaJg=
-47,74,CwHY1Jn8iSdQdN8e5sDEfRUShXY=,9/zQQ93ylnPkGe9HV2jCydyDaJg=
-45,70,CwHY1Jn8iSdQdN8e5sDEfRUShXY=,9/zQQ93ylnPkGe9HV2jCydyDaJg=
-44,70,CwHY1Jn8iSdQdN8e5sDEfRUShXY=,9/zQQ93ylnPkGe9HV2jCydyDaJg=
-47,70,CwHY1Jn8iSdQdN8e5sDEfRUShXY=,9/zQQ93ylnPkGe9HV2jCydyDaJg=
-46,70,CwHY1Jn8iSdQdN8e5sDEfRUShXY=,9/zQQ93ylnPkGe9HV2jCydyDaJg=
-40,64,CwHY1Jn8iSdQdN8e5sDEfRUShXY=,9/zQQ93ylnPkGe9HV2jCydyDaJg=
-48,70,CwHY1Jn8iSdQdN8e5sDEfRUShXY=,9/zQQ93ylnPkGe9HV2jCydyDaJg=
-39,66,CwHY1Jn8iSdQdN8e5sDEfRUShXY=,9/zQQ93ylnPkGe9HV2jCydyDaJg=
-33,69,CwHY1Jn8iSdQdN8e5sDEfRUShXY=,9/zQQ93ylnPkGe9HV2jCydyDaJg=
-40,65,CwHY1Jn8iSdQdN8e5sDEfRUShXY=,9/zQQ93ylnPkGe9HV2jCydyDaJg=
-36,70,CwHY1Jn8iSdQdN8e5sDEfRUShXY=,9/zQQ93ylnPkGe9HV2jCydyDaJg=
-35,69,CwHY1Jn8iSdQdN8e5sDEfRUShXY=,9/zQQ93ylnPkGe9HV2jCydyDaJg=
-34,70,CwHY1Jn8iSdQdN8e5sDEfRUShXY=,9/zQQ93ylnPkGe9HV2jCydyDaJg=
-37,69,CwHY1Jn8iSdQdN8e5sDEfRUShXY=,9/zQQ93ylnPkGe9HV2jCydyDaJg=
-36,69,CwHY1Jn8iSdQdN8e5sDEfRUShXY=,9/zQQ93ylnPkGe9HV2jCydyDaJg=
-43,70,CwHY1Jn8iSdQdN8e5sDEfRUShXY=,9/zQQ93ylnPkGe9HV2jCydyDaJg=
-34,69,CwHY1Jn8iSdQdN8e5sDEfRUShXY=,9/zQQ93ylnPkGe9HV2jCydyDaJg=
-37,70,CwHY1Jn8iSdQdN8e5sDEfRUShXY=,9/zQQ93ylnPkGe9HV2jCydyDaJg=
-37,71,CwHY1Jn8iSdQdN8e5sDEfRUShXY=,9/zQQ93ylnPkGe9HV2jCydyDaJg=
-44,73,CwHY1Jn8iSdQdN8e5sDEfRUShXY=,9/zQQ93ylnPkGe9HV2jCydyDaJg=
-43,71,CwHY1Jn8iSdQdN8e5sDEfRUShXY=,9/zQQ93ylnPkGe9HV2jCydyDaJg=
-41,71,CwHY1Jn8iSdQdN8e5sDEfRUShXY=,9/zQQ93ylnPkGe9HV2jCydyDaJg=
-42,69,CwHY1Jn8iSdQdN8e5sDEfRUShXY=,9/zQQ93ylnPkGe9HV2jCydyDaJg=
-39,70,CwHY1Jn8iSdQdN8e5sDEfRUShXY=,9/zQQ93ylnPkGe9HV2jCydyDaJg=
-40,70,CwHY1Jn8iSdQdN8e5sDEfRUShXY=,9/zQQ93ylnPkGe9HV2jCydyDaJg=
-40,69,CwHY1Jn8iSdQdN8e5sDEfRUShXY=,9/zQQ93ylnPkGe9HV2jCydyDaJg=
-38,69,CwHY1Jn8iSdQdN8e5sDEfRUShXY=,9/zQQ93ylnPkGe9HV2jCydyDaJg=
-42,70,CwHY1Jn8iSdQdN8e5sDEfRUShXY=,9/zQQ93ylnPkGe9HV2jCydyDaJg=
-39,69,CwHY1Jn8iSdQdN8e5sDEfRUShXY=,9/zQQ93ylnPkGe9HV2jCydyDaJg=
-41,70,CwHY1Jn8iSdQdN8e5sDEfRUShXY=,9/zQQ93ylnPkGe9HV2jCydyDaJg=
-41,69,CwHY1Jn8iSdQdN8e5sDEfRUShXY=,9/zQQ93ylnPkGe9HV2jCydyDaJg=
-42,71,CwHY1Jn8iSdQdN8e5sDEfRUShXY=,9/zQQ93ylnPkGe9HV2jCydyDaJg=
