-75,-48,HZqSDOtv72lTbOMbCY6SksBjTF4=,uXDG6d+0m3XsP1qGWgWcl/aDt0k=
-74,-45,HZqSDOtv72lTbOMbCY6SksBjTF4=,uXDG6d+0m3XsP1qGWgWcl/aDt0k=
-74,-46,HZqSDOtv72lTbOMbCY6SksBjTF4=,uXDG6d+0m3XsP1qGWgWcl/aDt0k=
-77,-48,HZqSDOtv72lTbOMbCY6SksBjTF4=,uXDG6d+0m3XsP1qGWgWcl/aDt0k=
-75,-45,HZqSDOtv72lTbOMbCY6SksBjTF4=,uXDG6d+0m3XsP1qGWgWcl/aDt0k=
-76,-45,HZqSDOtv72lTbOMbCY6SksBjTF4=,uXDG6d+0m3XsP1qGWgWcl/aDt0k=
-73,-45,HZqSDOtv72lTbOMbCY6SksBjTF4=,uXDG6d+0m3XsP1qGWgWcl/aDt0k=
-72,-45,HZqSDOtv72lTbOMbCY6SksBjTF4=,uXDG6d+0m3XsP1qGWgWcl/aDt0k=
-71,-45,VMtQlf6fhkZv/z0BAaHr8tQ5ltA=,uXDG6d+0m3XsP1qGWgWcl/aDt0k=
-70,-45,VMtQlf6fhkZv/z0BAaHr8tQ5ltA=,uXDG6d+0m3XsP1qGWgWcl/aDt0k=
-69,-45,VMtQlf6fhkZv/z0BAaHr8tQ5ltA=,uXDG6d+0m3XsP1qGWgWcl/aDt0k=
-68,-45,VMtQlf6fhkZv/z0BAaHr8tQ5ltA=,uXDG6d+0m3XsP1qGWgWcl/aDt0k=
-75,-46,VMtQlf6fhkZv/z0BAaHr8tQ5ltA=,uXDG6d+0m3XsP1qGWgWcl/aDt0k=
-67,-45,VMtQlf6fhkZv/z0BAaHr8tQ5ltA=,uXDG6d+0m3XsP1qGWgWcl/aDt0k=
-66,-45,VMtQlf6fhkZv/z0BAaHr8tQ5ltA=,uXDG6d+0m3XsP1qGWgWcl/aDt0k=
-65,-45,VMtQlf6fhkZv/z0BAaHr8tQ5ltA=,uXDG6d+0m3XsP1qGWgWcl/aDt0k=
-74,-48,VMtQlf6fhkZv/z0BAaHr8tQ5ltA=,uXDG6d+0m3XsP1qGWgWcl/aDt0k=
-80,-44,VMtQlf6fhkZv/z0BAaHr8tQ5ltA=,uXDG6d+0m3XsP1qGWgWcl/aDt0k=
-73,-46,VMtQlf6fhkZv/z0BAaHr8tQ5ltA=,uXDG6d+0m3XsP1qGWgWcl/aDt0k=
-74,-47,VMtQlf6fhkZv/z0BAaHr8tQ5ltA=,uXDG6d+0m3XsP1qGWgWcl/aDt0k=
-75,-47,VMtQlf6fhkZv/z0BAaHr8tQ5ltA=,uXDG6d+0m3XsP1qGWgWcl/aDt0k=
-79,-48,VMtQlf6fhkZv/z0BAaHr8tQ5ltA=,uXDG6d+0m3XsP1qGWgWcl/aDt0k=
-76,-46,VMtQlf6fhkZv/z0BAaHr8tQ5ltA=,uXDG6d+0m3XsP1qGWgWcl/aDt0k=
-70,-34,VMtQlf6fhkZv/z0BAaHr8tQ5ltA=,uXDG6d+0m3XsP1qGWgWcl/aDt0k=
-72,-34,VMtQlf6fhkZv/z0BAaHr8tQ5ltA=,uXDG6d+0m3XsP1qGWgWcl/aDt0k=
-74,-34,VMtQlf6fhkZv/z0BAaHr8tQ5ltA=,uXDG6d+0m3XsP1qGWgWcl/aDt0k=
-71,-34,VMtQlf6fhkZv/z0BAaHr8tQ5ltA=,uXDG6d+0m3XsP1qGWgWcl/aDt0k=
-73,-34,VMtQlf6fhkZv/z0BAaHr8tQ5ltA=,uXDG6d+0m3XsP1qGWgWcl/aDt0k=
-76,-34,VMtQlf6fhkZv/z0BAaHr8tQ5ltA=,uXDG6d+0m3XsP1qGWgWcl/aDt0k=
-75,-34,VMtQlf6fhkZv/z0BAaHr8tQ5ltA=,uXDG6d+0m3XsP1qGWgWcl/aDt0k=
-78,-34,VMtQlf6fhkZv/z0BAaHr8tQ5ltA=,uXDG6d+0m3XsP1qGWgWcl/aDt0k=
-77,-34,VMtQlf6fhkZv/z0BAaHr8tQ5ltA=,uXDG6d+0m3XsP1qGWgWcl/aDt0k=
-79,-34,VMtQlf6fhkZv/z0BAaHr8tQ5ltA=,uXDG6d+0m3XsP1qGWgWcl/aDt0k=
-80,-34,VMtQlf6fhkZv/z0BAaHr8tQ5ltA=,uXDG6d+0m3XsP1qGWgWcl/aDt0k=
-69,-35,VMtQlf6fhkZv/z0BAaHr8tQ5ltA=,uXDG6d+0m3XsP1qGWgWcl/aDt0k=
-71,-35,VMtQlf6fhkZv/z0BAaHr8tQ5ltA=,uXDG6d+0m3XsP1qGWgWcl/aDt0k=
-74,-35,VMtQlf6fhkZv/z0BAaHr8tQ5ltA=,uXDG6d+0m3XsP1qGWgWcl/aDt0k=
-70,-35,VMtQlf6fhkZv/z0BAaHr8tQ5ltA=,uXDG6d+0m3XsP1qGWgWcl/aDt0k=
-72,-35,VMtQlf6fhkZv/z0BAaHr8tQ5ltA=,uXDG6d+0m3XsP1qGWgWcl/aDt0k=
-73,-35,VMtQlf6fhkZv/z0BAaHr8tQ5ltA=,uXDG6d+0m3XsP1qGWgWcl/aDt0k=
-76,-35,VMtQlf6fhkZv/z0BAaHr8tQ5ltA=,uXDG6d+0m3XsP1qGWgWcl/aDt0k=
-78,-35,VMtQlf6fhkZv/z0BAaHr8tQ5ltA=,uXDG6d+0m3XsP1qGWgWcl/aDt0k=
-75,-35,VMtQlf6fhkZv/z0BAaHr8tQ5ltA=,uXDG6d+0m3XsP1qGWgWcl/aDt0k=
-79,-35,VMtQlf6fhkZv/z0BAaHr8tQ5ltA=,uXDG6d+0m3XsP1qGWgWcl/aDt0k=
-80,-35,VMtQlf6fhkZv/z0BAaHr8tQ5ltA=,uXDG6d+0m3XsP1qGWgWcl/aDt0k=
-77,-35,VMtQlf6fhkZv/z0BAaHr8tQ5ltA=,uXDG6d+0m3XsP1qGWgWcl/aDt0k=
-70,-36,VMtQlf6fhkZv/z0BAaHr8tQ5ltA=,uXDG6d+0m3XsP1qGWgWcl/aDt0k=
-71,-36,VMtQlf6fhkZv/z0BAaHr8tQ5ltA=,uXDG6d+0m3XsP1qGWgWcl/aDt0k=
-72,-36,VMtQlf6fhkZv/z0BAaHr8tQ5ltA=,uXDG6d+0m3XsP1qGWgWcl/aDt0k=
-73,-36,VMtQlf6fhkZv/z0BAaHr8tQ5ltA=,uXDG6d+0m3XsP1qGWgWcl/aDt0k=
-74,-36,VMtQlf6fhkZv/z0BAaHr8tQ5ltA=,uXDG6d+0m3XsP1qGWgWcl/aDt0k=
-76,-36,VMtQlf6fhkZv/z0BAaHr8tQ5ltA=,uXDG6d+0m3XsP1qGWgWcl/aDt0k=
-77,-36,VMtQlf6fhkZv/z0BAaHr8tQ5ltA=,uXDG6d+0m3XsP1qGWgWcl/aDt0k=
-79,-36,VMtQlf6fhkZv/z0BAaHr8tQ5ltA=,uXDG6d+0m3XsP1qGWgWcl/aDt0k=
-79,-47,VMtQlf6fhkZv/z0BAaHr8tQ5ltA=,uXDG6d+0m3XsP1qGWgWcl/aDt0k=
-75,-36,VMtQlf6fhkZv/z0BAaHr8tQ5ltA=,uXDG6d+0m3XsP1qGWgWcl/aDt0k=
-78,-36,VMtQlf6fhkZv/z0BAaHr8tQ5ltA=,uXDG6d+0m3XsP1qGWgWcl/aDt0k=
-80,-47,VMtQlf6fhkZv/z0BAaHr8tQ5ltA=,uXDG6d+0m3XsP1qGWgWcl/aDt0k=
-80,-48,VMtQlf6fhkZv/z0BAaHr8tQ5ltA=,uXDG6d+0m3XsP1qGWgWcl/aDt0k=
-65,-46,VMtQlf6fhkZv/z0BAaHr8tQ5ltA=,uXDG6d+0m3XsP1qGWgWcl/aDt0k=
-65,-48,VMtQlf6fhkZv/z0BAaHr8tQ5ltA=,uXDG6d+0m3XsP1qGWgWcl/aDt0k=
-80,-36,VMtQlf6fhkZv/z0BAaHr8tQ5ltA=,uXDG6d+0m3XsP1qGWgWcl/aDt0k=
-80,-33,VMtQlf6fhkZv/z0BAaHr8tQ5ltA=,uXDG6d+0m3XsP1qGWgWcl/aDt0k=
-66,-48,VMtQlf6fhkZv/z0BAaHr8tQ5ltA=,uXDG6d+0m3XsP1qGWgWcl/aDt0k=
-79,-33,VMtQlf6fhkZv/z0BAaHr8tQ5ltA=,uXDG6d+0m3XsP1qGWgWcl/aDt0k=
-78,-33,VMtQlf6fhkZv/z0BAaHr8tQ5ltA=,uXDG6d+0m3XsP1qGWgWcl/aDt0k=
-77,-33,VMtQlf6fhkZv/z0BAaHr8tQ5ltA=,uXDG6d+0m3XsP1qGWgWcl/aDt0k=
-75,-33,VMtQlf6fhkZv/z0BAaHr8tQ5ltA=,uXDG6d+0m3XsP1qGWgWcl/aDt0k=
-76,-33,VMtQlf6fhkZv/z0BAaHr8tQ5ltA=,uXDG6d+0m3XsP1qGWgWcl/aDt0k=
-74,-33,VMtQlf6fhkZv/z0BAaHr8tQ5ltA=,uXDG6d+0m3XsP1qGWgWcl/aDt0k=
-73,-33,VMtQlf6fhkZv/z0BAaHr8tQ5ltA=,uXDG6d+0m3XsP1qGWgWcl/aDt0k=
-72,-33,VMtQlf6fhkZv/z0BAaHr8tQ5ltA=,uXDG6d+0m3XsP1qGWgWcl/aDt0k=
-71,-33,VMtQlf6fhkZv/z0BAaHr8tQ5ltA=,uXDG6d+0m3XsP1qGWgWcl/aDt0k=
-70,-33,VMtQlf6fhkZv/z0BAaHr8tQ5ltA=,uXDG6d+0m3XsP1qGWgWcl/aDt0k=
-76,-47,VMtQlf6fhkZv/z0BAaHr8tQ5ltA=,uXDG6d+0m3XsP1qGWgWcl/aDt0k=
-65,-47,VMtQlf6fhkZv/z0BAaHr8tQ5ltA=,uXDG6d+0m3XsP1qGWgWcl/aDt0k=
-65,-37,VMtQlf6fhkZv/z0BAaHr8tQ5ltA=,uXDG6d+0m3XsP1qGWgWcl/aDt0k=
-80,-46,VMtQlf6fhkZv/z0BAaHr8tQ5ltA=,uXDG6d+0m3XsP1qGWgWcl/aDt0k=
-66,-47,VMtQlf6fhkZv/z0BAaHr8tQ5ltA=,uXDG6d+0m3XsP1qGWgWcl/aDt0k=
-67,-37,VMtQlf6fhkZv/z0BAaHr8tQ5ltA=,uXDG6d+0m3XsP1qGWgWcl/aDt0k=
-68,-37,VMtQlf6fhkZv/z0BAaHr8tQ5ltA=,uXDG6d+0m3XsP1qGWgWcl/aDt0k=
-78,-47,VMtQlf6fhkZv/z0BAaHr8tQ5ltA=,uXDG6d+0m3XsP1qGWgWcl/aDt0k=
-66,-37,VMtQlf6fhkZv/z0BAaHr8tQ5ltA=,uXDG6d+0m3XsP1qGWgWcl/aDt0k=
-77,-46,VMtQlf6fhkZv/z0BAaHr8tQ5ltA=,uXDG6d+0m3XsP1qGWgWcl/aDt0k=
-72,-37,VMtQlf6fhkZv/z0BAaHr8tQ5ltA=,uXDG6d+0m3XsP1qGWgWcl/aDt0k=
-71,-37,VMtQlf6fhkZv/z0BAaHr8tQ5ltA=,uXDG6d+0m3XsP1qGWgWcl/aDt0k=
-77,-45,VMtQlf6fhkZv/z0BAaHr8tQ5ltA=,uXDG6d+0m3XsP1qGWgWcl/aDt0k=
-73,-37,VMtQlf6fhkZv/z0BAaHr8tQ5ltA=,uXDG6d+0m3XsP1qGWgWcl/aDt0k=
-74,-37,VMtQlf6fhkZv/z0BAaHr8tQ5ltA=,uXDG6d+0m3XsP1qGWgWcl/aDt0k=
-75,-37,VMtQlf6fhkZv/z0BAaHr8tQ5ltA=,uXDG6d+0m3XsP1qGWgWcl/aDt0k=
-77,-37,VMtQlf6fhkZv/z0BAaHr8tQ5ltA=,uXDG6d+0m3XsP1qGWgWcl/aDt0k=
-76,-37,VMtQlf6fhkZv/z0BAaHr8tQ5ltA=,uXDG6d+0m3XsP1qGWgWcl/aDt0k=
-78,-37,VMtQlf6fhkZv/z0BAaHr8tQ5ltA=,uXDG6d+0m3XsP1qGWgWcl/aDt0k=
-79,-37,VMtQlf6fhkZv/z0BAaHr8tQ5ltA=,uXDG6d+0m3XsP1qGWgWcl/aDt0k=
-77,-47,VMtQlf6fhkZv/z0BAaHr8tQ5ltA=,uXDG6d+0m3XsP1qGWgWcl/aDt0k=
-80,-45,VMtQlf6fhkZv/z0BAaHr8tQ5ltA=,uXDG6d+0m3XsP1qGWgWcl/aDt0k=
-76,-48,VMtQlf6fhkZv/z0BAaHr8tQ5ltA=,uXDG6d+0m3XsP1qGWgWcl/aDt0k=
-66,-46,VMtQlf6fhkZv/z0BAaHr8tQ5ltA=,uXDG6d+0m3XsP1qGWgWcl/aDt0k=
-67,-48,VMtQlf6fhkZv/z0BAaHr8tQ5ltA=,uXDG6d+0m3XsP1qGWgWcl/aDt0k=
-80,-37,VMtQlf6fhkZv/z0BAaHr8tQ5ltA=,uXDG6d+0m3XsP1qGWgWcl/aDt0k=
-67,-47,VMtQlf6fhkZv/z0BAaHr8tQ5ltA=,uXDG6d+0m3XsP1qGWgWcl/aDt0k=
-78,-48,VMtQlf6fhkZv/z0BAaHr8tQ5ltA=,uXDG6d+0m3XsP1qGWgWcl/aDt0k=
-65,-33,VMtQlf6fhkZv/z0BAaHr8tQ5ltA=,uXDG6d+0m3XsP1qGWgWcl/aDt0k=
-67,-38,VMtQlf6fhkZv/z0BAaHr8tQ5ltA=,uXDG6d+0m3XsP1qGWgWcl/aDt0k=
-65,-38,VMtQlf6fhkZv/z0BAaHr8tQ5ltA=,uXDG6d+0m3XsP1qGWgWcl/aDt0k=
-66,-38,VMtQlf6fhkZv/z0BAaHr8tQ5ltA=,uXDG6d+0m3XsP1qGWgWcl/aDt0k=
-70,-37,VMtQlf6fhkZv/z0BAaHr8tQ5ltA=,uXDG6d+0m3XsP1qGWgWcl/aDt0k=
-68,-38,VMtQlf6fhkZv/z0BAaHr8tQ5ltA=,uXDG6d+0m3XsP1qGWgWcl/aDt0k=
-68,-34,VMtQlf6fhkZv/z0BAaHr8tQ5ltA=,uXDG6d+0m3XsP1qGWgWcl/aDt0k=
-66,-34,VMtQlf6fhkZv/z0BAaHr8tQ5ltA=,uXDG6d+0m3XsP1qGWgWcl/aDt0k=
-67,-34,VMtQlf6fhkZv/z0BAaHr8tQ5ltA=,uXDG6d+0m3XsP1qGWgWcl/aDt0k=
-79,-45,VMtQlf6fhkZv/z0BAaHr8tQ5ltA=,uXDG6d+0m3XsP1qGWgWcl/aDt0k=
-73,-38,VMtQlf6fhkZv/z0BAaHr8tQ5ltA=,uXDG6d+0m3XsP1qGWgWcl/aDt0k=
-76,-38,VMtQlf6fhkZv/z0BAaHr8tQ5ltA=,uXDG6d+0m3XsP1qGWgWcl/aDt0k=
-66,-33,VMtQlf6fhkZv/z0BAaHr8tQ5ltA=,uXDG6d+0m3XsP1qGWgWcl/aDt0k=
-78,-46,VMtQlf6fhkZv/z0BAaHr8tQ5ltA=,uXDG6d+0m3XsP1qGWgWcl/aDt0k=
-79,-44,VMtQlf6fhkZv/z0BAaHr8tQ5ltA=,uXDG6d+0m3XsP1qGWgWcl/aDt0k=
-72,-38,VMtQlf6fhkZv/z0BAaHr8tQ5ltA=,uXDG6d+0m3XsP1qGWgWcl/aDt0k=
-69,-34,VMtQlf6fhkZv/z0BAaHr8tQ5ltA=,uXDG6d+0m3XsP1qGWgWcl/aDt0k=
-77,-38,VMtQlf6fhkZv/z0BAaHr8tQ5ltA=,uXDG6d+0m3XsP1qGWgWcl/aDt0k=
-78,-38,VMtQlf6fhkZv/z0BAaHr8tQ5ltA=,uXDG6d+0m3XsP1qGWgWcl/aDt0k=
-79,-38,VMtQlf6fhkZv/z0BAaHr8tQ5ltA=,uXDG6d+0m3XsP1qGWgWcl/aDt0k=
-67,-46,VMtQlf6fhkZv/z0BAaHr8tQ5ltA=,uXDG6d+0m3XsP1qGWgWcl/aDt0k=
-68,-48,VMtQlf6fhkZv/z0BAaHr8tQ5ltA=,uXDG6d+0m3XsP1qGWgWcl/aDt0k=
-80,-38,VMtQlf6fhkZv/z0BAaHr8tQ5ltA=,uXDG6d+0m3XsP1qGWgWcl/aDt0k=
-68,-47,VMtQlf6fhkZv/z0BAaHr8tQ5ltA=,uXDG6d+0m3XsP1qGWgWcl/aDt0k=
-65,-39,VMtQlf6fhkZv/z0BAaHr8tQ5ltA=,uXDG6d+0m3XsP1qGWgWcl/aDt0k=
-67,-39,VMtQlf6fhkZv/z0BAaHr8tQ5ltA=,uXDG6d+0m3XsP1qGWgWcl/aDt0k=
-66,-39,VMtQlf6fhkZv/z0BAaHr8tQ5ltA=,uXDG6d+0m3XsP1qGWgWcl/aDt0k=
-68,-39,VMtQlf6fhkZv/z0BAaHr8tQ5ltA=,uXDG6d+0m3XsP1qGWgWcl/aDt0k=
-69,-39,VMtQlf6fhkZv/z0BAaHr8tQ5ltA=,uXDG6d+0m3XsP1qGWgWcl/aDt0k=
-65,-34,VMtQlf6fhkZv/z0BAaHr8tQ5ltA=,uXDG6d+0m3XsP1qGWgWcl/aDt0k=
-69,-37,VMtQlf6fhkZv/z0BAaHr8tQ5ltA=,uXDG6d+0m3XsP1qGWgWcl/aDt0k=
-68,-35,VMtQlf6fhkZv/z0BAaHr8tQ5ltA=,uXDG6d+0m3XsP1qGWgWcl/aDt0k=
-75,-38,VMtQlf6fhkZv/z0BAaHr8tQ5ltA=,uXDG6d+0m3XsP1qGWgWcl/aDt0k=
-65,-35,VMtQlf6fhkZv/z0BAaHr8tQ5ltA=,uXDG6d+0m3XsP1qGWgWcl/aDt0k=
-70,-38,VMtQlf6fhkZv/z0BAaHr8tQ5ltA=,uXDG6d+0m3XsP1qGWgWcl/aDt0k=
-79,-46,VMtQlf6fhkZv/z0BAaHr8tQ5ltA=,uXDG6d+0m3XsP1qGWgWcl/aDt0k=
-67,-33,VMtQlf6fhkZv/z0BAaHr8tQ5ltA=,uXDG6d+0m3XsP1qGWgWcl/aDt0k=
-72,-39,VMtQlf6fhkZv/z0BAaHr8tQ5ltA=,uXDG6d+0m3XsP1qGWgWcl/aDt0k=
-69,-38,VMtQlf6fhkZv/z0BAaHr8tQ5ltA=,uXDG6d+0m3XsP1qGWgWcl/aDt0k=
-74,-38,VMtQlf6fhkZv/z0BAaHr8tQ5ltA=,uXDG6d+0m3XsP1qGWgWcl/aDt0k=
-77,-39,VMtQlf6fhkZv/z0BAaHr8tQ5ltA=,uXDG6d+0m3XsP1qGWgWcl/aDt0k=
-73,-39,VMtQlf6fhkZv/z0BAaHr8tQ5ltA=,uXDG6d+0m3XsP1qGWgWcl/aDt0k=
-67,-35,VMtQlf6fhkZv/z0BAaHr8tQ5ltA=,uXDG6d+0m3XsP1qGWgWcl/aDt0k=
-78,-39,VMtQlf6fhkZv/z0BAaHr8tQ5ltA=,uXDG6d+0m3XsP1qGWgWcl/aDt0k=
-79,-39,VMtQlf6fhkZv/z0BAaHr8tQ5ltA=,uXDG6d+0m3XsP1qGWgWcl/aDt0k=
-69,-48,VMtQlf6fhkZv/z0BAaHr8tQ5ltA=,uXDG6d+0m3XsP1qGWgWcl/aDt0k=
-68,-46,VMtQlf6fhkZv/z0BAaHr8tQ5ltA=,uXDG6d+0m3XsP1qGWgWcl/aDt0k=
-80,-39,VMtQlf6fhkZv/z0BAaHr8tQ5ltA=,uXDG6d+0m3XsP1qGWgWcl/aDt0k=
-65,-40,VMtQlf6fhkZv/z0BAaHr8tQ5ltA=,uXDG6d+0m3XsP1qGWgWcl/aDt0k=
-78,-45,VMtQlf6fhkZv/z0BAaHr8tQ5ltA=,uXDG6d+0m3XsP1qGWgWcl/aDt0k=
-69,-47,VMtQlf6fhkZv/z0BAaHr8tQ5ltA=,uXDG6d+0m3XsP1qGWgWcl/aDt0k=
-67,-40,VMtQlf6fhkZv/z0BAaHr8tQ5ltA=,uXDG6d+0m3XsP1qGWgWcl/aDt0k=
-66,-40,VMtQlf6fhkZv/z0BAaHr8tQ5ltA=,uXDG6d+0m3XsP1qGWgWcl/aDt0k=
-68,-40,VMtQlf6fhkZv/z0BAaHr8tQ5ltA=,uXDG6d+0m3XsP1qGWgWcl/aDt0k=
-66,-35,VMtQlf6fhkZv/z0BAaHr8tQ5ltA=,uXDG6d+0m3XsP1qGWgWcl/aDt0k=
-65,-36,VMtQlf6fhkZv/z0BAaHr8tQ5ltA=,uXDG6d+0m3XsP1qGWgWcl/aDt0k=
-70,-40,VMtQlf6fhkZv/z0BAaHr8tQ5ltA=,uXDG6d+0m3XsP1qGWgWcl/aDt0k=
-69,-40,VMtQlf6fhkZv/z0BAaHr8tQ5ltA=,uXDG6d+0m3XsP1qGWgWcl/aDt0k=
-76,-39,VMtQlf6fhkZv/z0BAaHr8tQ5ltA=,uXDG6d+0m3XsP1qGWgWcl/aDt0k=
-74,-40,VMtQlf6fhkZv/z0BAaHr8tQ5ltA=,uXDG6d+0m3XsP1qGWgWcl/aDt0k=
-71,-40,VMtQlf6fhkZv/z0BAaHr8tQ5ltA=,uXDG6d+0m3XsP1qGWgWcl/aDt0k=
-72,-40,VMtQlf6fhkZv/z0BAaHr8tQ5ltA=,uXDG6d+0m3XsP1qGWgWcl/aDt0k=
-66,-36,VMtQlf6fhkZv/z0BAaHr8tQ5ltA=,uXDG6d+0m3XsP1qGWgWcl/aDt0k=
-71,-39,VMtQlf6fhkZv/z0BAaHr8tQ5ltA=,uXDG6d+0m3XsP1qGWgWcl/aDt0k=
-78,-40,VMtQlf6fhkZv/z0BAaHr8tQ5ltA=,uXDG6d+0m3XsP1qGWgWcl/aDt0k=
-79,-40,VMtQlf6fhkZv/z0BAaHr8tQ5ltA=,uXDG6d+0m3XsP1qGWgWcl/aDt0k=
-70,-48,VMtQlf6fhkZv/z0BAaHr8tQ5ltA=,uXDG6d+0m3XsP1qGWgWcl/aDt0k=
-80,-40,VMtQlf6fhkZv/z0BAaHr8tQ5ltA=,uXDG6d+0m3XsP1qGWgWcl/aDt0k=
-69,-46,VMtQlf6fhkZv/z0BAaHr8tQ5ltA=,uXDG6d+0m3XsP1qGWgWcl/aDt0k=
-65,-41,VMtQlf6fhkZv/z0BAaHr8tQ5ltA=,uXDG6d+0m3XsP1qGWgWcl/aDt0k=
-70,-47,VMtQlf6fhkZv/z0BAaHr8tQ5ltA=,uXDG6d+0m3XsP1qGWgWcl/aDt0k=
-66,-41,VMtQlf6fhkZv/z0BAaHr8tQ5ltA=,uXDG6d+0m3XsP1qGWgWcl/aDt0k=
-68,-41,VMtQlf6fhkZv/z0BAaHr8tQ5ltA=,uXDG6d+0m3XsP1qGWgWcl/aDt0k=
-67,-41,VMtQlf6fhkZv/z0BAaHr8tQ5ltA=,uXDG6d+0m3XsP1qGWgWcl/aDt0k=
-69,-41,VMtQlf6fhkZv/z0BAaHr8tQ5ltA=,uXDG6d+0m3XsP1qGWgWcl/aDt0k=
-70,-41,VMtQlf6fhkZv/z0BAaHr8tQ5ltA=,uXDG6d+0m3XsP1qGWgWcl/aDt0k=
-71,-41,VMtQlf6fhkZv/z0BAaHr8tQ5ltA=,uXDG6d+0m3XsP1qGWgWcl/aDt0k=
-72,-41,VMtQlf6fhkZv/z0BAaHr8tQ5ltA=,uXDG6d+0m3XsP1qGWgWcl/aDt0k=
-73,-41,VMtQlf6fhkZv/z0BAaHr8tQ5ltA=,uXDG6d+0m3XsP1qGWgWcl/aDt0k=
-74,-41,VMtQlf6fhkZv/z0BAaHr8tQ5ltA=,uXDG6d+0m3XsP1qGWgWcl/aDt0k=
-75,-41,VMtQlf6fhkZv/z0BAaHr8tQ5ltA=,uXDG6d+0m3XsP1qGWgWcl/aDt0k=
-74,-39,VMtQlf6fhkZv/z0BAaHr8tQ5ltA=,uXDG6d+0m3XsP1qGWgWcl/aDt0k=
-75,-39,VMtQlf6fhkZv/z0BAaHr8tQ5ltA=,uXDG6d+0m3XsP1qGWgWcl/aDt0k=
-78,-41,VMtQlf6fhkZv/z0BAaHr8tQ5ltA=,uXDG6d+0m3XsP1qGWgWcl/aDt0k=
-71,-48,VMtQlf6fhkZv/z0BAaHr8tQ5ltA=,uXDG6d+0m3XsP1qGWgWcl/aDt0k=
-79,-41,VMtQlf6fhkZv/z0BAaHr8tQ5ltA=,uXDG6d+0m3XsP1qGWgWcl/aDt0k=
-80,-41,VMtQlf6fhkZv/z0BAaHr8tQ5ltA=,uXDG6d+0m3XsP1qGWgWcl/aDt0k=
-70,-46,VMtQlf6fhkZv/z0BAaHr8tQ5ltA=,uXDG6d+0m3XsP1qGWgWcl/aDt0k=
-65,-42,VMtQlf6fhkZv/z0BAaHr8tQ5ltA=,uXDG6d+0m3XsP1qGWgWcl/aDt0k=
-66,-42,VMtQlf6fhkZv/z0BAaHr8tQ5ltA=,uXDG6d+0m3XsP1qGWgWcl/aDt0k=
-71,-47,VMtQlf6fhkZv/z0BAaHr8tQ5ltA=,uXDG6d+0m3XsP1qGWgWcl/aDt0k=
-68,-42,VMtQlf6fhkZv/z0BAaHr8tQ5ltA=,uXDG6d+0m3XsP1qGWgWcl/aDt0k=
-67,-42,VMtQlf6fhkZv/z0BAaHr8tQ5ltA=,uXDG6d+0m3XsP1qGWgWcl/aDt0k=
-69,-42,VMtQlf6fhkZv/z0BAaHr8tQ5ltA=,uXDG6d+0m3XsP1qGWgWcl/aDt0k=
-70,-42,VMtQlf6fhkZv/z0BAaHr8tQ5ltA=,uXDG6d+0m3XsP1qGWgWcl/aDt0k=
-71,-42,VMtQlf6fhkZv/z0BAaHr8tQ5ltA=,uXDG6d+0m3XsP1qGWgWcl/aDt0k=
-72,-42,VMtQlf6fhkZv/z0BAaHr8tQ5ltA=,uXDG6d+0m3XsP1qGWgWcl/aDt0k=
-74,-42,VMtQlf6fhkZv/z0BAaHr8tQ5ltA=,uXDG6d+0m3XsP1qGWgWcl/aDt0k=
-73,-42,VMtQlf6fhkZv/z0BAaHr8tQ5ltA=,uXDG6d+0m3XsP1qGWgWcl/aDt0k=
-75,-42,VMtQlf6fhkZv/z0BAaHr8tQ5ltA=,uXDG6d+0m3XsP1qGWgWcl/aDt0k=
-76,-42,VMtQlf6fhkZv/z0BAaHr8tQ5ltA=,uXDG6d+0m3XsP1qGWgWcl/aDt0k=
-73,-40,VMtQlf6fhkZv/z0BAaHr8tQ5ltA=,uXDG6d+0m3XsP1qGWgWcl/aDt0k=
-70,-39,VMtQlf6fhkZv/z0BAaHr8tQ5ltA=,uXDG6d+0m3XsP1qGWgWcl/aDt0k=
-68,-33,VMtQlf6fhkZv/z0BAaHr8tQ5ltA=,uXDG6d+0m3XsP1qGWgWcl/aDt0k=
-72,-48,VMtQlf6fhkZv/z0BAaHr8tQ5ltA=,uXDG6d+0m3XsP1qGWgWcl/aDt0k=
-71,-46,VMtQlf6fhkZv/z0BAaHr8tQ5ltA=,uXDG6d+0m3XsP1qGWgWcl/aDt0k=
-80,-42,VMtQlf6fhkZv/z0BAaHr8tQ5ltA=,uXDG6d+0m3XsP1qGWgWcl/aDt0k=
-65,-43,VMtQlf6fhkZv/z0BAaHr8tQ5ltA=,uXDG6d+0m3XsP1qGWgWcl/aDt0k=
-72,-47,VMtQlf6fhkZv/z0BAaHr8tQ5ltA=,uXDG6d+0m3XsP1qGWgWcl/aDt0k=
-67,-43,VMtQlf6fhkZv/z0BAaHr8tQ5ltA=,uXDG6d+0m3XsP1qGWgWcl/aDt0k=
-66,-43,VMtQlf6fhkZv/z0BAaHr8tQ5ltA=,uXDG6d+0m3XsP1qGWgWcl/aDt0k=
-68,-43,VMtQlf6fhkZv/z0BAaHr8tQ5ltA=,uXDG6d+0m3XsP1qGWgWcl/aDt0k=
-69,-43,VMtQlf6fhkZv/z0BAaHr8tQ5ltA=,uXDG6d+0m3XsP1qGWgWcl/aDt0k=
-70,-43,VMtQlf6fhkZv/z0BAaHr8tQ5ltA=,uXDG6d+0m3XsP1qGWgWcl/aDt0k=
-71,-43,VMtQlf6fhkZv/z0BAaHr8tQ5ltA=,uXDG6d+0m3XsP1qGWgWcl/aDt0k=
-72,-43,VMtQlf6fhkZv/z0BAaHr8tQ5ltA=,uXDG6d+0m3XsP1qGWgWcl/aDt0k=
-73,-43,VMtQlf6fhkZv/z0BAaHr8tQ5ltA=,uXDG6d+0m3XsP1qGWgWcl/aDt0k=
-74,-43,VMtQlf6fhkZv/z0BAaHr8tQ5ltA=,uXDG6d+0m3XsP1qGWgWcl/aDt0k=
-75,-43,VMtQlf6fhkZv/z0BAaHr8tQ5ltA=,uXDG6d+0m3XsP1qGWgWcl/aDt0k=
-76,-43,VMtQlf6fhkZv/z0BAaHr8tQ5ltA=,uXDG6d+0m3XsP1qGWgWcl/aDt0k=
-77,-40,VMtQlf6fhkZv/z0BAaHr8tQ5ltA=,uXDG6d+0m3XsP1qGWgWcl/aDt0k=
-68,-36,VMtQlf6fhkZv/z0BAaHr8tQ5ltA=,uXDG6d+0m3XsP1qGWgWcl/aDt0k=
-77,-41,VMtQlf6fhkZv/z0BAaHr8tQ5ltA=,uXDG6d+0m3XsP1qGWgWcl/aDt0k=
-72,-46,VMtQlf6fhkZv/z0BAaHr8tQ5ltA=,uXDG6d+0m3XsP1qGWgWcl/aDt0k=
-73,-48,VMtQlf6fhkZv/z0BAaHr8tQ5ltA=,uXDG6d+0m3XsP1qGWgWcl/aDt0k=
-80,-43,VMtQlf6fhkZv/z0BAaHr8tQ5ltA=,uXDG6d+0m3XsP1qGWgWcl/aDt0k=
-73,-47,VMtQlf6fhkZv/z0BAaHr8tQ5ltA=,uXDG6d+0m3XsP1qGWgWcl/aDt0k=
-66,-44,VMtQlf6fhkZv/z0BAaHr8tQ5ltA=,uXDG6d+0m3XsP1qGWgWcl/aDt0k=
-68,-44,VMtQlf6fhkZv/z0BAaHr8tQ5ltA=,uXDG6d+0m3XsP1qGWgWcl/aDt0k=
-67,-44,VMtQlf6fhkZv/z0BAaHr8tQ5ltA=,uXDG6d+0m3XsP1qGWgWcl/aDt0k=
-69,-44,VMtQlf6fhkZv/z0BAaHr8tQ5ltA=,uXDG6d+0m3XsP1qGWgWcl/aDt0k=
-70,-44,VMtQlf6fhkZv/z0BAaHr8tQ5ltA=,uXDG6d+0m3XsP1qGWgWcl/aDt0k=
-71,-44,VMtQlf6fhkZv/z0BAaHr8tQ5ltA=,uXDG6d+0m3XsP1qGWgWcl/aDt0k=
-72,-44,VMtQlf6fhkZv/z0BAaHr8tQ5ltA=,uXDG6d+0m3XsP1qGWgWcl/aDt0k=
-73,-44,VMtQlf6fhkZv/z0BAaHr8tQ5ltA=,uXDG6d+0m3XsP1qGWgWcl/aDt0k=
-74,-44,VMtQlf6fhkZv/z0BAaHr8tQ5ltA=,uXDG6d+0m3XsP1qGWgWcl/aDt0k=
-75,-44,VMtQlf6fhkZv/z0BAaHr8tQ5ltA=,uXDG6d+0m3XsP1qGWgWcl/aDt0k=
-76,-44,VMtQlf6fhkZv/z0BAaHr8tQ5ltA=,uXDG6d+0m3XsP1qGWgWcl/aDt0k=
-79,-42,VMtQlf6fhkZv/z0BAaHr8tQ5ltA=,uXDG6d+0m3XsP1qGWgWcl/aDt0k=
-75,-40,VMtQlf6fhkZv/z0BAaHr8tQ5ltA=,uXDG6d+0m3XsP1qGWgWcl/aDt0k=
-69,-33,VMtQlf6fhkZv/z0BAaHr8tQ5ltA=,uXDG6d+0m3XsP1qGWgWcl/aDt0k=
-78,-42,VMtQlf6fhkZv/z0BAaHr8tQ5ltA=,uXDG6d+0m3XsP1qGWgWcl/aDt0k=
-77,-43,VMtQlf6fhkZv/z0BAaHr8tQ5ltA=,uXDG6d+0m3XsP1qGWgWcl/aDt0k=
-76,-40,VMtQlf6fhkZv/z0BAaHr8tQ5ltA=,uXDG6d+0m3XsP1qGWgWcl/aDt0k=
-77,-42,VMtQlf6fhkZv/z0BAaHr8tQ5ltA=,uXDG6d+0m3XsP1qGWgWcl/aDt0k=
-78,-44,VMtQlf6fhkZv/z0BAaHr8tQ5ltA=,uXDG6d+0m3XsP1qGWgWcl/aDt0k=
-71,-38,VMtQlf6fhkZv/z0BAaHr8tQ5ltA=,uXDG6d+0m3XsP1qGWgWcl/aDt0k=
-76,-41,VMtQlf6fhkZv/z0BAaHr8tQ5ltA=,uXDG6d+0m3XsP1qGWgWcl/aDt0k=
-69,-36,VMtQlf6fhkZv/z0BAaHr8tQ5ltA=,uXDG6d+0m3XsP1qGWgWcl/aDt0k=
-77,-44,VMtQlf6fhkZv/z0BAaHr8tQ5ltA=,uXDG6d+0m3XsP1qGWgWcl/aDt0k=
-67,-36,VMtQlf6fhkZv/z0BAaHr8tQ5ltA=,uXDG6d+0m3XsP1qGWgWcl/aDt0k=
-78,-43,VMtQlf6fhkZv/z0BAaHr8tQ5ltA=,uXDG6d+0m3XsP1qGWgWcl/aDt0k=
-79,-43,VMtQlf6fhkZv/z0BAaHr8tQ5ltA=,uXDG6d+0m3XsP1qGWgWcl/aDt0k=
-65,-44,VMtQlf6fhkZv/z0BAaHr8tQ5ltA=,uXDG6d+0m3XsP1qGWgWcl/aDt0k=
-73,-61,i1veYPFDwuhLLlM0jCOZUhSu7DE=,3mU8FdDmbGt4+nKFshUTaIw/DPM=
-74,-61,i1veYPFDwuhLLlM0jCOZUhSu7DE=,3mU8FdDmbGt4+nKFshUTaIw/DPM=
-75,-64,r9TEgVYPetZSGXbPi5Dg2CNQIc8=,3mU8FdDmbGt4+nKFshUTaIw/DPM=
-74,-62,r9TEgVYPetZSGXbPi5Dg2CNQIc8=,3mU8FdDmbGt4+nKFshUTaIw/DPM=
-75,-62,r9TEgVYPetZSGXbPi5Dg2CNQIc8=,3mU8FdDmbGt4+nKFshUTaIw/DPM=
-77,-64,r9TEgVYPetZSGXbPi5Dg2CNQIc8=,3mU8FdDmbGt4+nKFshUTaIw/DPM=
-75,-61,r9TEgVYPetZSGXbPi5Dg2CNQIc8=,3mU8FdDmbGt4+nKFshUTaIw/DPM=
-76,-61,r9TEgVYPetZSGXbPi5Dg2CNQIc8=,3mU8FdDmbGt4+nKFshUTaIw/DPM=
-77,-61,r9TEgVYPetZSGXbPi5Dg2CNQIc8=,3mU8FdDmbGt4+nKFshUTaIw/DPM=
-75,-63,r9TEgVYPetZSGXbPi5Dg2CNQIc8=,3mU8FdDmbGt4+nKFshUTaIw/DPM=
-76,-63,r9TEgVYPetZSGXbPi5Dg2CNQIc8=,3mU8FdDmbGt4+nKFshUTaIw/DPM=
-79,-64,r9TEgVYPetZSGXbPi5Dg2CNQIc8=,3mU8FdDmbGt4+nKFshUTaIw/DPM=
-78,-61,r9TEgVYPetZSGXbPi5Dg2CNQIc8=,3mU8FdDmbGt4+nKFshUTaIw/DPM=
-76,-62,r9TEgVYPetZSGXbPi5Dg2CNQIc8=,3mU8FdDmbGt4+nKFshUTaIw/DPM=
-76,-64,r9TEgVYPetZSGXbPi5Dg2CNQIc8=,3mU8FdDmbGt4+nKFshUTaIw/DPM=
-79,-61,r9TEgVYPetZSGXbPi5Dg2CNQIc8=,3mU8FdDmbGt4+nKFshUTaIw/DPM=
-77,-62,r9TEgVYPetZSGXbPi5Dg2CNQIc8=,3mU8FdDmbGt4+nKFshUTaIw/DPM=
-66,-50,r9TEgVYPetZSGXbPi5Dg2CNQIc8=,3mU8FdDmbGt4+nKFshUTaIw/DPM=
-67,-50,r9TEgVYPetZSGXbPi5Dg2CNQIc8=,3mU8FdDmbGt4+nKFshUTaIw/DPM=
-68,-50,r9TEgVYPetZSGXbPi5Dg2CNQIc8=,3mU8FdDmbGt4+nKFshUTaIw/DPM=
-69,-50,r9TEgVYPetZSGXbPi5Dg2CNQIc8=,3mU8FdDmbGt4+nKFshUTaIw/DPM=
-70,-50,r9TEgVYPetZSGXbPi5Dg2CNQIc8=,3mU8FdDmbGt4+nKFshUTaIw/DPM=
-71,-50,r9TEgVYPetZSGXbPi5Dg2CNQIc8=,3mU8FdDmbGt4+nKFshUTaIw/DPM=
-72,-50,r9TEgVYPetZSGXbPi5Dg2CNQIc8=,3mU8FdDmbGt4+nKFshUTaIw/DPM=
-73,-50,r9TEgVYPetZSGXbPi5Dg2CNQIc8=,3mU8FdDmbGt4+nKFshUTaIw/DPM=
-74,-50,r9TEgVYPetZSGXbPi5Dg2CNQIc8=,3mU8FdDmbGt4+nKFshUTaIw/DPM=
-76,-50,r9TEgVYPetZSGXbPi5Dg2CNQIc8=,3mU8FdDmbGt4+nKFshUTaIw/DPM=
-79,-50,r9TEgVYPetZSGXbPi5Dg2CNQIc8=,3mU8FdDmbGt4+nKFshUTaIw/DPM=
-77,-63,r9TEgVYPetZSGXbPi5Dg2CNQIc8=,3mU8FdDmbGt4+nKFshUTaIw/DPM=
-78,-62,r9TEgVYPetZSGXbPi5Dg2CNQIc8=,3mU8FdDmbGt4+nKFshUTaIw/DPM=
-66,-51,r9TEgVYPetZSGXbPi5Dg2CNQIc8=,3mU8FdDmbGt4+nKFshUTaIw/DPM=
-68,-51,r9TEgVYPetZSGXbPi5Dg2CNQIc8=,3mU8FdDmbGt4+nKFshUTaIw/DPM=
-67,-51,r9TEgVYPetZSGXbPi5Dg2CNQIc8=,3mU8FdDmbGt4+nKFshUTaIw/DPM=
-69,-51,r9TEgVYPetZSGXbPi5Dg2CNQIc8=,3mU8FdDmbGt4+nKFshUTaIw/DPM=
-71,-51,r9TEgVYPetZSGXbPi5Dg2CNQIc8=,3mU8FdDmbGt4+nKFshUTaIw/DPM=
-72,-51,r9TEgVYPetZSGXbPi5Dg2CNQIc8=,3mU8FdDmbGt4+nKFshUTaIw/DPM=
-73,-51,r9TEgVYPetZSGXbPi5Dg2CNQIc8=,3mU8FdDmbGt4+nKFshUTaIw/DPM=
-74,-51,r9TEgVYPetZSGXbPi5Dg2CNQIc8=,3mU8FdDmbGt4+nKFshUTaIw/DPM=
-75,-51,r9TEgVYPetZSGXbPi5Dg2CNQIc8=,3mU8FdDmbGt4+nKFshUTaIw/DPM=
-79,-51,r9TEgVYPetZSGXbPi5Dg2CNQIc8=,3mU8FdDmbGt4+nKFshUTaIw/DPM=
-70,-51,r9TEgVYPetZSGXbPi5Dg2CNQIc8=,3mU8FdDmbGt4+nKFshUTaIw/DPM=
-78,-63,r9TEgVYPetZSGXbPi5Dg2CNQIc8=,3mU8FdDmbGt4+nKFshUTaIw/DPM=
-79,-62,r9TEgVYPetZSGXbPi5Dg2CNQIc8=,3mU8FdDmbGt4+nKFshUTaIw/DPM=
-66,-52,r9TEgVYPetZSGXbPi5Dg2CNQIc8=,3mU8FdDmbGt4+nKFshUTaIw/DPM=
-67,-52,r9TEgVYPetZSGXbPi5Dg2CNQIc8=,3mU8FdDmbGt4+nKFshUTaIw/DPM=
-68,-52,r9TEgVYPetZSGXbPi5Dg2CNQIc8=,3mU8FdDmbGt4+nKFshUTaIw/DPM=
-69,-52,r9TEgVYPetZSGXbPi5Dg2CNQIc8=,3mU8FdDmbGt4+nKFshUTaIw/DPM=
-71,-52,r9TEgVYPetZSGXbPi5Dg2CNQIc8=,3mU8FdDmbGt4+nKFshUTaIw/DPM=
-70,-52,r9TEgVYPetZSGXbPi5Dg2CNQIc8=,3mU8FdDmbGt4+nKFshUTaIw/DPM=
-73,-52,r9TEgVYPetZSGXbPi5Dg2CNQIc8=,3mU8FdDmbGt4+nKFshUTaIw/DPM=
-72,-52,r9TEgVYPetZSGXbPi5Dg2CNQIc8=,3mU8FdDmbGt4+nKFshUTaIw/DPM=
-74,-52,r9TEgVYPetZSGXbPi5Dg2CNQIc8=,3mU8FdDmbGt4+nKFshUTaIw/DPM=
-75,-52,r9TEgVYPetZSGXbPi5Dg2CNQIc8=,3mU8FdDmbGt4+nKFshUTaIw/DPM=
-77,-52,r9TEgVYPetZSGXbPi5Dg2CNQIc8=,3mU8FdDmbGt4+nKFshUTaIw/DPM=
-79,-63,r9TEgVYPetZSGXbPi5Dg2CNQIc8=,3mU8FdDmbGt4+nKFshUTaIw/DPM=
-78,-64,r9TEgVYPetZSGXbPi5Dg2CNQIc8=,3mU8FdDmbGt4+nKFshUTaIw/DPM=
-66,-64,r9TEgVYPetZSGXbPi5Dg2CNQIc8=,3mU8FdDmbGt4+nKFshUTaIw/DPM=
-67,-53,r9TEgVYPetZSGXbPi5Dg2CNQIc8=,3mU8FdDmbGt4+nKFshUTaIw/DPM=
-66,-63,r9TEgVYPetZSGXbPi5Dg2CNQIc8=,3mU8FdDmbGt4+nKFshUTaIw/DPM=
-68,-53,r9TEgVYPetZSGXbPi5Dg2CNQIc8=,3mU8FdDmbGt4+nKFshUTaIw/DPM=
-69,-53,r9TEgVYPetZSGXbPi5Dg2CNQIc8=,3mU8FdDmbGt4+nKFshUTaIw/DPM=
-71,-53,r9TEgVYPetZSGXbPi5Dg2CNQIc8=,3mU8FdDmbGt4+nKFshUTaIw/DPM=
-70,-53,r9TEgVYPetZSGXbPi5Dg2CNQIc8=,3mU8FdDmbGt4+nKFshUTaIw/DPM=
-72,-53,r9TEgVYPetZSGXbPi5Dg2CNQIc8=,3mU8FdDmbGt4+nKFshUTaIw/DPM=
-66,-53,r9TEgVYPetZSGXbPi5Dg2CNQIc8=,3mU8FdDmbGt4+nKFshUTaIw/DPM=
-73,-53,r9TEgVYPetZSGXbPi5Dg2CNQIc8=,3mU8FdDmbGt4+nKFshUTaIw/DPM=
-74,-53,r9TEgVYPetZSGXbPi5Dg2CNQIc8=,3mU8FdDmbGt4+nKFshUTaIw/DPM=
-75,-53,r9TEgVYPetZSGXbPi5Dg2CNQIc8=,3mU8FdDmbGt4+nKFshUTaIw/DPM=
-77,-53,r9TEgVYPetZSGXbPi5Dg2CNQIc8=,3mU8FdDmbGt4+nKFshUTaIw/DPM=
-76,-53,r9TEgVYPetZSGXbPi5Dg2CNQIc8=,3mU8FdDmbGt4+nKFshUTaIw/DPM=
-79,-49,r9TEgVYPetZSGXbPi5Dg2CNQIc8=,3mU8FdDmbGt4+nKFshUTaIw/DPM=
-76,-49,r9TEgVYPetZSGXbPi5Dg2CNQIc8=,3mU8FdDmbGt4+nKFshUTaIw/DPM=
-75,-49,r9TEgVYPetZSGXbPi5Dg2CNQIc8=,3mU8FdDmbGt4+nKFshUTaIw/DPM=
-73,-49,r9TEgVYPetZSGXbPi5Dg2CNQIc8=,3mU8FdDmbGt4+nKFshUTaIw/DPM=
-74,-49,r9TEgVYPetZSGXbPi5Dg2CNQIc8=,3mU8FdDmbGt4+nKFshUTaIw/DPM=
-72,-49,r9TEgVYPetZSGXbPi5Dg2CNQIc8=,3mU8FdDmbGt4+nKFshUTaIw/DPM=
-71,-49,r9TEgVYPetZSGXbPi5Dg2CNQIc8=,3mU8FdDmbGt4+nKFshUTaIw/DPM=
-70,-49,r9TEgVYPetZSGXbPi5Dg2CNQIc8=,3mU8FdDmbGt4+nKFshUTaIw/DPM=
-69,-49,r9TEgVYPetZSGXbPi5Dg2CNQIc8=,3mU8FdDmbGt4+nKFshUTaIw/DPM=
-67,-49,r9TEgVYPetZSGXbPi5Dg2CNQIc8=,3mU8FdDmbGt4+nKFshUTaIw/DPM=
-68,-49,r9TEgVYPetZSGXbPi5Dg2CNQIc8=,3mU8FdDmbGt4+nKFshUTaIw/DPM=
-66,-49,r9TEgVYPetZSGXbPi5Dg2CNQIc8=,3mU8FdDmbGt4+nKFshUTaIw/DPM=
-67,-64,r9TEgVYPetZSGXbPi5Dg2CNQIc8=,3mU8FdDmbGt4+nKFshUTaIw/DPM=
-66,-62,r9TEgVYPetZSGXbPi5Dg2CNQIc8=,3mU8FdDmbGt4+nKFshUTaIw/DPM=
-78,-53,r9TEgVYPetZSGXbPi5Dg2CNQIc8=,3mU8FdDmbGt4+nKFshUTaIw/DPM=
-67,-63,r9TEgVYPetZSGXbPi5Dg2CNQIc8=,3mU8FdDmbGt4+nKFshUTaIw/DPM=
-66,-54,r9TEgVYPetZSGXbPi5Dg2CNQIc8=,3mU8FdDmbGt4+nKFshUTaIw/DPM=
-67,-54,r9TEgVYPetZSGXbPi5Dg2CNQIc8=,3mU8FdDmbGt4+nKFshUTaIw/DPM=
-68,-54,r9TEgVYPetZSGXbPi5Dg2CNQIc8=,3mU8FdDmbGt4+nKFshUTaIw/DPM=
-69,-54,r9TEgVYPetZSGXbPi5Dg2CNQIc8=,3mU8FdDmbGt4+nKFshUTaIw/DPM=
-71,-54,r9TEgVYPetZSGXbPi5Dg2CNQIc8=,3mU8FdDmbGt4+nKFshUTaIw/DPM=
-70,-54,r9TEgVYPetZSGXbPi5Dg2CNQIc8=,3mU8FdDmbGt4+nKFshUTaIw/DPM=
-72,-54,r9TEgVYPetZSGXbPi5Dg2CNQIc8=,3mU8FdDmbGt4+nKFshUTaIw/DPM=
-73,-54,r9TEgVYPetZSGXbPi5Dg2CNQIc8=,3mU8FdDmbGt4+nKFshUTaIw/DPM=
-74,-54,r9TEgVYPetZSGXbPi5Dg2CNQIc8=,3mU8FdDmbGt4+nKFshUTaIw/DPM=
-75,-54,r9TEgVYPetZSGXbPi5Dg2CNQIc8=,3mU8FdDmbGt4+nKFshUTaIw/DPM=
-76,-54,r9TEgVYPetZSGXbPi5Dg2CNQIc8=,3mU8FdDmbGt4+nKFshUTaIw/DPM=
-77,-54,r9TEgVYPetZSGXbPi5Dg2CNQIc8=,3mU8FdDmbGt4+nKFshUTaIw/DPM=
-78,-54,r9TEgVYPetZSGXbPi5Dg2CNQIc8=,3mU8FdDmbGt4+nKFshUTaIw/DPM=
-79,-54,r9TEgVYPetZSGXbPi5Dg2CNQIc8=,3mU8FdDmbGt4+nKFshUTaIw/DPM=
-68,-64,r9TEgVYPetZSGXbPi5Dg2CNQIc8=,3mU8FdDmbGt4+nKFshUTaIw/DPM=
-68,-63,r9TEgVYPetZSGXbPi5Dg2CNQIc8=,3mU8FdDmbGt4+nKFshUTaIw/DPM=
-66,-55,r9TEgVYPetZSGXbPi5Dg2CNQIc8=,3mU8FdDmbGt4+nKFshUTaIw/DPM=
-67,-55,r9TEgVYPetZSGXbPi5Dg2CNQIc8=,3mU8FdDmbGt4+nKFshUTaIw/DPM=
-68,-55,r9TEgVYPetZSGXbPi5Dg2CNQIc8=,3mU8FdDmbGt4+nKFshUTaIw/DPM=
-67,-62,r9TEgVYPetZSGXbPi5Dg2CNQIc8=,3mU8FdDmbGt4+nKFshUTaIw/DPM=
-69,-55,r9TEgVYPetZSGXbPi5Dg2CNQIc8=,3mU8FdDmbGt4+nKFshUTaIw/DPM=
-71,-55,r9TEgVYPetZSGXbPi5Dg2CNQIc8=,3mU8FdDmbGt4+nKFshUTaIw/DPM=
-70,-55,r9TEgVYPetZSGXbPi5Dg2CNQIc8=,3mU8FdDmbGt4+nKFshUTaIw/DPM=
-72,-55,r9TEgVYPetZSGXbPi5Dg2CNQIc8=,3mU8FdDmbGt4+nKFshUTaIw/DPM=
-73,-55,r9TEgVYPetZSGXbPi5Dg2CNQIc8=,3mU8FdDmbGt4+nKFshUTaIw/DPM=
-74,-55,r9TEgVYPetZSGXbPi5Dg2CNQIc8=,3mU8FdDmbGt4+nKFshUTaIw/DPM=
-75,-55,r9TEgVYPetZSGXbPi5Dg2CNQIc8=,3mU8FdDmbGt4+nKFshUTaIw/DPM=
-76,-55,r9TEgVYPetZSGXbPi5Dg2CNQIc8=,3mU8FdDmbGt4+nKFshUTaIw/DPM=
-77,-55,r9TEgVYPetZSGXbPi5Dg2CNQIc8=,3mU8FdDmbGt4+nKFshUTaIw/DPM=
-69,-64,r9TEgVYPetZSGXbPi5Dg2CNQIc8=,3mU8FdDmbGt4+nKFshUTaIw/DPM=
-68,-62,r9TEgVYPetZSGXbPi5Dg2CNQIc8=,3mU8FdDmbGt4+nKFshUTaIw/DPM=
-69,-63,r9TEgVYPetZSGXbPi5Dg2CNQIc8=,3mU8FdDmbGt4+nKFshUTaIw/DPM=
-78,-55,r9TEgVYPetZSGXbPi5Dg2CNQIc8=,3mU8FdDmbGt4+nKFshUTaIw/DPM=
-66,-56,r9TEgVYPetZSGXbPi5Dg2CNQIc8=,3mU8FdDmbGt4+nKFshUTaIw/DPM=
-67,-56,r9TEgVYPetZSGXbPi5Dg2CNQIc8=,3mU8FdDmbGt4+nKFshUTaIw/DPM=
-68,-56,r9TEgVYPetZSGXbPi5Dg2CNQIc8=,3mU8FdDmbGt4+nKFshUTaIw/DPM=
-69,-56,r9TEgVYPetZSGXbPi5Dg2CNQIc8=,3mU8FdDmbGt4+nKFshUTaIw/DPM=
-70,-56,r9TEgVYPetZSGXbPi5Dg2CNQIc8=,3mU8FdDmbGt4+nKFshUTaIw/DPM=
-71,-56,r9TEgVYPetZSGXbPi5Dg2CNQIc8=,3mU8FdDmbGt4+nKFshUTaIw/DPM=
-72,-56,r9TEgVYPetZSGXbPi5Dg2CNQIc8=,3mU8FdDmbGt4+nKFshUTaIw/DPM=
-74,-56,r9TEgVYPetZSGXbPi5Dg2CNQIc8=,3mU8FdDmbGt4+nKFshUTaIw/DPM=
-73,-56,r9TEgVYPetZSGXbPi5Dg2CNQIc8=,3mU8FdDmbGt4+nKFshUTaIw/DPM=
-76,-56,r9TEgVYPetZSGXbPi5Dg2CNQIc8=,3mU8FdDmbGt4+nKFshUTaIw/DPM=
-75,-56,r9TEgVYPetZSGXbPi5Dg2CNQIc8=,3mU8FdDmbGt4+nKFshUTaIw/DPM=
-77,-56,r9TEgVYPetZSGXbPi5Dg2CNQIc8=,3mU8FdDmbGt4+nKFshUTaIw/DPM=
-78,-56,r9TEgVYPetZSGXbPi5Dg2CNQIc8=,3mU8FdDmbGt4+nKFshUTaIw/DPM=
-79,-56,r9TEgVYPetZSGXbPi5Dg2CNQIc8=,3mU8FdDmbGt4+nKFshUTaIw/DPM=
-69,-62,r9TEgVYPetZSGXbPi5Dg2CNQIc8=,3mU8FdDmbGt4+nKFshUTaIw/DPM=
-70,-63,r9TEgVYPetZSGXbPi5Dg2CNQIc8=,3mU8FdDmbGt4+nKFshUTaIw/DPM=
-70,-64,r9TEgVYPetZSGXbPi5Dg2CNQIc8=,3mU8FdDmbGt4+nKFshUTaIw/DPM=
-66,-57,r9TEgVYPetZSGXbPi5Dg2CNQIc8=,3mU8FdDmbGt4+nKFshUTaIw/DPM=
-67,-57,r9TEgVYPetZSGXbPi5Dg2CNQIc8=,3mU8FdDmbGt4+nKFshUTaIw/DPM=
-68,-57,r9TEgVYPetZSGXbPi5Dg2CNQIc8=,3mU8FdDmbGt4+nKFshUTaIw/DPM=
-69,-57,r9TEgVYPetZSGXbPi5Dg2CNQIc8=,3mU8FdDmbGt4+nKFshUTaIw/DPM=
-70,-57,r9TEgVYPetZSGXbPi5Dg2CNQIc8=,3mU8FdDmbGt4+nKFshUTaIw/DPM=
-71,-57,r9TEgVYPetZSGXbPi5Dg2CNQIc8=,3mU8FdDmbGt4+nKFshUTaIw/DPM=
-72,-57,r9TEgVYPetZSGXbPi5Dg2CNQIc8=,3mU8FdDmbGt4+nKFshUTaIw/DPM=
-74,-57,r9TEgVYPetZSGXbPi5Dg2CNQIc8=,3mU8FdDmbGt4+nKFshUTaIw/DPM=
-73,-57,r9TEgVYPetZSGXbPi5Dg2CNQIc8=,3mU8FdDmbGt4+nKFshUTaIw/DPM=
-75,-57,r9TEgVYPetZSGXbPi5Dg2CNQIc8=,3mU8FdDmbGt4+nKFshUTaIw/DPM=
-76,-57,r9TEgVYPetZSGXbPi5Dg2CNQIc8=,3mU8FdDmbGt4+nKFshUTaIw/DPM=
-77,-57,r9TEgVYPetZSGXbPi5Dg2CNQIc8=,3mU8FdDmbGt4+nKFshUTaIw/DPM=
-78,-57,r9TEgVYPetZSGXbPi5Dg2CNQIc8=,3mU8FdDmbGt4+nKFshUTaIw/DPM=
-79,-57,r9TEgVYPetZSGXbPi5Dg2CNQIc8=,3mU8FdDmbGt4+nKFshUTaIw/DPM=
-70,-62,r9TEgVYPetZSGXbPi5Dg2CNQIc8=,3mU8FdDmbGt4+nKFshUTaIw/DPM=
-71,-63,r9TEgVYPetZSGXbPi5Dg2CNQIc8=,3mU8FdDmbGt4+nKFshUTaIw/DPM=
-66,-58,r9TEgVYPetZSGXbPi5Dg2CNQIc8=,3mU8FdDmbGt4+nKFshUTaIw/DPM=
-67,-58,r9TEgVYPetZSGXbPi5Dg2CNQIc8=,3mU8FdDmbGt4+nKFshUTaIw/DPM=
-71,-64,r9TEgVYPetZSGXbPi5Dg2CNQIc8=,3mU8FdDmbGt4+nKFshUTaIw/DPM=
-69,-58,r9TEgVYPetZSGXbPi5Dg2CNQIc8=,3mU8FdDmbGt4+nKFshUTaIw/DPM=
-68,-58,r9TEgVYPetZSGXbPi5Dg2CNQIc8=,3mU8FdDmbGt4+nKFshUTaIw/DPM=
-71,-58,r9TEgVYPetZSGXbPi5Dg2CNQIc8=,3mU8FdDmbGt4+nKFshUTaIw/DPM=
-70,-58,r9TEgVYPetZSGXbPi5Dg2CNQIc8=,3mU8FdDmbGt4+nKFshUTaIw/DPM=
-72,-58,r9TEgVYPetZSGXbPi5Dg2CNQIc8=,3mU8FdDmbGt4+nKFshUTaIw/DPM=
-73,-58,r9TEgVYPetZSGXbPi5Dg2CNQIc8=,3mU8FdDmbGt4+nKFshUTaIw/DPM=
-74,-58,r9TEgVYPetZSGXbPi5Dg2CNQIc8=,3mU8FdDmbGt4+nKFshUTaIw/DPM=
-76,-58,r9TEgVYPetZSGXbPi5Dg2CNQIc8=,3mU8FdDmbGt4+nKFshUTaIw/DPM=
-77,-58,r9TEgVYPetZSGXbPi5Dg2CNQIc8=,3mU8FdDmbGt4+nKFshUTaIw/DPM=
-78,-58,r9TEgVYPetZSGXbPi5Dg2CNQIc8=,3mU8FdDmbGt4+nKFshUTaIw/DPM=
-75,-58,r9TEgVYPetZSGXbPi5Dg2CNQIc8=,3mU8FdDmbGt4+nKFshUTaIw/DPM=
-79,-58,r9TEgVYPetZSGXbPi5Dg2CNQIc8=,3mU8FdDmbGt4+nKFshUTaIw/DPM=
-72,-64,r9TEgVYPetZSGXbPi5Dg2CNQIc8=,3mU8FdDmbGt4+nKFshUTaIw/DPM=
-71,-62,r9TEgVYPetZSGXbPi5Dg2CNQIc8=,3mU8FdDmbGt4+nKFshUTaIw/DPM=
-72,-63,r9TEgVYPetZSGXbPi5Dg2CNQIc8=,3mU8FdDmbGt4+nKFshUTaIw/DPM=
-67,-59,r9TEgVYPetZSGXbPi5Dg2CNQIc8=,3mU8FdDmbGt4+nKFshUTaIw/DPM=
-66,-59,r9TEgVYPetZSGXbPi5Dg2CNQIc8=,3mU8FdDmbGt4+nKFshUTaIw/DPM=
-68,-59,r9TEgVYPetZSGXbPi5Dg2CNQIc8=,3mU8FdDmbGt4+nKFshUTaIw/DPM=
-69,-59,r9TEgVYPetZSGXbPi5Dg2CNQIc8=,3mU8FdDmbGt4+nKFshUTaIw/DPM=
-70,-59,r9TEgVYPetZSGXbPi5Dg2CNQIc8=,3mU8FdDmbGt4+nKFshUTaIw/DPM=
-71,-59,r9TEgVYPetZSGXbPi5Dg2CNQIc8=,3mU8FdDmbGt4+nKFshUTaIw/DPM=
-72,-59,r9TEgVYPetZSGXbPi5Dg2CNQIc8=,3mU8FdDmbGt4+nKFshUTaIw/DPM=
-73,-59,r9TEgVYPetZSGXbPi5Dg2CNQIc8=,3mU8FdDmbGt4+nKFshUTaIw/DPM=
-74,-59,r9TEgVYPetZSGXbPi5Dg2CNQIc8=,3mU8FdDmbGt4+nKFshUTaIw/DPM=
-75,-59,r9TEgVYPetZSGXbPi5Dg2CNQIc8=,3mU8FdDmbGt4+nKFshUTaIw/DPM=
-76,-59,r9TEgVYPetZSGXbPi5Dg2CNQIc8=,3mU8FdDmbGt4+nKFshUTaIw/DPM=
-77,-59,r9TEgVYPetZSGXbPi5Dg2CNQIc8=,3mU8FdDmbGt4+nKFshUTaIw/DPM=
-78,-59,r9TEgVYPetZSGXbPi5Dg2CNQIc8=,3mU8FdDmbGt4+nKFshUTaIw/DPM=
-73,-64,r9TEgVYPetZSGXbPi5Dg2CNQIc8=,3mU8FdDmbGt4+nKFshUTaIw/DPM=
-79,-59,r9TEgVYPetZSGXbPi5Dg2CNQIc8=,3mU8FdDmbGt4+nKFshUTaIw/DPM=
-72,-62,r9TEgVYPetZSGXbPi5Dg2CNQIc8=,3mU8FdDmbGt4+nKFshUTaIw/DPM=
-73,-63,r9TEgVYPetZSGXbPi5Dg2CNQIc8=,3mU8FdDmbGt4+nKFshUTaIw/DPM=
-66,-60,r9TEgVYPetZSGXbPi5Dg2CNQIc8=,3mU8FdDmbGt4+nKFshUTaIw/DPM=
-67,-60,r9TEgVYPetZSGXbPi5Dg2CNQIc8=,3mU8FdDmbGt4+nKFshUTaIw/DPM=
-69,-60,r9TEgVYPetZSGXbPi5Dg2CNQIc8=,3mU8FdDmbGt4+nKFshUTaIw/DPM=
-68,-60,r9TEgVYPetZSGXbPi5Dg2CNQIc8=,3mU8FdDmbGt4+nKFshUTaIw/DPM=
-70,-60,r9TEgVYPetZSGXbPi5Dg2CNQIc8=,3mU8FdDmbGt4+nKFshUTaIw/DPM=
-71,-60,r9TEgVYPetZSGXbPi5Dg2CNQIc8=,3mU8FdDmbGt4+nKFshUTaIw/DPM=
-72,-60,r9TEgVYPetZSGXbPi5Dg2CNQIc8=,3mU8FdDmbGt4+nKFshUTaIw/DPM=
-73,-60,r9TEgVYPetZSGXbPi5Dg2CNQIc8=,3mU8FdDmbGt4+nKFshUTaIw/DPM=
-75,-60,r9TEgVYPetZSGXbPi5Dg2CNQIc8=,3mU8FdDmbGt4+nKFshUTaIw/DPM=
-74,-60,r9TEgVYPetZSGXbPi5Dg2CNQIc8=,3mU8FdDmbGt4+nKFshUTaIw/DPM=
-76,-60,r9TEgVYPetZSGXbPi5Dg2CNQIc8=,3mU8FdDmbGt4+nKFshUTaIw/DPM=
-77,-60,r9TEgVYPetZSGXbPi5Dg2CNQIc8=,3mU8FdDmbGt4+nKFshUTaIw/DPM=
-78,-60,r9TEgVYPetZSGXbPi5Dg2CNQIc8=,3mU8FdDmbGt4+nKFshUTaIw/DPM=
-79,-60,r9TEgVYPetZSGXbPi5Dg2CNQIc8=,3mU8FdDmbGt4+nKFshUTaIw/DPM=
-80,-60,r9TEgVYPetZSGXbPi5Dg2CNQIc8=,3mU8FdDmbGt4+nKFshUTaIw/DPM=
-80,-59,r9TEgVYPetZSGXbPi5Dg2CNQIc8=,3mU8FdDmbGt4+nKFshUTaIw/DPM=
-74,-64,r9TEgVYPetZSGXbPi5Dg2CNQIc8=,3mU8FdDmbGt4+nKFshUTaIw/DPM=
-80,-57,r9TEgVYPetZSGXbPi5Dg2CNQIc8=,3mU8FdDmbGt4+nKFshUTaIw/DPM=
-80,-58,r9TEgVYPetZSGXbPi5Dg2CNQIc8=,3mU8FdDmbGt4+nKFshUTaIw/DPM=
-80,-62,r9TEgVYPetZSGXbPi5Dg2CNQIc8=,3mU8FdDmbGt4+nKFshUTaIw/DPM=
-80,-61,r9TEgVYPetZSGXbPi5Dg2CNQIc8=,3mU8FdDmbGt4+nKFshUTaIw/DPM=
-80,-63,r9TEgVYPetZSGXbPi5Dg2CNQIc8=,3mU8FdDmbGt4+nKFshUTaIw/DPM=
-80,-52,r9TEgVYPetZSGXbPi5Dg2CNQIc8=,3mU8FdDmbGt4+nKFshUTaIw/DPM=
-73,-62,r9TEgVYPetZSGXbPi5Dg2CNQIc8=,3mU8FdDmbGt4+nKFshUTaIw/DPM=
-80,-50,r9TEgVYPetZSGXbPi5Dg2CNQIc8=,3mU8FdDmbGt4+nKFshUTaIw/DPM=
-74,-63,r9TEgVYPetZSGXbPi5Dg2CNQIc8=,3mU8FdDmbGt4+nKFshUTaIw/DPM=
-80,-49,r9TEgVYPetZSGXbPi5Dg2CNQIc8=,3mU8FdDmbGt4+nKFshUTaIw/DPM=
-66,-61,r9TEgVYPetZSGXbPi5Dg2CNQIc8=,3mU8FdDmbGt4+nKFshUTaIw/DPM=
-67,-61,r9TEgVYPetZSGXbPi5Dg2CNQIc8=,3mU8FdDmbGt4+nKFshUTaIw/DPM=
-69,-61,r9TEgVYPetZSGXbPi5Dg2CNQIc8=,3mU8FdDmbGt4+nKFshUTaIw/DPM=
-68,-61,r9TEgVYPetZSGXbPi5Dg2CNQIc8=,3mU8FdDmbGt4+nKFshUTaIw/DPM=
-70,-61,r9TEgVYPetZSGXbPi5Dg2CNQIc8=,3mU8FdDmbGt4+nKFshUTaIw/DPM=
-71,-61,r9TEgVYPetZSGXbPi5Dg2CNQIc8=,3mU8FdDmbGt4+nKFshUTaIw/DPM=
-72,-61,r9TEgVYPetZSGXbPi5Dg2CNQIc8=,3mU8FdDmbGt4+nKFshUTaIw/DPM=
-75,-50,r9TEgVYPetZSGXbPi5Dg2CNQIc8=,3mU8FdDmbGt4+nKFshUTaIw/DPM=
-78,-51,r9TEgVYPetZSGXbPi5Dg2CNQIc8=,3mU8FdDmbGt4+nKFshUTaIw/DPM=
-77,-49,r9TEgVYPetZSGXbPi5Dg2CNQIc8=,3mU8FdDmbGt4+nKFshUTaIw/DPM=
-78,-50,r9TEgVYPetZSGXbPi5Dg2CNQIc8=,3mU8FdDmbGt4+nKFshUTaIw/DPM=
-76,-51,r9TEgVYPetZSGXbPi5Dg2CNQIc8=,3mU8FdDmbGt4+nKFshUTaIw/DPM=
-80,-56,r9TEgVYPetZSGXbPi5Dg2CNQIc8=,3mU8FdDmbGt4+nKFshUTaIw/DPM=
-76,-52,r9TEgVYPetZSGXbPi5Dg2CNQIc8=,3mU8FdDmbGt4+nKFshUTaIw/DPM=
-80,-55,r9TEgVYPetZSGXbPi5Dg2CNQIc8=,3mU8FdDmbGt4+nKFshUTaIw/DPM=
-77,-51,r9TEgVYPetZSGXbPi5Dg2CNQIc8=,3mU8FdDmbGt4+nKFshUTaIw/DPM=
-77,-50,r9TEgVYPetZSGXbPi5Dg2CNQIc8=,3mU8FdDmbGt4+nKFshUTaIw/DPM=
-79,-55,r9TEgVYPetZSGXbPi5Dg2CNQIc8=,3mU8FdDmbGt4+nKFshUTaIw/DPM=
-80,-51,r9TEgVYPetZSGXbPi5Dg2CNQIc8=,3mU8FdDmbGt4+nKFshUTaIw/DPM=
-78,-49,r9TEgVYPetZSGXbPi5Dg2CNQIc8=,3mU8FdDmbGt4+nKFshUTaIw/DPM=
-80,-54,r9TEgVYPetZSGXbPi5Dg2CNQIc8=,3mU8FdDmbGt4+nKFshUTaIw/DPM=
-79,-53,r9TEgVYPetZSGXbPi5Dg2CNQIc8=,3mU8FdDmbGt4+nKFshUTaIw/DPM=
-79,-52,r9TEgVYPetZSGXbPi5Dg2CNQIc8=,3mU8FdDmbGt4+nKFshUTaIw/DPM=
-78,-52,r9TEgVYPetZSGXbPi5Dg2CNQIc8=,3mU8FdDmbGt4+nKFshUTaIw/DPM=
-65,-60,r9TEgVYPetZSGXbPi5Dg2CNQIc8=,3mU8FdDmbGt4+nKFshUTaIw/DPM=
-65,-61,r9TEgVYPetZSGXbPi5Dg2CNQIc8=,3mU8FdDmbGt4+nKFshUTaIw/DPM=
-65,-59,r9TEgVYPetZSGXbPi5Dg2CNQIc8=,3mU8FdDmbGt4+nKFshUTaIw/DPM=
-65,-58,r9TEgVYPetZSGXbPi5Dg2CNQIc8=,3mU8FdDmbGt4+nKFshUTaIw/DPM=
-65,-57,r9TEgVYPetZSGXbPi5Dg2CNQIc8=,3mU8FdDmbGt4+nKFshUTaIw/DPM=
-65,-56,r9TEgVYPetZSGXbPi5Dg2CNQIc8=,3mU8FdDmbGt4+nKFshUTaIw/DPM=
-65,-55,r9TEgVYPetZSGXbPi5Dg2CNQIc8=,3mU8FdDmbGt4+nKFshUTaIw/DPM=
-65,-54,r9TEgVYPetZSGXbPi5Dg2CNQIc8=,3mU8FdDmbGt4+nKFshUTaIw/DPM=
-65,-53,r9TEgVYPetZSGXbPi5Dg2CNQIc8=,3mU8FdDmbGt4+nKFshUTaIw/DPM=
-65,-63,r9TEgVYPetZSGXbPi5Dg2CNQIc8=,3mU8FdDmbGt4+nKFshUTaIw/DPM=
-65,-62,r9TEgVYPetZSGXbPi5Dg2CNQIc8=,3mU8FdDmbGt4+nKFshUTaIw/DPM=
-65,-52,r9TEgVYPetZSGXbPi5Dg2CNQIc8=,3mU8FdDmbGt4+nKFshUTaIw/DPM=
-65,-50,r9TEgVYPetZSGXbPi5Dg2CNQIc8=,3mU8FdDmbGt4+nKFshUTaIw/DPM=
-65,-51,r9TEgVYPetZSGXbPi5Dg2CNQIc8=,3mU8FdDmbGt4+nKFshUTaIw/DPM=
-65,-49,r9TEgVYPetZSGXbPi5Dg2CNQIc8=,3mU8FdDmbGt4+nKFshUTaIw/DPM=
-80,-64,r9TEgVYPetZSGXbPi5Dg2CNQIc8=,3mU8FdDmbGt4+nKFshUTaIw/DPM=
-65,-64,r9TEgVYPetZSGXbPi5Dg2CNQIc8=,3mU8FdDmbGt4+nKFshUTaIw/DPM=
-80,-53,r9TEgVYPetZSGXbPi5Dg2CNQIc8=,3mU8FdDmbGt4+nKFshUTaIw/DPM=
-90,-61,Zqa1kIXdstogzon3s5fRGaYtWF0=,S4IriAJWfOTv7vR71PJiZyM0tP4=
-91,-62,Zqa1kIXdstogzon3s5fRGaYtWF0=,S4IriAJWfOTv7vR71PJiZyM0tP4=
-91,-61,Zqa1kIXdstogzon3s5fRGaYtWF0=,S4IriAJWfOTv7vR71PJiZyM0tP4=
-85,-61,Zqa1kIXdstogzon3s5fRGaYtWF0=,S4IriAJWfOTv7vR71PJiZyM0tP4=
-92,-61,Zqa1kIXdstogzon3s5fRGaYtWF0=,S4IriAJWfOTv7vR71PJiZyM0tP4=
-84,-61,Zqa1kIXdstogzon3s5fRGaYtWF0=,S4IriAJWfOTv7vR71PJiZyM0tP4=
-93,-61,Zqa1kIXdstogzon3s5fRGaYtWF0=,S4IriAJWfOTv7vR71PJiZyM0tP4=
-83,-61,Zqa1kIXdstogzon3s5fRGaYtWF0=,S4IriAJWfOTv7vR71PJiZyM0tP4=
-82,-61,Zqa1kIXdstogzon3s5fRGaYtWF0=,S4IriAJWfOTv7vR71PJiZyM0tP4=
-81,-61,Zqa1kIXdstogzon3s5fRGaYtWF0=,S4IriAJWfOTv7vR71PJiZyM0tP4=
-96,-60,Zqa1kIXdstogzon3s5fRGaYtWF0=,S4IriAJWfOTv7vR71PJiZyM0tP4=
-89,-62,Zqa1kIXdstogzon3s5fRGaYtWF0=,S4IriAJWfOTv7vR71PJiZyM0tP4=
-95,-60,Zqa1kIXdstogzon3s5fRGaYtWF0=,S4IriAJWfOTv7vR71PJiZyM0tP4=
-93,-60,Zqa1kIXdstogzon3s5fRGaYtWF0=,S4IriAJWfOTv7vR71PJiZyM0tP4=
-92,-60,Zqa1kIXdstogzon3s5fRGaYtWF0=,S4IriAJWfOTv7vR71PJiZyM0tP4=
-91,-60,Zqa1kIXdstogzon3s5fRGaYtWF0=,S4IriAJWfOTv7vR71PJiZyM0tP4=
-94,-60,Zqa1kIXdstogzon3s5fRGaYtWF0=,S4IriAJWfOTv7vR71PJiZyM0tP4=
-89,-60,Zqa1kIXdstogzon3s5fRGaYtWF0=,S4IriAJWfOTv7vR71PJiZyM0tP4=
-88,-60,Zqa1kIXdstogzon3s5fRGaYtWF0=,S4IriAJWfOTv7vR71PJiZyM0tP4=
-85,-60,Zqa1kIXdstogzon3s5fRGaYtWF0=,S4IriAJWfOTv7vR71PJiZyM0tP4=
-84,-60,Zqa1kIXdstogzon3s5fRGaYtWF0=,S4IriAJWfOTv7vR71PJiZyM0tP4=
-83,-60,Zqa1kIXdstogzon3s5fRGaYtWF0=,S4IriAJWfOTv7vR71PJiZyM0tP4=
-82,-60,Zqa1kIXdstogzon3s5fRGaYtWF0=,S4IriAJWfOTv7vR71PJiZyM0tP4=
-81,-60,Zqa1kIXdstogzon3s5fRGaYtWF0=,S4IriAJWfOTv7vR71PJiZyM0tP4=
-96,-59,Zqa1kIXdstogzon3s5fRGaYtWF0=,S4IriAJWfOTv7vR71PJiZyM0tP4=
-95,-59,Zqa1kIXdstogzon3s5fRGaYtWF0=,S4IriAJWfOTv7vR71PJiZyM0tP4=
-94,-59,Zqa1kIXdstogzon3s5fRGaYtWF0=,S4IriAJWfOTv7vR71PJiZyM0tP4=
-93,-59,Zqa1kIXdstogzon3s5fRGaYtWF0=,S4IriAJWfOTv7vR71PJiZyM0tP4=
-92,-59,Zqa1kIXdstogzon3s5fRGaYtWF0=,S4IriAJWfOTv7vR71PJiZyM0tP4=
-88,-59,Zqa1kIXdstogzon3s5fRGaYtWF0=,S4IriAJWfOTv7vR71PJiZyM0tP4=
-83,-59,Zqa1kIXdstogzon3s5fRGaYtWF0=,S4IriAJWfOTv7vR71PJiZyM0tP4=
-82,-59,Zqa1kIXdstogzon3s5fRGaYtWF0=,S4IriAJWfOTv7vR71PJiZyM0tP4=
-81,-59,Zqa1kIXdstogzon3s5fRGaYtWF0=,S4IriAJWfOTv7vR71PJiZyM0tP4=
-88,-63,Zqa1kIXdstogzon3s5fRGaYtWF0=,S4IriAJWfOTv7vR71PJiZyM0tP4=
-96,-58,Zqa1kIXdstogzon3s5fRGaYtWF0=,S4IriAJWfOTv7vR71PJiZyM0tP4=
-95,-58,Zqa1kIXdstogzon3s5fRGaYtWF0=,S4IriAJWfOTv7vR71PJiZyM0tP4=
-94,-58,Zqa1kIXdstogzon3s5fRGaYtWF0=,S4IriAJWfOTv7vR71PJiZyM0tP4=
-93,-58,Zqa1kIXdstogzon3s5fRGaYtWF0=,S4IriAJWfOTv7vR71PJiZyM0tP4=
-92,-58,Zqa1kIXdstogzon3s5fRGaYtWF0=,S4IriAJWfOTv7vR71PJiZyM0tP4=
-89,-58,Zqa1kIXdstogzon3s5fRGaYtWF0=,S4IriAJWfOTv7vR71PJiZyM0tP4=
-88,-58,Zqa1kIXdstogzon3s5fRGaYtWF0=,S4IriAJWfOTv7vR71PJiZyM0tP4=
-87,-58,Zqa1kIXdstogzon3s5fRGaYtWF0=,S4IriAJWfOTv7vR71PJiZyM0tP4=
-86,-58,Zqa1kIXdstogzon3s5fRGaYtWF0=,S4IriAJWfOTv7vR71PJiZyM0tP4=
-83,-58,Zqa1kIXdstogzon3s5fRGaYtWF0=,S4IriAJWfOTv7vR71PJiZyM0tP4=
-91,-58,Zqa1kIXdstogzon3s5fRGaYtWF0=,S4IriAJWfOTv7vR71PJiZyM0tP4=
-82,-58,Zqa1kIXdstogzon3s5fRGaYtWF0=,S4IriAJWfOTv7vR71PJiZyM0tP4=
-81,-58,Zqa1kIXdstogzon3s5fRGaYtWF0=,S4IriAJWfOTv7vR71PJiZyM0tP4=
-87,-63,Zqa1kIXdstogzon3s5fRGaYtWF0=,S4IriAJWfOTv7vR71PJiZyM0tP4=
-96,-57,Zqa1kIXdstogzon3s5fRGaYtWF0=,S4IriAJWfOTv7vR71PJiZyM0tP4=
-95,-57,Zqa1kIXdstogzon3s5fRGaYtWF0=,S4IriAJWfOTv7vR71PJiZyM0tP4=
-94,-57,Zqa1kIXdstogzon3s5fRGaYtWF0=,S4IriAJWfOTv7vR71PJiZyM0tP4=
-92,-57,Zqa1kIXdstogzon3s5fRGaYtWF0=,S4IriAJWfOTv7vR71PJiZyM0tP4=
-93,-57,Zqa1kIXdstogzon3s5fRGaYtWF0=,S4IriAJWfOTv7vR71PJiZyM0tP4=
-88,-57,Zqa1kIXdstogzon3s5fRGaYtWF0=,S4IriAJWfOTv7vR71PJiZyM0tP4=
-91,-57,Zqa1kIXdstogzon3s5fRGaYtWF0=,S4IriAJWfOTv7vR71PJiZyM0tP4=
-86,-57,Zqa1kIXdstogzon3s5fRGaYtWF0=,S4IriAJWfOTv7vR71PJiZyM0tP4=
-85,-57,Zqa1kIXdstogzon3s5fRGaYtWF0=,S4IriAJWfOTv7vR71PJiZyM0tP4=
-82,-57,Zqa1kIXdstogzon3s5fRGaYtWF0=,S4IriAJWfOTv7vR71PJiZyM0tP4=
-81,-57,Zqa1kIXdstogzon3s5fRGaYtWF0=,S4IriAJWfOTv7vR71PJiZyM0tP4=
-96,-56,Zqa1kIXdstogzon3s5fRGaYtWF0=,S4IriAJWfOTv7vR71PJiZyM0tP4=
-85,-62,Zqa1kIXdstogzon3s5fRGaYtWF0=,S4IriAJWfOTv7vR71PJiZyM0tP4=
-95,-56,Zqa1kIXdstogzon3s5fRGaYtWF0=,S4IriAJWfOTv7vR71PJiZyM0tP4=
-91,-63,Zqa1kIXdstogzon3s5fRGaYtWF0=,S4IriAJWfOTv7vR71PJiZyM0tP4=
-93,-56,Zqa1kIXdstogzon3s5fRGaYtWF0=,S4IriAJWfOTv7vR71PJiZyM0tP4=
-94,-61,Zqa1kIXdstogzon3s5fRGaYtWF0=,S4IriAJWfOTv7vR71PJiZyM0tP4=
-94,-56,Zqa1kIXdstogzon3s5fRGaYtWF0=,S4IriAJWfOTv7vR71PJiZyM0tP4=
-92,-63,Zqa1kIXdstogzon3s5fRGaYtWF0=,S4IriAJWfOTv7vR71PJiZyM0tP4=
-81,-49,Zqa1kIXdstogzon3s5fRGaYtWF0=,S4IriAJWfOTv7vR71PJiZyM0tP4=
-82,-49,Zqa1kIXdstogzon3s5fRGaYtWF0=,S4IriAJWfOTv7vR71PJiZyM0tP4=
-92,-62,Zqa1kIXdstogzon3s5fRGaYtWF0=,S4IriAJWfOTv7vR71PJiZyM0tP4=
-83,-49,Zqa1kIXdstogzon3s5fRGaYtWF0=,S4IriAJWfOTv7vR71PJiZyM0tP4=
-85,-49,Zqa1kIXdstogzon3s5fRGaYtWF0=,S4IriAJWfOTv7vR71PJiZyM0tP4=
-84,-49,Zqa1kIXdstogzon3s5fRGaYtWF0=,S4IriAJWfOTv7vR71PJiZyM0tP4=
-87,-49,Zqa1kIXdstogzon3s5fRGaYtWF0=,S4IriAJWfOTv7vR71PJiZyM0tP4=
-88,-49,Zqa1kIXdstogzon3s5fRGaYtWF0=,S4IriAJWfOTv7vR71PJiZyM0tP4=
-86,-49,Zqa1kIXdstogzon3s5fRGaYtWF0=,S4IriAJWfOTv7vR71PJiZyM0tP4=
-90,-49,Zqa1kIXdstogzon3s5fRGaYtWF0=,S4IriAJWfOTv7vR71PJiZyM0tP4=
-89,-49,Zqa1kIXdstogzon3s5fRGaYtWF0=,S4IriAJWfOTv7vR71PJiZyM0tP4=
-91,-49,Zqa1kIXdstogzon3s5fRGaYtWF0=,S4IriAJWfOTv7vR71PJiZyM0tP4=
-92,-49,Zqa1kIXdstogzon3s5fRGaYtWF0=,S4IriAJWfOTv7vR71PJiZyM0tP4=
-93,-49,Zqa1kIXdstogzon3s5fRGaYtWF0=,S4IriAJWfOTv7vR71PJiZyM0tP4=
-81,-50,Zqa1kIXdstogzon3s5fRGaYtWF0=,S4IriAJWfOTv7vR71PJiZyM0tP4=
-93,-62,Zqa1kIXdstogzon3s5fRGaYtWF0=,S4IriAJWfOTv7vR71PJiZyM0tP4=
-95,-61,Zqa1kIXdstogzon3s5fRGaYtWF0=,S4IriAJWfOTv7vR71PJiZyM0tP4=
-82,-50,Zqa1kIXdstogzon3s5fRGaYtWF0=,S4IriAJWfOTv7vR71PJiZyM0tP4=
-83,-50,Zqa1kIXdstogzon3s5fRGaYtWF0=,S4IriAJWfOTv7vR71PJiZyM0tP4=
-85,-50,Zqa1kIXdstogzon3s5fRGaYtWF0=,S4IriAJWfOTv7vR71PJiZyM0tP4=
-86,-50,Zqa1kIXdstogzon3s5fRGaYtWF0=,S4IriAJWfOTv7vR71PJiZyM0tP4=
-87,-50,Zqa1kIXdstogzon3s5fRGaYtWF0=,S4IriAJWfOTv7vR71PJiZyM0tP4=
-84,-50,Zqa1kIXdstogzon3s5fRGaYtWF0=,S4IriAJWfOTv7vR71PJiZyM0tP4=
-90,-50,Zqa1kIXdstogzon3s5fRGaYtWF0=,S4IriAJWfOTv7vR71PJiZyM0tP4=
-89,-50,Zqa1kIXdstogzon3s5fRGaYtWF0=,S4IriAJWfOTv7vR71PJiZyM0tP4=
-88,-50,Zqa1kIXdstogzon3s5fRGaYtWF0=,S4IriAJWfOTv7vR71PJiZyM0tP4=
-92,-50,Zqa1kIXdstogzon3s5fRGaYtWF0=,S4IriAJWfOTv7vR71PJiZyM0tP4=
-91,-50,Zqa1kIXdstogzon3s5fRGaYtWF0=,S4IriAJWfOTv7vR71PJiZyM0tP4=
-93,-50,Zqa1kIXdstogzon3s5fRGaYtWF0=,S4IriAJWfOTv7vR71PJiZyM0tP4=
-81,-51,Zqa1kIXdstogzon3s5fRGaYtWF0=,S4IriAJWfOTv7vR71PJiZyM0tP4=
-93,-63,Zqa1kIXdstogzon3s5fRGaYtWF0=,S4IriAJWfOTv7vR71PJiZyM0tP4=
-82,-51,Zqa1kIXdstogzon3s5fRGaYtWF0=,S4IriAJWfOTv7vR71PJiZyM0tP4=
-94,-62,Zqa1kIXdstogzon3s5fRGaYtWF0=,S4IriAJWfOTv7vR71PJiZyM0tP4=
-84,-51,Zqa1kIXdstogzon3s5fRGaYtWF0=,S4IriAJWfOTv7vR71PJiZyM0tP4=
-83,-51,Zqa1kIXdstogzon3s5fRGaYtWF0=,S4IriAJWfOTv7vR71PJiZyM0tP4=
-85,-51,Zqa1kIXdstogzon3s5fRGaYtWF0=,S4IriAJWfOTv7vR71PJiZyM0tP4=
-87,-51,Zqa1kIXdstogzon3s5fRGaYtWF0=,S4IriAJWfOTv7vR71PJiZyM0tP4=
-88,-51,Zqa1kIXdstogzon3s5fRGaYtWF0=,S4IriAJWfOTv7vR71PJiZyM0tP4=
-86,-51,Zqa1kIXdstogzon3s5fRGaYtWF0=,S4IriAJWfOTv7vR71PJiZyM0tP4=
-91,-51,Zqa1kIXdstogzon3s5fRGaYtWF0=,S4IriAJWfOTv7vR71PJiZyM0tP4=
-90,-51,Zqa1kIXdstogzon3s5fRGaYtWF0=,S4IriAJWfOTv7vR71PJiZyM0tP4=
-92,-51,Zqa1kIXdstogzon3s5fRGaYtWF0=,S4IriAJWfOTv7vR71PJiZyM0tP4=
-93,-51,Zqa1kIXdstogzon3s5fRGaYtWF0=,S4IriAJWfOTv7vR71PJiZyM0tP4=
-89,-51,Zqa1kIXdstogzon3s5fRGaYtWF0=,S4IriAJWfOTv7vR71PJiZyM0tP4=
-96,-51,Zqa1kIXdstogzon3s5fRGaYtWF0=,S4IriAJWfOTv7vR71PJiZyM0tP4=
-94,-51,Zqa1kIXdstogzon3s5fRGaYtWF0=,S4IriAJWfOTv7vR71PJiZyM0tP4=
-81,-52,Zqa1kIXdstogzon3s5fRGaYtWF0=,S4IriAJWfOTv7vR71PJiZyM0tP4=
-94,-63,Zqa1kIXdstogzon3s5fRGaYtWF0=,S4IriAJWfOTv7vR71PJiZyM0tP4=
-95,-62,Zqa1kIXdstogzon3s5fRGaYtWF0=,S4IriAJWfOTv7vR71PJiZyM0tP4=
-82,-52,Zqa1kIXdstogzon3s5fRGaYtWF0=,S4IriAJWfOTv7vR71PJiZyM0tP4=
-83,-52,Zqa1kIXdstogzon3s5fRGaYtWF0=,S4IriAJWfOTv7vR71PJiZyM0tP4=
-84,-52,Zqa1kIXdstogzon3s5fRGaYtWF0=,S4IriAJWfOTv7vR71PJiZyM0tP4=
-86,-52,Zqa1kIXdstogzon3s5fRGaYtWF0=,S4IriAJWfOTv7vR71PJiZyM0tP4=
-87,-52,Zqa1kIXdstogzon3s5fRGaYtWF0=,S4IriAJWfOTv7vR71PJiZyM0tP4=
-85,-52,Zqa1kIXdstogzon3s5fRGaYtWF0=,S4IriAJWfOTv7vR71PJiZyM0tP4=
-88,-52,Zqa1kIXdstogzon3s5fRGaYtWF0=,S4IriAJWfOTv7vR71PJiZyM0tP4=
-89,-52,Zqa1kIXdstogzon3s5fRGaYtWF0=,S4IriAJWfOTv7vR71PJiZyM0tP4=
-90,-52,Zqa1kIXdstogzon3s5fRGaYtWF0=,S4IriAJWfOTv7vR71PJiZyM0tP4=
-91,-52,Zqa1kIXdstogzon3s5fRGaYtWF0=,S4IriAJWfOTv7vR71PJiZyM0tP4=
-96,-52,Zqa1kIXdstogzon3s5fRGaYtWF0=,S4IriAJWfOTv7vR71PJiZyM0tP4=
-95,-63,Zqa1kIXdstogzon3s5fRGaYtWF0=,S4IriAJWfOTv7vR71PJiZyM0tP4=
-96,-61,Zqa1kIXdstogzon3s5fRGaYtWF0=,S4IriAJWfOTv7vR71PJiZyM0tP4=
-96,-63,Zqa1kIXdstogzon3s5fRGaYtWF0=,S4IriAJWfOTv7vR71PJiZyM0tP4=
-96,-62,Zqa1kIXdstogzon3s5fRGaYtWF0=,S4IriAJWfOTv7vR71PJiZyM0tP4=
-81,-62,Zqa1kIXdstogzon3s5fRGaYtWF0=,S4IriAJWfOTv7vR71PJiZyM0tP4=
-82,-63,Zqa1kIXdstogzon3s5fRGaYtWF0=,S4IriAJWfOTv7vR71PJiZyM0tP4=
-81,-63,Zqa1kIXdstogzon3s5fRGaYtWF0=,S4IriAJWfOTv7vR71PJiZyM0tP4=
-81,-53,Zqa1kIXdstogzon3s5fRGaYtWF0=,S4IriAJWfOTv7vR71PJiZyM0tP4=
-82,-53,Zqa1kIXdstogzon3s5fRGaYtWF0=,S4IriAJWfOTv7vR71PJiZyM0tP4=
-83,-53,Zqa1kIXdstogzon3s5fRGaYtWF0=,S4IriAJWfOTv7vR71PJiZyM0tP4=
-84,-53,Zqa1kIXdstogzon3s5fRGaYtWF0=,S4IriAJWfOTv7vR71PJiZyM0tP4=
-85,-53,Zqa1kIXdstogzon3s5fRGaYtWF0=,S4IriAJWfOTv7vR71PJiZyM0tP4=
-86,-53,Zqa1kIXdstogzon3s5fRGaYtWF0=,S4IriAJWfOTv7vR71PJiZyM0tP4=
-87,-53,Zqa1kIXdstogzon3s5fRGaYtWF0=,S4IriAJWfOTv7vR71PJiZyM0tP4=
-88,-53,Zqa1kIXdstogzon3s5fRGaYtWF0=,S4IriAJWfOTv7vR71PJiZyM0tP4=
-91,-64,Zqa1kIXdstogzon3s5fRGaYtWF0=,S4IriAJWfOTv7vR71PJiZyM0tP4=
-89,-53,Zqa1kIXdstogzon3s5fRGaYtWF0=,S4IriAJWfOTv7vR71PJiZyM0tP4=
-90,-64,Zqa1kIXdstogzon3s5fRGaYtWF0=,S4IriAJWfOTv7vR71PJiZyM0tP4=
-90,-53,Zqa1kIXdstogzon3s5fRGaYtWF0=,S4IriAJWfOTv7vR71PJiZyM0tP4=
-88,-64,Zqa1kIXdstogzon3s5fRGaYtWF0=,S4IriAJWfOTv7vR71PJiZyM0tP4=
-91,-53,Zqa1kIXdstogzon3s5fRGaYtWF0=,S4IriAJWfOTv7vR71PJiZyM0tP4=
-89,-64,Zqa1kIXdstogzon3s5fRGaYtWF0=,S4IriAJWfOTv7vR71PJiZyM0tP4=
-87,-64,Zqa1kIXdstogzon3s5fRGaYtWF0=,S4IriAJWfOTv7vR71PJiZyM0tP4=
-85,-64,Zqa1kIXdstogzon3s5fRGaYtWF0=,S4IriAJWfOTv7vR71PJiZyM0tP4=
-84,-64,Zqa1kIXdstogzon3s5fRGaYtWF0=,S4IriAJWfOTv7vR71PJiZyM0tP4=
-83,-64,Zqa1kIXdstogzon3s5fRGaYtWF0=,S4IriAJWfOTv7vR71PJiZyM0tP4=
-82,-64,Zqa1kIXdstogzon3s5fRGaYtWF0=,S4IriAJWfOTv7vR71PJiZyM0tP4=
-94,-64,Zqa1kIXdstogzon3s5fRGaYtWF0=,S4IriAJWfOTv7vR71PJiZyM0tP4=
-81,-64,Zqa1kIXdstogzon3s5fRGaYtWF0=,S4IriAJWfOTv7vR71PJiZyM0tP4=
-96,-64,Zqa1kIXdstogzon3s5fRGaYtWF0=,S4IriAJWfOTv7vR71PJiZyM0tP4=
-92,-64,Zqa1kIXdstogzon3s5fRGaYtWF0=,S4IriAJWfOTv7vR71PJiZyM0tP4=
-96,-49,Zqa1kIXdstogzon3s5fRGaYtWF0=,S4IriAJWfOTv7vR71PJiZyM0tP4=
-92,-56,Zqa1kIXdstogzon3s5fRGaYtWF0=,S4IriAJWfOTv7vR71PJiZyM0tP4=
-94,-49,Zqa1kIXdstogzon3s5fRGaYtWF0=,S4IriAJWfOTv7vR71PJiZyM0tP4=
-95,-53,Zqa1kIXdstogzon3s5fRGaYtWF0=,S4IriAJWfOTv7vR71PJiZyM0tP4=
-96,-50,Zqa1kIXdstogzon3s5fRGaYtWF0=,S4IriAJWfOTv7vR71PJiZyM0tP4=
-96,-53,Zqa1kIXdstogzon3s5fRGaYtWF0=,S4IriAJWfOTv7vR71PJiZyM0tP4=
-82,-62,Zqa1kIXdstogzon3s5fRGaYtWF0=,S4IriAJWfOTv7vR71PJiZyM0tP4=
-95,-52,Zqa1kIXdstogzon3s5fRGaYtWF0=,S4IriAJWfOTv7vR71PJiZyM0tP4=
-91,-56,Zqa1kIXdstogzon3s5fRGaYtWF0=,S4IriAJWfOTv7vR71PJiZyM0tP4=
-90,-56,Zqa1kIXdstogzon3s5fRGaYtWF0=,S4IriAJWfOTv7vR71PJiZyM0tP4=
-94,-53,Zqa1kIXdstogzon3s5fRGaYtWF0=,S4IriAJWfOTv7vR71PJiZyM0tP4=
-83,-63,Zqa1kIXdstogzon3s5fRGaYtWF0=,S4IriAJWfOTv7vR71PJiZyM0tP4=
-95,-64,Zqa1kIXdstogzon3s5fRGaYtWF0=,S4IriAJWfOTv7vR71PJiZyM0tP4=
-95,-49,Zqa1kIXdstogzon3s5fRGaYtWF0=,S4IriAJWfOTv7vR71PJiZyM0tP4=
-92,-53,Zqa1kIXdstogzon3s5fRGaYtWF0=,S4IriAJWfOTv7vR71PJiZyM0tP4=
-83,-54,Zqa1kIXdstogzon3s5fRGaYtWF0=,S4IriAJWfOTv7vR71PJiZyM0tP4=
-84,-54,Zqa1kIXdstogzon3s5fRGaYtWF0=,S4IriAJWfOTv7vR71PJiZyM0tP4=
-85,-54,Zqa1kIXdstogzon3s5fRGaYtWF0=,S4IriAJWfOTv7vR71PJiZyM0tP4=
-86,-54,Zqa1kIXdstogzon3s5fRGaYtWF0=,S4IriAJWfOTv7vR71PJiZyM0tP4=
-87,-54,Zqa1kIXdstogzon3s5fRGaYtWF0=,S4IriAJWfOTv7vR71PJiZyM0tP4=
-88,-54,Zqa1kIXdstogzon3s5fRGaYtWF0=,S4IriAJWfOTv7vR71PJiZyM0tP4=
-89,-54,Zqa1kIXdstogzon3s5fRGaYtWF0=,S4IriAJWfOTv7vR71PJiZyM0tP4=
-90,-54,Zqa1kIXdstogzon3s5fRGaYtWF0=,S4IriAJWfOTv7vR71PJiZyM0tP4=
-91,-54,Zqa1kIXdstogzon3s5fRGaYtWF0=,S4IriAJWfOTv7vR71PJiZyM0tP4=
-93,-54,Zqa1kIXdstogzon3s5fRGaYtWF0=,S4IriAJWfOTv7vR71PJiZyM0tP4=
-92,-54,Zqa1kIXdstogzon3s5fRGaYtWF0=,S4IriAJWfOTv7vR71PJiZyM0tP4=
-88,-61,Zqa1kIXdstogzon3s5fRGaYtWF0=,S4IriAJWfOTv7vR71PJiZyM0tP4=
-96,-54,Zqa1kIXdstogzon3s5fRGaYtWF0=,S4IriAJWfOTv7vR71PJiZyM0tP4=
-95,-54,Zqa1kIXdstogzon3s5fRGaYtWF0=,S4IriAJWfOTv7vR71PJiZyM0tP4=
-89,-56,Zqa1kIXdstogzon3s5fRGaYtWF0=,S4IriAJWfOTv7vR71PJiZyM0tP4=
-88,-56,Zqa1kIXdstogzon3s5fRGaYtWF0=,S4IriAJWfOTv7vR71PJiZyM0tP4=
-87,-56,Zqa1kIXdstogzon3s5fRGaYtWF0=,S4IriAJWfOTv7vR71PJiZyM0tP4=
-85,-56,Zqa1kIXdstogzon3s5fRGaYtWF0=,S4IriAJWfOTv7vR71PJiZyM0tP4=
-86,-56,Zqa1kIXdstogzon3s5fRGaYtWF0=,S4IriAJWfOTv7vR71PJiZyM0tP4=
-84,-56,Zqa1kIXdstogzon3s5fRGaYtWF0=,S4IriAJWfOTv7vR71PJiZyM0tP4=
-95,-50,Zqa1kIXdstogzon3s5fRGaYtWF0=,S4IriAJWfOTv7vR71PJiZyM0tP4=
-83,-62,Zqa1kIXdstogzon3s5fRGaYtWF0=,S4IriAJWfOTv7vR71PJiZyM0tP4=
-81,-55,Zqa1kIXdstogzon3s5fRGaYtWF0=,S4IriAJWfOTv7vR71PJiZyM0tP4=
-94,-50,Zqa1kIXdstogzon3s5fRGaYtWF0=,S4IriAJWfOTv7vR71PJiZyM0tP4=
-95,-51,Zqa1kIXdstogzon3s5fRGaYtWF0=,S4IriAJWfOTv7vR71PJiZyM0tP4=
-84,-63,Zqa1kIXdstogzon3s5fRGaYtWF0=,S4IriAJWfOTv7vR71PJiZyM0tP4=
-82,-54,Zqa1kIXdstogzon3s5fRGaYtWF0=,S4IriAJWfOTv7vR71PJiZyM0tP4=
-86,-64,Zqa1kIXdstogzon3s5fRGaYtWF0=,S4IriAJWfOTv7vR71PJiZyM0tP4=
-92,-52,Zqa1kIXdstogzon3s5fRGaYtWF0=,S4IriAJWfOTv7vR71PJiZyM0tP4=
-93,-53,Zqa1kIXdstogzon3s5fRGaYtWF0=,S4IriAJWfOTv7vR71PJiZyM0tP4=
-93,-52,Zqa1kIXdstogzon3s5fRGaYtWF0=,S4IriAJWfOTv7vR71PJiZyM0tP4=
-85,-55,Zqa1kIXdstogzon3s5fRGaYtWF0=,S4IriAJWfOTv7vR71PJiZyM0tP4=
-84,-55,Zqa1kIXdstogzon3s5fRGaYtWF0=,S4IriAJWfOTv7vR71PJiZyM0tP4=
-86,-55,Zqa1kIXdstogzon3s5fRGaYtWF0=,S4IriAJWfOTv7vR71PJiZyM0tP4=
-87,-55,Zqa1kIXdstogzon3s5fRGaYtWF0=,S4IriAJWfOTv7vR71PJiZyM0tP4=
-89,-55,Zqa1kIXdstogzon3s5fRGaYtWF0=,S4IriAJWfOTv7vR71PJiZyM0tP4=
-88,-55,Zqa1kIXdstogzon3s5fRGaYtWF0=,S4IriAJWfOTv7vR71PJiZyM0tP4=
-86,-61,Zqa1kIXdstogzon3s5fRGaYtWF0=,S4IriAJWfOTv7vR71PJiZyM0tP4=
-90,-55,Zqa1kIXdstogzon3s5fRGaYtWF0=,S4IriAJWfOTv7vR71PJiZyM0tP4=
-91,-55,Zqa1kIXdstogzon3s5fRGaYtWF0=,S4IriAJWfOTv7vR71PJiZyM0tP4=
-94,-52,Zqa1kIXdstogzon3s5fRGaYtWF0=,S4IriAJWfOTv7vR71PJiZyM0tP4=
-94,-55,Zqa1kIXdstogzon3s5fRGaYtWF0=,S4IriAJWfOTv7vR71PJiZyM0tP4=
-95,-55,Zqa1kIXdstogzon3s5fRGaYtWF0=,S4IriAJWfOTv7vR71PJiZyM0tP4=
-96,-55,Zqa1kIXdstogzon3s5fRGaYtWF0=,S4IriAJWfOTv7vR71PJiZyM0tP4=
-87,-61,Zqa1kIXdstogzon3s5fRGaYtWF0=,S4IriAJWfOTv7vR71PJiZyM0tP4=
-84,-62,Zqa1kIXdstogzon3s5fRGaYtWF0=,S4IriAJWfOTv7vR71PJiZyM0tP4=
-85,-63,Zqa1kIXdstogzon3s5fRGaYtWF0=,S4IriAJWfOTv7vR71PJiZyM0tP4=
-92,-55,Zqa1kIXdstogzon3s5fRGaYtWF0=,S4IriAJWfOTv7vR71PJiZyM0tP4=
-82,-56,Zqa1kIXdstogzon3s5fRGaYtWF0=,S4IriAJWfOTv7vR71PJiZyM0tP4=
-94,-54,Zqa1kIXdstogzon3s5fRGaYtWF0=,S4IriAJWfOTv7vR71PJiZyM0tP4=
-90,-60,Zqa1kIXdstogzon3s5fRGaYtWF0=,S4IriAJWfOTv7vR71PJiZyM0tP4=
-83,-55,Zqa1kIXdstogzon3s5fRGaYtWF0=,S4IriAJWfOTv7vR71PJiZyM0tP4=
-93,-64,Zqa1kIXdstogzon3s5fRGaYtWF0=,S4IriAJWfOTv7vR71PJiZyM0tP4=
-83,-56,Zqa1kIXdstogzon3s5fRGaYtWF0=,S4IriAJWfOTv7vR71PJiZyM0tP4=
-90,-63,Zqa1kIXdstogzon3s5fRGaYtWF0=,S4IriAJWfOTv7vR71PJiZyM0tP4=
-81,-54,Zqa1kIXdstogzon3s5fRGaYtWF0=,S4IriAJWfOTv7vR71PJiZyM0tP4=
-93,-55,Zqa1kIXdstogzon3s5fRGaYtWF0=,S4IriAJWfOTv7vR71PJiZyM0tP4=
-82,-55,Zqa1kIXdstogzon3s5fRGaYtWF0=,S4IriAJWfOTv7vR71PJiZyM0tP4=
-89,-59,Zqa1kIXdstogzon3s5fRGaYtWF0=,S4IriAJWfOTv7vR71PJiZyM0tP4=
-87,-60,Zqa1kIXdstogzon3s5fRGaYtWF0=,S4IriAJWfOTv7vR71PJiZyM0tP4=
-88,-62,Zqa1kIXdstogzon3s5fRGaYtWF0=,S4IriAJWfOTv7vR71PJiZyM0tP4=
-87,-59,Zqa1kIXdstogzon3s5fRGaYtWF0=,S4IriAJWfOTv7vR71PJiZyM0tP4=
-84,-59,Zqa1kIXdstogzon3s5fRGaYtWF0=,S4IriAJWfOTv7vR71PJiZyM0tP4=
-89,-63,Zqa1kIXdstogzon3s5fRGaYtWF0=,S4IriAJWfOTv7vR71PJiZyM0tP4=
-86,-60,Zqa1kIXdstogzon3s5fRGaYtWF0=,S4IriAJWfOTv7vR71PJiZyM0tP4=
-81,-56,Zqa1kIXdstogzon3s5fRGaYtWF0=,S4IriAJWfOTv7vR71PJiZyM0tP4=
-86,-63,Zqa1kIXdstogzon3s5fRGaYtWF0=,S4IriAJWfOTv7vR71PJiZyM0tP4=
-85,-59,Zqa1kIXdstogzon3s5fRGaYtWF0=,S4IriAJWfOTv7vR71PJiZyM0tP4=
-87,-62,Zqa1kIXdstogzon3s5fRGaYtWF0=,S4IriAJWfOTv7vR71PJiZyM0tP4=
-86,-59,Zqa1kIXdstogzon3s5fRGaYtWF0=,S4IriAJWfOTv7vR71PJiZyM0tP4=
-85,-58,Zqa1kIXdstogzon3s5fRGaYtWF0=,S4IriAJWfOTv7vR71PJiZyM0tP4=
-86,-62,Zqa1kIXdstogzon3s5fRGaYtWF0=,S4IriAJWfOTv7vR71PJiZyM0tP4=
-90,-62,Zqa1kIXdstogzon3s5fRGaYtWF0=,S4IriAJWfOTv7vR71PJiZyM0tP4=
-84,-58,Zqa1kIXdstogzon3s5fRGaYtWF0=,S4IriAJWfOTv7vR71PJiZyM0tP4=
-90,-57,Zqa1kIXdstogzon3s5fRGaYtWF0=,S4IriAJWfOTv7vR71PJiZyM0tP4=
-89,-57,Zqa1kIXdstogzon3s5fRGaYtWF0=,S4IriAJWfOTv7vR71PJiZyM0tP4=
-91,-59,Zqa1kIXdstogzon3s5fRGaYtWF0=,S4IriAJWfOTv7vR71PJiZyM0tP4=
-87,-57,Zqa1kIXdstogzon3s5fRGaYtWF0=,S4IriAJWfOTv7vR71PJiZyM0tP4=
-84,-57,Zqa1kIXdstogzon3s5fRGaYtWF0=,S4IriAJWfOTv7vR71PJiZyM0tP4=
-83,-57,Zqa1kIXdstogzon3s5fRGaYtWF0=,S4IriAJWfOTv7vR71PJiZyM0tP4=
-90,-59,Zqa1kIXdstogzon3s5fRGaYtWF0=,S4IriAJWfOTv7vR71PJiZyM0tP4=
-89,-61,Zqa1kIXdstogzon3s5fRGaYtWF0=,S4IriAJWfOTv7vR71PJiZyM0tP4=
-90,-58,Zqa1kIXdstogzon3s5fRGaYtWF0=,S4IriAJWfOTv7vR71PJiZyM0tP4=
-89,-45,1u1O2DqBbt7i/RLcVwVp7ndD1nI=,hXI6XfewDoG1zKBPokp2E1HmLA4=
-91,-48,1u1O2DqBbt7i/RLcVwVp7ndD1nI=,hXI6XfewDoG1zKBPokp2E1HmLA4=
-90,-45,1u1O2DqBbt7i/RLcVwVp7ndD1nI=,hXI6XfewDoG1zKBPokp2E1HmLA4=
-90,-46,1u1O2DqBbt7i/RLcVwVp7ndD1nI=,hXI6XfewDoG1zKBPokp2E1HmLA4=
-91,-46,1u1O2DqBbt7i/RLcVwVp7ndD1nI=,hXI6XfewDoG1zKBPokp2E1HmLA4=
-93,-48,1u1O2DqBbt7i/RLcVwVp7ndD1nI=,hXI6XfewDoG1zKBPokp2E1HmLA4=
-91,-45,1u1O2DqBbt7i/RLcVwVp7ndD1nI=,hXI6XfewDoG1zKBPokp2E1HmLA4=
-92,-45,1u1O2DqBbt7i/RLcVwVp7ndD1nI=,hXI6XfewDoG1zKBPokp2E1HmLA4=
-91,-47,1u1O2DqBbt7i/RLcVwVp7ndD1nI=,hXI6XfewDoG1zKBPokp2E1HmLA4=
-93,-45,1u1O2DqBbt7i/RLcVwVp7ndD1nI=,hXI6XfewDoG1zKBPokp2E1HmLA4=
-92,-47,1u1O2DqBbt7i/RLcVwVp7ndD1nI=,hXI6XfewDoG1zKBPokp2E1HmLA4=
-94,-45,1u1O2DqBbt7i/RLcVwVp7ndD1nI=,hXI6XfewDoG1zKBPokp2E1HmLA4=
-92,-46,1u1O2DqBbt7i/RLcVwVp7ndD1nI=,hXI6XfewDoG1zKBPokp2E1HmLA4=
-82,-33,1u1O2DqBbt7i/RLcVwVp7ndD1nI=,hXI6XfewDoG1zKBPokp2E1HmLA4=
-83,-33,1u1O2DqBbt7i/RLcVwVp7ndD1nI=,hXI6XfewDoG1zKBPokp2E1HmLA4=
-85,-33,1u1O2DqBbt7i/RLcVwVp7ndD1nI=,hXI6XfewDoG1zKBPokp2E1HmLA4=
-84,-33,1u1O2DqBbt7i/RLcVwVp7ndD1nI=,hXI6XfewDoG1zKBPokp2E1HmLA4=
-86,-33,1u1O2DqBbt7i/RLcVwVp7ndD1nI=,hXI6XfewDoG1zKBPokp2E1HmLA4=
-87,-33,1u1O2DqBbt7i/RLcVwVp7ndD1nI=,hXI6XfewDoG1zKBPokp2E1HmLA4=
-88,-33,1u1O2DqBbt7i/RLcVwVp7ndD1nI=,hXI6XfewDoG1zKBPokp2E1HmLA4=
-89,-33,1u1O2DqBbt7i/RLcVwVp7ndD1nI=,hXI6XfewDoG1zKBPokp2E1HmLA4=
-90,-33,1u1O2DqBbt7i/RLcVwVp7ndD1nI=,hXI6XfewDoG1zKBPokp2E1HmLA4=
-91,-33,1u1O2DqBbt7i/RLcVwVp7ndD1nI=,hXI6XfewDoG1zKBPokp2E1HmLA4=
-92,-33,1u1O2DqBbt7i/RLcVwVp7ndD1nI=,hXI6XfewDoG1zKBPokp2E1HmLA4=
-92,-48,1u1O2DqBbt7i/RLcVwVp7ndD1nI=,hXI6XfewDoG1zKBPokp2E1HmLA4=
-93,-46,1u1O2DqBbt7i/RLcVwVp7ndD1nI=,hXI6XfewDoG1zKBPokp2E1HmLA4=
-82,-34,1u1O2DqBbt7i/RLcVwVp7ndD1nI=,hXI6XfewDoG1zKBPokp2E1HmLA4=
-83,-34,1u1O2DqBbt7i/RLcVwVp7ndD1nI=,hXI6XfewDoG1zKBPokp2E1HmLA4=
-84,-34,1u1O2DqBbt7i/RLcVwVp7ndD1nI=,hXI6XfewDoG1zKBPokp2E1HmLA4=
-85,-34,1u1O2DqBbt7i/RLcVwVp7ndD1nI=,hXI6XfewDoG1zKBPokp2E1HmLA4=
-86,-34,1u1O2DqBbt7i/RLcVwVp7ndD1nI=,hXI6XfewDoG1zKBPokp2E1HmLA4=
-87,-34,1u1O2DqBbt7i/RLcVwVp7ndD1nI=,hXI6XfewDoG1zKBPokp2E1HmLA4=
-88,-34,1u1O2DqBbt7i/RLcVwVp7ndD1nI=,hXI6XfewDoG1zKBPokp2E1HmLA4=
-89,-34,1u1O2DqBbt7i/RLcVwVp7ndD1nI=,hXI6XfewDoG1zKBPokp2E1HmLA4=
-90,-34,1u1O2DqBbt7i/RLcVwVp7ndD1nI=,hXI6XfewDoG1zKBPokp2E1HmLA4=
-91,-34,1u1O2DqBbt7i/RLcVwVp7ndD1nI=,hXI6XfewDoG1zKBPokp2E1HmLA4=
-92,-34,1u1O2DqBbt7i/RLcVwVp7ndD1nI=,hXI6XfewDoG1zKBPokp2E1HmLA4=
-93,-47,1u1O2DqBbt7i/RLcVwVp7ndD1nI=,hXI6XfewDoG1zKBPokp2E1HmLA4=
-94,-46,1u1O2DqBbt7i/RLcVwVp7ndD1nI=,hXI6XfewDoG1zKBPokp2E1HmLA4=
-82,-35,1u1O2DqBbt7i/RLcVwVp7ndD1nI=,hXI6XfewDoG1zKBPokp2E1HmLA4=
-83,-35,1u1O2DqBbt7i/RLcVwVp7ndD1nI=,hXI6XfewDoG1zKBPokp2E1HmLA4=
-84,-35,1u1O2DqBbt7i/RLcVwVp7ndD1nI=,hXI6XfewDoG1zKBPokp2E1HmLA4=
-85,-35,1u1O2DqBbt7i/RLcVwVp7ndD1nI=,hXI6XfewDoG1zKBPokp2E1HmLA4=
-86,-35,1u1O2DqBbt7i/RLcVwVp7ndD1nI=,hXI6XfewDoG1zKBPokp2E1HmLA4=
-87,-35,1u1O2DqBbt7i/RLcVwVp7ndD1nI=,hXI6XfewDoG1zKBPokp2E1HmLA4=
-89,-35,1u1O2DqBbt7i/RLcVwVp7ndD1nI=,hXI6XfewDoG1zKBPokp2E1HmLA4=
-88,-35,1u1O2DqBbt7i/RLcVwVp7ndD1nI=,hXI6XfewDoG1zKBPokp2E1HmLA4=
-90,-35,1u1O2DqBbt7i/RLcVwVp7ndD1nI=,hXI6XfewDoG1zKBPokp2E1HmLA4=
-91,-35,1u1O2DqBbt7i/RLcVwVp7ndD1nI=,hXI6XfewDoG1zKBPokp2E1HmLA4=
-93,-35,1u1O2DqBbt7i/RLcVwVp7ndD1nI=,hXI6XfewDoG1zKBPokp2E1HmLA4=
-82,-36,1u1O2DqBbt7i/RLcVwVp7ndD1nI=,hXI6XfewDoG1zKBPokp2E1HmLA4=
-92,-35,1u1O2DqBbt7i/RLcVwVp7ndD1nI=,hXI6XfewDoG1zKBPokp2E1HmLA4=
-83,-36,1u1O2DqBbt7i/RLcVwVp7ndD1nI=,hXI6XfewDoG1zKBPokp2E1HmLA4=
-84,-36,1u1O2DqBbt7i/RLcVwVp7ndD1nI=,hXI6XfewDoG1zKBPokp2E1HmLA4=
-81,-45,1u1O2DqBbt7i/RLcVwVp7ndD1nI=,hXI6XfewDoG1zKBPokp2E1HmLA4=
-94,-47,1u1O2DqBbt7i/RLcVwVp7ndD1nI=,hXI6XfewDoG1zKBPokp2E1HmLA4=
-81,-44,1u1O2DqBbt7i/RLcVwVp7ndD1nI=,hXI6XfewDoG1zKBPokp2E1HmLA4=
-81,-43,1u1O2DqBbt7i/RLcVwVp7ndD1nI=,hXI6XfewDoG1zKBPokp2E1HmLA4=
-81,-42,1u1O2DqBbt7i/RLcVwVp7ndD1nI=,hXI6XfewDoG1zKBPokp2E1HmLA4=
-81,-41,1u1O2DqBbt7i/RLcVwVp7ndD1nI=,hXI6XfewDoG1zKBPokp2E1HmLA4=
-81,-40,1u1O2DqBbt7i/RLcVwVp7ndD1nI=,hXI6XfewDoG1zKBPokp2E1HmLA4=
-81,-39,1u1O2DqBbt7i/RLcVwVp7ndD1nI=,hXI6XfewDoG1zKBPokp2E1HmLA4=
-81,-37,1u1O2DqBbt7i/RLcVwVp7ndD1nI=,hXI6XfewDoG1zKBPokp2E1HmLA4=
-81,-38,1u1O2DqBbt7i/RLcVwVp7ndD1nI=,hXI6XfewDoG1zKBPokp2E1HmLA4=
-81,-47,1u1O2DqBbt7i/RLcVwVp7ndD1nI=,hXI6XfewDoG1zKBPokp2E1HmLA4=
-81,-46,1u1O2DqBbt7i/RLcVwVp7ndD1nI=,hXI6XfewDoG1zKBPokp2E1HmLA4=
-81,-34,1u1O2DqBbt7i/RLcVwVp7ndD1nI=,hXI6XfewDoG1zKBPokp2E1HmLA4=
-81,-35,1u1O2DqBbt7i/RLcVwVp7ndD1nI=,hXI6XfewDoG1zKBPokp2E1HmLA4=
-81,-33,1u1O2DqBbt7i/RLcVwVp7ndD1nI=,hXI6XfewDoG1zKBPokp2E1HmLA4=
-81,-36,1u1O2DqBbt7i/RLcVwVp7ndD1nI=,hXI6XfewDoG1zKBPokp2E1HmLA4=
-85,-36,1u1O2DqBbt7i/RLcVwVp7ndD1nI=,hXI6XfewDoG1zKBPokp2E1HmLA4=
-86,-36,1u1O2DqBbt7i/RLcVwVp7ndD1nI=,hXI6XfewDoG1zKBPokp2E1HmLA4=
-87,-36,1u1O2DqBbt7i/RLcVwVp7ndD1nI=,hXI6XfewDoG1zKBPokp2E1HmLA4=
-89,-36,1u1O2DqBbt7i/RLcVwVp7ndD1nI=,hXI6XfewDoG1zKBPokp2E1HmLA4=
-88,-36,1u1O2DqBbt7i/RLcVwVp7ndD1nI=,hXI6XfewDoG1zKBPokp2E1HmLA4=
-90,-36,1u1O2DqBbt7i/RLcVwVp7ndD1nI=,hXI6XfewDoG1zKBPokp2E1HmLA4=
-91,-36,1u1O2DqBbt7i/RLcVwVp7ndD1nI=,hXI6XfewDoG1zKBPokp2E1HmLA4=
-93,-36,1u1O2DqBbt7i/RLcVwVp7ndD1nI=,hXI6XfewDoG1zKBPokp2E1HmLA4=
-94,-36,1u1O2DqBbt7i/RLcVwVp7ndD1nI=,hXI6XfewDoG1zKBPokp2E1HmLA4=
-92,-36,1u1O2DqBbt7i/RLcVwVp7ndD1nI=,hXI6XfewDoG1zKBPokp2E1HmLA4=
-95,-47,1u1O2DqBbt7i/RLcVwVp7ndD1nI=,hXI6XfewDoG1zKBPokp2E1HmLA4=
-82,-48,1u1O2DqBbt7i/RLcVwVp7ndD1nI=,hXI6XfewDoG1zKBPokp2E1HmLA4=
-82,-37,1u1O2DqBbt7i/RLcVwVp7ndD1nI=,hXI6XfewDoG1zKBPokp2E1HmLA4=
-83,-37,1u1O2DqBbt7i/RLcVwVp7ndD1nI=,hXI6XfewDoG1zKBPokp2E1HmLA4=
-82,-47,1u1O2DqBbt7i/RLcVwVp7ndD1nI=,hXI6XfewDoG1zKBPokp2E1HmLA4=
-85,-37,1u1O2DqBbt7i/RLcVwVp7ndD1nI=,hXI6XfewDoG1zKBPokp2E1HmLA4=
-84,-37,1u1O2DqBbt7i/RLcVwVp7ndD1nI=,hXI6XfewDoG1zKBPokp2E1HmLA4=
-86,-37,1u1O2DqBbt7i/RLcVwVp7ndD1nI=,hXI6XfewDoG1zKBPokp2E1HmLA4=
-87,-37,1u1O2DqBbt7i/RLcVwVp7ndD1nI=,hXI6XfewDoG1zKBPokp2E1HmLA4=
-88,-37,1u1O2DqBbt7i/RLcVwVp7ndD1nI=,hXI6XfewDoG1zKBPokp2E1HmLA4=
-90,-37,1u1O2DqBbt7i/RLcVwVp7ndD1nI=,hXI6XfewDoG1zKBPokp2E1HmLA4=
-89,-37,1u1O2DqBbt7i/RLcVwVp7ndD1nI=,hXI6XfewDoG1zKBPokp2E1HmLA4=
-92,-37,1u1O2DqBbt7i/RLcVwVp7ndD1nI=,hXI6XfewDoG1zKBPokp2E1HmLA4=
-93,-37,1u1O2DqBbt7i/RLcVwVp7ndD1nI=,hXI6XfewDoG1zKBPokp2E1HmLA4=
-94,-37,1u1O2DqBbt7i/RLcVwVp7ndD1nI=,hXI6XfewDoG1zKBPokp2E1HmLA4=
-91,-37,1u1O2DqBbt7i/RLcVwVp7ndD1nI=,hXI6XfewDoG1zKBPokp2E1HmLA4=
-82,-46,1u1O2DqBbt7i/RLcVwVp7ndD1nI=,hXI6XfewDoG1zKBPokp2E1HmLA4=
-83,-48,1u1O2DqBbt7i/RLcVwVp7ndD1nI=,hXI6XfewDoG1zKBPokp2E1HmLA4=
-83,-47,1u1O2DqBbt7i/RLcVwVp7ndD1nI=,hXI6XfewDoG1zKBPokp2E1HmLA4=
-82,-38,1u1O2DqBbt7i/RLcVwVp7ndD1nI=,hXI6XfewDoG1zKBPokp2E1HmLA4=
-83,-38,1u1O2DqBbt7i/RLcVwVp7ndD1nI=,hXI6XfewDoG1zKBPokp2E1HmLA4=
-84,-38,1u1O2DqBbt7i/RLcVwVp7ndD1nI=,hXI6XfewDoG1zKBPokp2E1HmLA4=
-86,-38,1u1O2DqBbt7i/RLcVwVp7ndD1nI=,hXI6XfewDoG1zKBPokp2E1HmLA4=
-87,-38,1u1O2DqBbt7i/RLcVwVp7ndD1nI=,hXI6XfewDoG1zKBPokp2E1HmLA4=
-85,-38,1u1O2DqBbt7i/RLcVwVp7ndD1nI=,hXI6XfewDoG1zKBPokp2E1HmLA4=
-88,-38,1u1O2DqBbt7i/RLcVwVp7ndD1nI=,hXI6XfewDoG1zKBPokp2E1HmLA4=
-89,-38,1u1O2DqBbt7i/RLcVwVp7ndD1nI=,hXI6XfewDoG1zKBPokp2E1HmLA4=
-90,-38,1u1O2DqBbt7i/RLcVwVp7ndD1nI=,hXI6XfewDoG1zKBPokp2E1HmLA4=
-92,-38,1u1O2DqBbt7i/RLcVwVp7ndD1nI=,hXI6XfewDoG1zKBPokp2E1HmLA4=
-93,-38,1u1O2DqBbt7i/RLcVwVp7ndD1nI=,hXI6XfewDoG1zKBPokp2E1HmLA4=
-91,-38,1u1O2DqBbt7i/RLcVwVp7ndD1nI=,hXI6XfewDoG1zKBPokp2E1HmLA4=
-83,-46,1u1O2DqBbt7i/RLcVwVp7ndD1nI=,hXI6XfewDoG1zKBPokp2E1HmLA4=
-84,-48,1u1O2DqBbt7i/RLcVwVp7ndD1nI=,hXI6XfewDoG1zKBPokp2E1HmLA4=
-84,-47,1u1O2DqBbt7i/RLcVwVp7ndD1nI=,hXI6XfewDoG1zKBPokp2E1HmLA4=
-83,-39,1u1O2DqBbt7i/RLcVwVp7ndD1nI=,hXI6XfewDoG1zKBPokp2E1HmLA4=
-82,-39,1u1O2DqBbt7i/RLcVwVp7ndD1nI=,hXI6XfewDoG1zKBPokp2E1HmLA4=
-84,-39,1u1O2DqBbt7i/RLcVwVp7ndD1nI=,hXI6XfewDoG1zKBPokp2E1HmLA4=
-86,-39,1u1O2DqBbt7i/RLcVwVp7ndD1nI=,hXI6XfewDoG1zKBPokp2E1HmLA4=
-85,-39,1u1O2DqBbt7i/RLcVwVp7ndD1nI=,hXI6XfewDoG1zKBPokp2E1HmLA4=
-88,-39,1u1O2DqBbt7i/RLcVwVp7ndD1nI=,hXI6XfewDoG1zKBPokp2E1HmLA4=
-87,-39,1u1O2DqBbt7i/RLcVwVp7ndD1nI=,hXI6XfewDoG1zKBPokp2E1HmLA4=
-89,-39,1u1O2DqBbt7i/RLcVwVp7ndD1nI=,hXI6XfewDoG1zKBPokp2E1HmLA4=
-90,-39,1u1O2DqBbt7i/RLcVwVp7ndD1nI=,hXI6XfewDoG1zKBPokp2E1HmLA4=
-92,-39,1u1O2DqBbt7i/RLcVwVp7ndD1nI=,hXI6XfewDoG1zKBPokp2E1HmLA4=
-91,-39,1u1O2DqBbt7i/RLcVwVp7ndD1nI=,hXI6XfewDoG1zKBPokp2E1HmLA4=
-93,-39,1u1O2DqBbt7i/RLcVwVp7ndD1nI=,hXI6XfewDoG1zKBPokp2E1HmLA4=
-85,-48,1u1O2DqBbt7i/RLcVwVp7ndD1nI=,hXI6XfewDoG1zKBPokp2E1HmLA4=
-94,-39,1u1O2DqBbt7i/RLcVwVp7ndD1nI=,hXI6XfewDoG1zKBPokp2E1HmLA4=
-84,-46,1u1O2DqBbt7i/RLcVwVp7ndD1nI=,hXI6XfewDoG1zKBPokp2E1HmLA4=
-85,-47,1u1O2DqBbt7i/RLcVwVp7ndD1nI=,hXI6XfewDoG1zKBPokp2E1HmLA4=
-82,-40,1u1O2DqBbt7i/RLcVwVp7ndD1nI=,hXI6XfewDoG1zKBPokp2E1HmLA4=
-83,-40,1u1O2DqBbt7i/RLcVwVp7ndD1nI=,hXI6XfewDoG1zKBPokp2E1HmLA4=
-84,-40,1u1O2DqBbt7i/RLcVwVp7ndD1nI=,hXI6XfewDoG1zKBPokp2E1HmLA4=
-85,-40,1u1O2DqBbt7i/RLcVwVp7ndD1nI=,hXI6XfewDoG1zKBPokp2E1HmLA4=
-86,-40,1u1O2DqBbt7i/RLcVwVp7ndD1nI=,hXI6XfewDoG1zKBPokp2E1HmLA4=
-87,-40,1u1O2DqBbt7i/RLcVwVp7ndD1nI=,hXI6XfewDoG1zKBPokp2E1HmLA4=
-89,-40,1u1O2DqBbt7i/RLcVwVp7ndD1nI=,hXI6XfewDoG1zKBPokp2E1HmLA4=
-88,-40,1u1O2DqBbt7i/RLcVwVp7ndD1nI=,hXI6XfewDoG1zKBPokp2E1HmLA4=
-90,-40,1u1O2DqBbt7i/RLcVwVp7ndD1nI=,hXI6XfewDoG1zKBPokp2E1HmLA4=
-93,-40,1u1O2DqBbt7i/RLcVwVp7ndD1nI=,hXI6XfewDoG1zKBPokp2E1HmLA4=
-91,-40,1u1O2DqBbt7i/RLcVwVp7ndD1nI=,hXI6XfewDoG1zKBPokp2E1HmLA4=
-92,-40,1u1O2DqBbt7i/RLcVwVp7ndD1nI=,hXI6XfewDoG1zKBPokp2E1HmLA4=
-86,-48,1u1O2DqBbt7i/RLcVwVp7ndD1nI=,hXI6XfewDoG1zKBPokp2E1HmLA4=
-86,-47,1u1O2DqBbt7i/RLcVwVp7ndD1nI=,hXI6XfewDoG1zKBPokp2E1HmLA4=
-82,-41,1u1O2DqBbt7i/RLcVwVp7ndD1nI=,hXI6XfewDoG1zKBPokp2E1HmLA4=
-85,-46,1u1O2DqBbt7i/RLcVwVp7ndD1nI=,hXI6XfewDoG1zKBPokp2E1HmLA4=
-83,-41,1u1O2DqBbt7i/RLcVwVp7ndD1nI=,hXI6XfewDoG1zKBPokp2E1HmLA4=
-84,-41,1u1O2DqBbt7i/RLcVwVp7ndD1nI=,hXI6XfewDoG1zKBPokp2E1HmLA4=
-85,-41,1u1O2DqBbt7i/RLcVwVp7ndD1nI=,hXI6XfewDoG1zKBPokp2E1HmLA4=
-86,-41,1u1O2DqBbt7i/RLcVwVp7ndD1nI=,hXI6XfewDoG1zKBPokp2E1HmLA4=
-87,-41,1u1O2DqBbt7i/RLcVwVp7ndD1nI=,hXI6XfewDoG1zKBPokp2E1HmLA4=
-88,-41,1u1O2DqBbt7i/RLcVwVp7ndD1nI=,hXI6XfewDoG1zKBPokp2E1HmLA4=
-89,-41,1u1O2DqBbt7i/RLcVwVp7ndD1nI=,hXI6XfewDoG1zKBPokp2E1HmLA4=
-90,-41,1u1O2DqBbt7i/RLcVwVp7ndD1nI=,hXI6XfewDoG1zKBPokp2E1HmLA4=
-91,-41,1u1O2DqBbt7i/RLcVwVp7ndD1nI=,hXI6XfewDoG1zKBPokp2E1HmLA4=
-92,-41,1u1O2DqBbt7i/RLcVwVp7ndD1nI=,hXI6XfewDoG1zKBPokp2E1HmLA4=
-93,-41,1u1O2DqBbt7i/RLcVwVp7ndD1nI=,hXI6XfewDoG1zKBPokp2E1HmLA4=
-95,-41,1u1O2DqBbt7i/RLcVwVp7ndD1nI=,hXI6XfewDoG1zKBPokp2E1HmLA4=
-94,-41,1u1O2DqBbt7i/RLcVwVp7ndD1nI=,hXI6XfewDoG1zKBPokp2E1HmLA4=
-87,-48,1u1O2DqBbt7i/RLcVwVp7ndD1nI=,hXI6XfewDoG1zKBPokp2E1HmLA4=
-86,-46,1u1O2DqBbt7i/RLcVwVp7ndD1nI=,hXI6XfewDoG1zKBPokp2E1HmLA4=
-87,-47,1u1O2DqBbt7i/RLcVwVp7ndD1nI=,hXI6XfewDoG1zKBPokp2E1HmLA4=
-82,-42,1u1O2DqBbt7i/RLcVwVp7ndD1nI=,hXI6XfewDoG1zKBPokp2E1HmLA4=
-83,-42,1u1O2DqBbt7i/RLcVwVp7ndD1nI=,hXI6XfewDoG1zKBPokp2E1HmLA4=
-84,-42,1u1O2DqBbt7i/RLcVwVp7ndD1nI=,hXI6XfewDoG1zKBPokp2E1HmLA4=
-85,-42,1u1O2DqBbt7i/RLcVwVp7ndD1nI=,hXI6XfewDoG1zKBPokp2E1HmLA4=
-86,-42,1u1O2DqBbt7i/RLcVwVp7ndD1nI=,hXI6XfewDoG1zKBPokp2E1HmLA4=
-87,-42,1u1O2DqBbt7i/RLcVwVp7ndD1nI=,hXI6XfewDoG1zKBPokp2E1HmLA4=
-88,-42,1u1O2DqBbt7i/RLcVwVp7ndD1nI=,hXI6XfewDoG1zKBPokp2E1HmLA4=
-89,-42,1u1O2DqBbt7i/RLcVwVp7ndD1nI=,hXI6XfewDoG1zKBPokp2E1HmLA4=
-90,-42,1u1O2DqBbt7i/RLcVwVp7ndD1nI=,hXI6XfewDoG1zKBPokp2E1HmLA4=
-91,-42,1u1O2DqBbt7i/RLcVwVp7ndD1nI=,hXI6XfewDoG1zKBPokp2E1HmLA4=
-92,-42,1u1O2DqBbt7i/RLcVwVp7ndD1nI=,hXI6XfewDoG1zKBPokp2E1HmLA4=
-93,-42,1u1O2DqBbt7i/RLcVwVp7ndD1nI=,hXI6XfewDoG1zKBPokp2E1HmLA4=
-94,-42,1u1O2DqBbt7i/RLcVwVp7ndD1nI=,hXI6XfewDoG1zKBPokp2E1HmLA4=
-88,-48,1u1O2DqBbt7i/RLcVwVp7ndD1nI=,hXI6XfewDoG1zKBPokp2E1HmLA4=
-87,-46,1u1O2DqBbt7i/RLcVwVp7ndD1nI=,hXI6XfewDoG1zKBPokp2E1HmLA4=
-88,-47,1u1O2DqBbt7i/RLcVwVp7ndD1nI=,hXI6XfewDoG1zKBPokp2E1HmLA4=
-82,-43,1u1O2DqBbt7i/RLcVwVp7ndD1nI=,hXI6XfewDoG1zKBPokp2E1HmLA4=
-83,-43,1u1O2DqBbt7i/RLcVwVp7ndD1nI=,hXI6XfewDoG1zKBPokp2E1HmLA4=
-84,-43,1u1O2DqBbt7i/RLcVwVp7ndD1nI=,hXI6XfewDoG1zKBPokp2E1HmLA4=
-85,-43,1u1O2DqBbt7i/RLcVwVp7ndD1nI=,hXI6XfewDoG1zKBPokp2E1HmLA4=
-86,-43,1u1O2DqBbt7i/RLcVwVp7ndD1nI=,hXI6XfewDoG1zKBPokp2E1HmLA4=
-87,-43,1u1O2DqBbt7i/RLcVwVp7ndD1nI=,hXI6XfewDoG1zKBPokp2E1HmLA4=
-88,-43,1u1O2DqBbt7i/RLcVwVp7ndD1nI=,hXI6XfewDoG1zKBPokp2E1HmLA4=
-89,-43,1u1O2DqBbt7i/RLcVwVp7ndD1nI=,hXI6XfewDoG1zKBPokp2E1HmLA4=
-90,-43,1u1O2DqBbt7i/RLcVwVp7ndD1nI=,hXI6XfewDoG1zKBPokp2E1HmLA4=
-92,-43,1u1O2DqBbt7i/RLcVwVp7ndD1nI=,hXI6XfewDoG1zKBPokp2E1HmLA4=
-91,-43,1u1O2DqBbt7i/RLcVwVp7ndD1nI=,hXI6XfewDoG1zKBPokp2E1HmLA4=
-93,-43,1u1O2DqBbt7i/RLcVwVp7ndD1nI=,hXI6XfewDoG1zKBPokp2E1HmLA4=
-94,-43,1u1O2DqBbt7i/RLcVwVp7ndD1nI=,hXI6XfewDoG1zKBPokp2E1HmLA4=
-95,-43,1u1O2DqBbt7i/RLcVwVp7ndD1nI=,hXI6XfewDoG1zKBPokp2E1HmLA4=
-89,-48,1u1O2DqBbt7i/RLcVwVp7ndD1nI=,hXI6XfewDoG1zKBPokp2E1HmLA4=
-88,-46,1u1O2DqBbt7i/RLcVwVp7ndD1nI=,hXI6XfewDoG1zKBPokp2E1HmLA4=
-82,-44,1u1O2DqBbt7i/RLcVwVp7ndD1nI=,hXI6XfewDoG1zKBPokp2E1HmLA4=
-89,-47,1u1O2DqBbt7i/RLcVwVp7ndD1nI=,hXI6XfewDoG1zKBPokp2E1HmLA4=
-83,-44,1u1O2DqBbt7i/RLcVwVp7ndD1nI=,hXI6XfewDoG1zKBPokp2E1HmLA4=
-84,-44,1u1O2DqBbt7i/RLcVwVp7ndD1nI=,hXI6XfewDoG1zKBPokp2E1HmLA4=
-86,-44,1u1O2DqBbt7i/RLcVwVp7ndD1nI=,hXI6XfewDoG1zKBPokp2E1HmLA4=
-85,-44,1u1O2DqBbt7i/RLcVwVp7ndD1nI=,hXI6XfewDoG1zKBPokp2E1HmLA4=
-87,-44,1u1O2DqBbt7i/RLcVwVp7ndD1nI=,hXI6XfewDoG1zKBPokp2E1HmLA4=
-88,-44,1u1O2DqBbt7i/RLcVwVp7ndD1nI=,hXI6XfewDoG1zKBPokp2E1HmLA4=
-89,-44,1u1O2DqBbt7i/RLcVwVp7ndD1nI=,hXI6XfewDoG1zKBPokp2E1HmLA4=
-90,-44,1u1O2DqBbt7i/RLcVwVp7ndD1nI=,hXI6XfewDoG1zKBPokp2E1HmLA4=
-91,-44,1u1O2DqBbt7i/RLcVwVp7ndD1nI=,hXI6XfewDoG1zKBPokp2E1HmLA4=
-92,-44,1u1O2DqBbt7i/RLcVwVp7ndD1nI=,hXI6XfewDoG1zKBPokp2E1HmLA4=
-93,-44,1u1O2DqBbt7i/RLcVwVp7ndD1nI=,hXI6XfewDoG1zKBPokp2E1HmLA4=
-94,-44,1u1O2DqBbt7i/RLcVwVp7ndD1nI=,hXI6XfewDoG1zKBPokp2E1HmLA4=
-89,-46,1u1O2DqBbt7i/RLcVwVp7ndD1nI=,hXI6XfewDoG1zKBPokp2E1HmLA4=
-90,-48,1u1O2DqBbt7i/RLcVwVp7ndD1nI=,hXI6XfewDoG1zKBPokp2E1HmLA4=
-90,-47,1u1O2DqBbt7i/RLcVwVp7ndD1nI=,hXI6XfewDoG1zKBPokp2E1HmLA4=
-82,-45,1u1O2DqBbt7i/RLcVwVp7ndD1nI=,hXI6XfewDoG1zKBPokp2E1HmLA4=
-83,-45,1u1O2DqBbt7i/RLcVwVp7ndD1nI=,hXI6XfewDoG1zKBPokp2E1HmLA4=
-84,-45,1u1O2DqBbt7i/RLcVwVp7ndD1nI=,hXI6XfewDoG1zKBPokp2E1HmLA4=
-85,-45,1u1O2DqBbt7i/RLcVwVp7ndD1nI=,hXI6XfewDoG1zKBPokp2E1HmLA4=
-86,-45,1u1O2DqBbt7i/RLcVwVp7ndD1nI=,hXI6XfewDoG1zKBPokp2E1HmLA4=
-87,-45,1u1O2DqBbt7i/RLcVwVp7ndD1nI=,hXI6XfewDoG1zKBPokp2E1HmLA4=
-88,-45,1u1O2DqBbt7i/RLcVwVp7ndD1nI=,hXI6XfewDoG1zKBPokp2E1HmLA4=
-81,-48,1u1O2DqBbt7i/RLcVwVp7ndD1nI=,hXI6XfewDoG1zKBPokp2E1HmLA4=
-93,-34,1u1O2DqBbt7i/RLcVwVp7ndD1nI=,hXI6XfewDoG1zKBPokp2E1HmLA4=
-95,-45,1u1O2DqBbt7i/RLcVwVp7ndD1nI=,hXI6XfewDoG1zKBPokp2E1HmLA4=
-95,-44,1u1O2DqBbt7i/RLcVwVp7ndD1nI=,hXI6XfewDoG1zKBPokp2E1HmLA4=
-94,-34,1u1O2DqBbt7i/RLcVwVp7ndD1nI=,hXI6XfewDoG1zKBPokp2E1HmLA4=
-94,-35,1u1O2DqBbt7i/RLcVwVp7ndD1nI=,hXI6XfewDoG1zKBPokp2E1HmLA4=
-96,-44,1u1O2DqBbt7i/RLcVwVp7ndD1nI=,hXI6XfewDoG1zKBPokp2E1HmLA4=
-96,-34,1u1O2DqBbt7i/RLcVwVp7ndD1nI=,hXI6XfewDoG1zKBPokp2E1HmLA4=
-93,-33,1u1O2DqBbt7i/RLcVwVp7ndD1nI=,hXI6XfewDoG1zKBPokp2E1HmLA4=
-95,-48,1u1O2DqBbt7i/RLcVwVp7ndD1nI=,hXI6XfewDoG1zKBPokp2E1HmLA4=
-96,-35,1u1O2DqBbt7i/RLcVwVp7ndD1nI=,hXI6XfewDoG1zKBPokp2E1HmLA4=
-95,-46,1u1O2DqBbt7i/RLcVwVp7ndD1nI=,hXI6XfewDoG1zKBPokp2E1HmLA4=
-96,-36,1u1O2DqBbt7i/RLcVwVp7ndD1nI=,hXI6XfewDoG1zKBPokp2E1HmLA4=
-95,-34,1u1O2DqBbt7i/RLcVwVp7ndD1nI=,hXI6XfewDoG1zKBPokp2E1HmLA4=
-96,-47,1u1O2DqBbt7i/RLcVwVp7ndD1nI=,hXI6XfewDoG1zKBPokp2E1HmLA4=
-94,-38,1u1O2DqBbt7i/RLcVwVp7ndD1nI=,hXI6XfewDoG1zKBPokp2E1HmLA4=
-94,-48,1u1O2DqBbt7i/RLcVwVp7ndD1nI=,hXI6XfewDoG1zKBPokp2E1HmLA4=
-96,-33,1u1O2DqBbt7i/RLcVwVp7ndD1nI=,hXI6XfewDoG1zKBPokp2E1HmLA4=
-95,-33,1u1O2DqBbt7i/RLcVwVp7ndD1nI=,hXI6XfewDoG1zKBPokp2E1HmLA4=
-96,-43,1u1O2DqBbt7i/RLcVwVp7ndD1nI=,hXI6XfewDoG1zKBPokp2E1HmLA4=
-94,-40,1u1O2DqBbt7i/RLcVwVp7ndD1nI=,hXI6XfewDoG1zKBPokp2E1HmLA4=
-95,-37,1u1O2DqBbt7i/RLcVwVp7ndD1nI=,hXI6XfewDoG1zKBPokp2E1HmLA4=
-95,-42,1u1O2DqBbt7i/RLcVwVp7ndD1nI=,hXI6XfewDoG1zKBPokp2E1HmLA4=
-95,-39,1u1O2DqBbt7i/RLcVwVp7ndD1nI=,hXI6XfewDoG1zKBPokp2E1HmLA4=
-94,-33,1u1O2DqBbt7i/RLcVwVp7ndD1nI=,hXI6XfewDoG1zKBPokp2E1HmLA4=
-95,-35,1u1O2DqBbt7i/RLcVwVp7ndD1nI=,hXI6XfewDoG1zKBPokp2E1HmLA4=
-95,-40,1u1O2DqBbt7i/RLcVwVp7ndD1nI=,hXI6XfewDoG1zKBPokp2E1HmLA4=
-95,-36,1u1O2DqBbt7i/RLcVwVp7ndD1nI=,hXI6XfewDoG1zKBPokp2E1HmLA4=
-96,-37,1u1O2DqBbt7i/RLcVwVp7ndD1nI=,hXI6XfewDoG1zKBPokp2E1HmLA4=
-96,-48,1u1O2DqBbt7i/RLcVwVp7ndD1nI=,hXI6XfewDoG1zKBPokp2E1HmLA4=
-96,-45,1u1O2DqBbt7i/RLcVwVp7ndD1nI=,hXI6XfewDoG1zKBPokp2E1HmLA4=
-96,-40,1u1O2DqBbt7i/RLcVwVp7ndD1nI=,hXI6XfewDoG1zKBPokp2E1HmLA4=
-96,-46,1u1O2DqBbt7i/RLcVwVp7ndD1nI=,hXI6XfewDoG1zKBPokp2E1HmLA4=
-96,-42,1u1O2DqBbt7i/RLcVwVp7ndD1nI=,hXI6XfewDoG1zKBPokp2E1HmLA4=
-95,-38,1u1O2DqBbt7i/RLcVwVp7ndD1nI=,hXI6XfewDoG1zKBPokp2E1HmLA4=
-96,-39,1u1O2DqBbt7i/RLcVwVp7ndD1nI=,hXI6XfewDoG1zKBPokp2E1HmLA4=
-96,-41,1u1O2DqBbt7i/RLcVwVp7ndD1nI=,hXI6XfewDoG1zKBPokp2E1HmLA4=
-96,-38,1u1O2DqBbt7i/RLcVwVp7ndD1nI=,hXI6XfewDoG1zKBPokp2E1HmLA4=
