38,99,IT/mkV6/Rp+l+WOlxg08AoBuseU=,e7AGPhmmDN65JkMj17tnmB4Fwd8=
41,99,IT/mkV6/Rp+l+WOlxg08AoBuseU=,e7AGPhmmDN65JkMj17tnmB4Fwd8=
42,99,IT/mkV6/Rp+l+WOlxg08AoBuseU=,e7AGPhmmDN65JkMj17tnmB4Fwd8=
43,99,IT/mkV6/Rp+l+WOlxg08AoBuseU=,e7AGPhmmDN65JkMj17tnmB4Fwd8=
44,99,IT/mkV6/Rp+l+WOlxg08AoBuseU=,e7AGPhmmDN65JkMj17tnmB4Fwd8=
45,99,IT/mkV6/Rp+l+WOlxg08AoBuseU=,e7AGPhmmDN65JkMj17tnmB4Fwd8=
46,99,IT/mkV6/Rp+l+WOlxg08AoBuseU=,e7AGPhmmDN65JkMj17tnmB4Fwd8=
32,100,IT/mkV6/Rp+l+WOlxg08AoBuseU=,e7AGPhmmDN65JkMj17tnmB4Fwd8=
33,100,IT/mkV6/Rp+l+WOlxg08AoBuseU=,e7AGPhmmDN65JkMj17tnmB4Fwd8=
34,100,IT/mkV6/Rp+l+WOlxg08AoBuseU=,e7AGPhmmDN65JkMj17tnmB4Fwd8=
35,100,IT/mkV6/Rp+l+WOlxg08AoBuseU=,e7AGPhmmDN65JkMj17tnmB4Fwd8=
36,100,IT/mkV6/Rp+l+WOlxg08AoBuseU=,e7AGPhmmDN65JkMj17tnmB4Fwd8=
37,100,IT/mkV6/Rp+l+WOlxg08AoBuseU=,e7AGPhmmDN65JkMj17tnmB4Fwd8=
38,100,IT/mkV6/Rp+l+WOlxg08AoBuseU=,e7AGPhmmDN65JkMj17tnmB4Fwd8=
39,100,IT/mkV6/Rp+l+WOlxg08AoBuseU=,e7AGPhmmDN65JkMj17tnmB4Fwd8=
42,100,IT/mkV6/Rp+l+WOlxg08AoBuseU=,e7AGPhmmDN65JkMj17tnmB4Fwd8=
43,100,IT/mkV6/Rp+l+WOlxg08AoBuseU=,e7AGPhmmDN65JkMj17tnmB4Fwd8=
44,100,IT/mkV6/Rp+l+WOlxg08AoBuseU=,e7AGPhmmDN65JkMj17tnmB4Fwd8=
45,100,IT/mkV6/Rp+l+WOlxg08AoBuseU=,e7AGPhmmDN65JkMj17tnmB4Fwd8=
46,100,IT/mkV6/Rp+l+WOlxg08AoBuseU=,e7AGPhmmDN65JkMj17tnmB4Fwd8=
40,98,IT/mkV6/Rp+l+WOlxg08AoBuseU=,e7AGPhmmDN65JkMj17tnmB4Fwd8=
32,101,IT/mkV6/Rp+l+WOlxg08AoBuseU=,e7AGPhmmDN65JkMj17tnmB4Fwd8=
33,101,IT/mkV6/Rp+l+WOlxg08AoBuseU=,e7AGPhmmDN65JkMj17tnmB4Fwd8=
34,101,IT/mkV6/Rp+l+WOlxg08AoBuseU=,e7AGPhmmDN65JkMj17tnmB4Fwd8=
35,101,IT/mkV6/Rp+l+WOlxg08AoBuseU=,e7AGPhmmDN65JkMj17tnmB4Fwd8=
36,101,IT/mkV6/Rp+l+WOlxg08AoBuseU=,e7AGPhmmDN65JkMj17tnmB4Fwd8=
38,101,IT/mkV6/Rp+l+WOlxg08AoBuseU=,e7AGPhmmDN65JkMj17tnmB4Fwd8=
37,101,IT/mkV6/Rp+l+WOlxg08AoBuseU=,e7AGPhmmDN65JkMj17tnmB4Fwd8=
39,101,IT/mkV6/Rp+l+WOlxg08AoBuseU=,e7AGPhmmDN65JkMj17tnmB4Fwd8=
42,101,IT/mkV6/Rp+l+WOlxg08AoBuseU=,e7AGPhmmDN65JkMj17tnmB4Fwd8=
43,101,IT/mkV6/Rp+l+WOlxg08AoBuseU=,e7AGPhmmDN65JkMj17tnmB4Fwd8=
44,101,IT/mkV6/Rp+l+WOlxg08AoBuseU=,e7AGPhmmDN65JkMj17tnmB4Fwd8=
45,101,IT/mkV6/Rp+l+WOlxg08AoBuseU=,e7AGPhmmDN65JkMj17tnmB4Fwd8=
46,101,IT/mkV6/Rp+l+WOlxg08AoBuseU=,e7AGPhmmDN65JkMj17tnmB4Fwd8=
40,97,IT/mkV6/Rp+l+WOlxg08AoBuseU=,e7AGPhmmDN65JkMj17tnmB4Fwd8=
41,98,IT/mkV6/Rp+l+WOlxg08AoBuseU=,e7AGPhmmDN65JkMj17tnmB4Fwd8=
40,96,IT/mkV6/Rp+l+WOlxg08AoBuseU=,e7AGPhmmDN65JkMj17tnmB4Fwd8=
32,102,IT/mkV6/Rp+l+WOlxg08AoBuseU=,e7AGPhmmDN65JkMj17tnmB4Fwd8=
33,102,IT/mkV6/Rp+l+WOlxg08AoBuseU=,e7AGPhmmDN65JkMj17tnmB4Fwd8=
34,102,IT/mkV6/Rp+l+WOlxg08AoBuseU=,e7AGPhmmDN65JkMj17tnmB4Fwd8=
35,102,IT/mkV6/Rp+l+WOlxg08AoBuseU=,e7AGPhmmDN65JkMj17tnmB4Fwd8=
36,102,IT/mkV6/Rp+l+WOlxg08AoBuseU=,e7AGPhmmDN65JkMj17tnmB4Fwd8=
37,102,IT/mkV6/Rp+l+WOlxg08AoBuseU=,e7AGPhmmDN65JkMj17tnmB4Fwd8=
38,102,IT/mkV6/Rp+l+WOlxg08AoBuseU=,e7AGPhmmDN65JkMj17tnmB4Fwd8=
39,102,IT/mkV6/Rp+l+WOlxg08AoBuseU=,e7AGPhmmDN65JkMj17tnmB4Fwd8=
42,102,IT/mkV6/Rp+l+WOlxg08AoBuseU=,e7AGPhmmDN65JkMj17tnmB4Fwd8=
43,102,IT/mkV6/Rp+l+WOlxg08AoBuseU=,e7AGPhmmDN65JkMj17tnmB4Fwd8=
44,102,IT/mkV6/Rp+l+WOlxg08AoBuseU=,e7AGPhmmDN65JkMj17tnmB4Fwd8=
45,102,IT/mkV6/Rp+l+WOlxg08AoBuseU=,e7AGPhmmDN65JkMj17tnmB4Fwd8=
46,102,IT/mkV6/Rp+l+WOlxg08AoBuseU=,e7AGPhmmDN65JkMj17tnmB4Fwd8=
41,97,IT/mkV6/Rp+l+WOlxg08AoBuseU=,e7AGPhmmDN65JkMj17tnmB4Fwd8=
41,96,IT/mkV6/Rp+l+WOlxg08AoBuseU=,e7AGPhmmDN65JkMj17tnmB4Fwd8=
42,98,IT/mkV6/Rp+l+WOlxg08AoBuseU=,e7AGPhmmDN65JkMj17tnmB4Fwd8=
32,103,IT/mkV6/Rp+l+WOlxg08AoBuseU=,e7AGPhmmDN65JkMj17tnmB4Fwd8=
33,103,IT/mkV6/Rp+l+WOlxg08AoBuseU=,e7AGPhmmDN65JkMj17tnmB4Fwd8=
34,103,IT/mkV6/Rp+l+WOlxg08AoBuseU=,e7AGPhmmDN65JkMj17tnmB4Fwd8=
35,103,IT/mkV6/Rp+l+WOlxg08AoBuseU=,e7AGPhmmDN65JkMj17tnmB4Fwd8=
36,103,IT/mkV6/Rp+l+WOlxg08AoBuseU=,e7AGPhmmDN65JkMj17tnmB4Fwd8=
37,103,IT/mkV6/Rp+l+WOlxg08AoBuseU=,e7AGPhmmDN65JkMj17tnmB4Fwd8=
38,103,IT/mkV6/Rp+l+WOlxg08AoBuseU=,e7AGPhmmDN65JkMj17tnmB4Fwd8=
39,103,IT/mkV6/Rp+l+WOlxg08AoBuseU=,e7AGPhmmDN65JkMj17tnmB4Fwd8=
42,103,IT/mkV6/Rp+l+WOlxg08AoBuseU=,e7AGPhmmDN65JkMj17tnmB4Fwd8=
43,103,IT/mkV6/Rp+l+WOlxg08AoBuseU=,e7AGPhmmDN65JkMj17tnmB4Fwd8=
44,103,IT/mkV6/Rp+l+WOlxg08AoBuseU=,e7AGPhmmDN65JkMj17tnmB4Fwd8=
45,103,IT/mkV6/Rp+l+WOlxg08AoBuseU=,e7AGPhmmDN65JkMj17tnmB4Fwd8=
46,103,IT/mkV6/Rp+l+WOlxg08AoBuseU=,e7AGPhmmDN65JkMj17tnmB4Fwd8=
42,97,IT/mkV6/Rp+l+WOlxg08AoBuseU=,e7AGPhmmDN65JkMj17tnmB4Fwd8=
42,96,IT/mkV6/Rp+l+WOlxg08AoBuseU=,e7AGPhmmDN65JkMj17tnmB4Fwd8=
43,98,IT/mkV6/Rp+l+WOlxg08AoBuseU=,e7AGPhmmDN65JkMj17tnmB4Fwd8=
32,104,IT/mkV6/Rp+l+WOlxg08AoBuseU=,e7AGPhmmDN65JkMj17tnmB4Fwd8=
33,104,IT/mkV6/Rp+l+WOlxg08AoBuseU=,e7AGPhmmDN65JkMj17tnmB4Fwd8=
34,104,IT/mkV6/Rp+l+WOlxg08AoBuseU=,e7AGPhmmDN65JkMj17tnmB4Fwd8=
35,104,IT/mkV6/Rp+l+WOlxg08AoBuseU=,e7AGPhmmDN65JkMj17tnmB4Fwd8=
36,104,IT/mkV6/Rp+l+WOlxg08AoBuseU=,e7AGPhmmDN65JkMj17tnmB4Fwd8=
37,104,IT/mkV6/Rp+l+WOlxg08AoBuseU=,e7AGPhmmDN65JkMj17tnmB4Fwd8=
38,104,IT/mkV6/Rp+l+WOlxg08AoBuseU=,e7AGPhmmDN65JkMj17tnmB4Fwd8=
39,104,IT/mkV6/Rp+l+WOlxg08AoBuseU=,e7AGPhmmDN65JkMj17tnmB4Fwd8=
32,96,IT/mkV6/Rp+l+WOlxg08AoBuseU=,e7AGPhmmDN65JkMj17tnmB4Fwd8=
43,104,IT/mkV6/Rp+l+WOlxg08AoBuseU=,e7AGPhmmDN65JkMj17tnmB4Fwd8=
44,104,IT/mkV6/Rp+l+WOlxg08AoBuseU=,e7AGPhmmDN65JkMj17tnmB4Fwd8=
45,104,IT/mkV6/Rp+l+WOlxg08AoBuseU=,e7AGPhmmDN65JkMj17tnmB4Fwd8=
46,104,IT/mkV6/Rp+l+WOlxg08AoBuseU=,e7AGPhmmDN65JkMj17tnmB4Fwd8=
43,97,IT/mkV6/Rp+l+WOlxg08AoBuseU=,e7AGPhmmDN65JkMj17tnmB4Fwd8=
43,96,IT/mkV6/Rp+l+WOlxg08AoBuseU=,e7AGPhmmDN65JkMj17tnmB4Fwd8=
32,105,IT/mkV6/Rp+l+WOlxg08AoBuseU=,e7AGPhmmDN65JkMj17tnmB4Fwd8=
44,98,IT/mkV6/Rp+l+WOlxg08AoBuseU=,e7AGPhmmDN65JkMj17tnmB4Fwd8=
33,105,IT/mkV6/Rp+l+WOlxg08AoBuseU=,e7AGPhmmDN65JkMj17tnmB4Fwd8=
34,105,IT/mkV6/Rp+l+WOlxg08AoBuseU=,e7AGPhmmDN65JkMj17tnmB4Fwd8=
35,105,IT/mkV6/Rp+l+WOlxg08AoBuseU=,e7AGPhmmDN65JkMj17tnmB4Fwd8=
36,105,IT/mkV6/Rp+l+WOlxg08AoBuseU=,e7AGPhmmDN65JkMj17tnmB4Fwd8=
37,105,IT/mkV6/Rp+l+WOlxg08AoBuseU=,e7AGPhmmDN65JkMj17tnmB4Fwd8=
38,105,IT/mkV6/Rp+l+WOlxg08AoBuseU=,e7AGPhmmDN65JkMj17tnmB4Fwd8=
39,105,IT/mkV6/Rp+l+WOlxg08AoBuseU=,e7AGPhmmDN65JkMj17tnmB4Fwd8=
42,105,IT/mkV6/Rp+l+WOlxg08AoBuseU=,e7AGPhmmDN65JkMj17tnmB4Fwd8=
44,105,IT/mkV6/Rp+l+WOlxg08AoBuseU=,e7AGPhmmDN65JkMj17tnmB4Fwd8=
45,105,IT/mkV6/Rp+l+WOlxg08AoBuseU=,e7AGPhmmDN65JkMj17tnmB4Fwd8=
46,105,IT/mkV6/Rp+l+WOlxg08AoBuseU=,e7AGPhmmDN65JkMj17tnmB4Fwd8=
44,97,IT/mkV6/Rp+l+WOlxg08AoBuseU=,e7AGPhmmDN65JkMj17tnmB4Fwd8=
32,106,IT/mkV6/Rp+l+WOlxg08AoBuseU=,e7AGPhmmDN65JkMj17tnmB4Fwd8=
44,96,IT/mkV6/Rp+l+WOlxg08AoBuseU=,e7AGPhmmDN65JkMj17tnmB4Fwd8=
45,98,IT/mkV6/Rp+l+WOlxg08AoBuseU=,e7AGPhmmDN65JkMj17tnmB4Fwd8=
33,106,IT/mkV6/Rp+l+WOlxg08AoBuseU=,e7AGPhmmDN65JkMj17tnmB4Fwd8=
34,106,IT/mkV6/Rp+l+WOlxg08AoBuseU=,e7AGPhmmDN65JkMj17tnmB4Fwd8=
35,106,IT/mkV6/Rp+l+WOlxg08AoBuseU=,e7AGPhmmDN65JkMj17tnmB4Fwd8=
36,106,IT/mkV6/Rp+l+WOlxg08AoBuseU=,e7AGPhmmDN65JkMj17tnmB4Fwd8=
37,106,IT/mkV6/Rp+l+WOlxg08AoBuseU=,e7AGPhmmDN65JkMj17tnmB4Fwd8=
38,106,IT/mkV6/Rp+l+WOlxg08AoBuseU=,e7AGPhmmDN65JkMj17tnmB4Fwd8=
39,106,IT/mkV6/Rp+l+WOlxg08AoBuseU=,e7AGPhmmDN65JkMj17tnmB4Fwd8=
40,106,IT/mkV6/Rp+l+WOlxg08AoBuseU=,e7AGPhmmDN65JkMj17tnmB4Fwd8=
42,106,IT/mkV6/Rp+l+WOlxg08AoBuseU=,e7AGPhmmDN65JkMj17tnmB4Fwd8=
43,106,IT/mkV6/Rp+l+WOlxg08AoBuseU=,e7AGPhmmDN65JkMj17tnmB4Fwd8=
44,106,IT/mkV6/Rp+l+WOlxg08AoBuseU=,e7AGPhmmDN65JkMj17tnmB4Fwd8=
45,106,IT/mkV6/Rp+l+WOlxg08AoBuseU=,e7AGPhmmDN65JkMj17tnmB4Fwd8=
46,106,IT/mkV6/Rp+l+WOlxg08AoBuseU=,e7AGPhmmDN65JkMj17tnmB4Fwd8=
45,97,IT/mkV6/Rp+l+WOlxg08AoBuseU=,e7AGPhmmDN65JkMj17tnmB4Fwd8=
32,107,IT/mkV6/Rp+l+WOlxg08AoBuseU=,e7AGPhmmDN65JkMj17tnmB4Fwd8=
46,98,IT/mkV6/Rp+l+WOlxg08AoBuseU=,e7AGPhmmDN65JkMj17tnmB4Fwd8=
45,96,IT/mkV6/Rp+l+WOlxg08AoBuseU=,e7AGPhmmDN65JkMj17tnmB4Fwd8=
33,107,IT/mkV6/Rp+l+WOlxg08AoBuseU=,e7AGPhmmDN65JkMj17tnmB4Fwd8=
34,107,IT/mkV6/Rp+l+WOlxg08AoBuseU=,e7AGPhmmDN65JkMj17tnmB4Fwd8=
35,107,IT/mkV6/Rp+l+WOlxg08AoBuseU=,e7AGPhmmDN65JkMj17tnmB4Fwd8=
36,107,IT/mkV6/Rp+l+WOlxg08AoBuseU=,e7AGPhmmDN65JkMj17tnmB4Fwd8=
37,107,IT/mkV6/Rp+l+WOlxg08AoBuseU=,e7AGPhmmDN65JkMj17tnmB4Fwd8=
38,107,IT/mkV6/Rp+l+WOlxg08AoBuseU=,e7AGPhmmDN65JkMj17tnmB4Fwd8=
39,107,IT/mkV6/Rp+l+WOlxg08AoBuseU=,e7AGPhmmDN65JkMj17tnmB4Fwd8=
40,107,IT/mkV6/Rp+l+WOlxg08AoBuseU=,e7AGPhmmDN65JkMj17tnmB4Fwd8=
43,107,IT/mkV6/Rp+l+WOlxg08AoBuseU=,e7AGPhmmDN65JkMj17tnmB4Fwd8=
46,97,IT/mkV6/Rp+l+WOlxg08AoBuseU=,e7AGPhmmDN65JkMj17tnmB4Fwd8=
32,98,IT/mkV6/Rp+l+WOlxg08AoBuseU=,e7AGPhmmDN65JkMj17tnmB4Fwd8=
46,96,IT/mkV6/Rp+l+WOlxg08AoBuseU=,e7AGPhmmDN65JkMj17tnmB4Fwd8=
34,96,IT/mkV6/Rp+l+WOlxg08AoBuseU=,e7AGPhmmDN65JkMj17tnmB4Fwd8=
32,99,IT/mkV6/Rp+l+WOlxg08AoBuseU=,e7AGPhmmDN65JkMj17tnmB4Fwd8=
32,97,IT/mkV6/Rp+l+WOlxg08AoBuseU=,e7AGPhmmDN65JkMj17tnmB4Fwd8=
32,108,IT/mkV6/Rp+l+WOlxg08AoBuseU=,e7AGPhmmDN65JkMj17tnmB4Fwd8=
33,97,IT/mkV6/Rp+l+WOlxg08AoBuseU=,e7AGPhmmDN65JkMj17tnmB4Fwd8=
33,108,IT/mkV6/Rp+l+WOlxg08AoBuseU=,e7AGPhmmDN65JkMj17tnmB4Fwd8=
34,108,IT/mkV6/Rp+l+WOlxg08AoBuseU=,e7AGPhmmDN65JkMj17tnmB4Fwd8=
35,108,IT/mkV6/Rp+l+WOlxg08AoBuseU=,e7AGPhmmDN65JkMj17tnmB4Fwd8=
36,108,IT/mkV6/Rp+l+WOlxg08AoBuseU=,e7AGPhmmDN65JkMj17tnmB4Fwd8=
37,108,IT/mkV6/Rp+l+WOlxg08AoBuseU=,e7AGPhmmDN65JkMj17tnmB4Fwd8=
38,108,IT/mkV6/Rp+l+WOlxg08AoBuseU=,e7AGPhmmDN65JkMj17tnmB4Fwd8=
39,108,IT/mkV6/Rp+l+WOlxg08AoBuseU=,e7AGPhmmDN65JkMj17tnmB4Fwd8=
40,108,IT/mkV6/Rp+l+WOlxg08AoBuseU=,e7AGPhmmDN65JkMj17tnmB4Fwd8=
32,109,IT/mkV6/Rp+l+WOlxg08AoBuseU=,e7AGPhmmDN65JkMj17tnmB4Fwd8=
33,98,IT/mkV6/Rp+l+WOlxg08AoBuseU=,e7AGPhmmDN65JkMj17tnmB4Fwd8=
34,97,IT/mkV6/Rp+l+WOlxg08AoBuseU=,e7AGPhmmDN65JkMj17tnmB4Fwd8=
33,109,IT/mkV6/Rp+l+WOlxg08AoBuseU=,e7AGPhmmDN65JkMj17tnmB4Fwd8=
34,109,IT/mkV6/Rp+l+WOlxg08AoBuseU=,e7AGPhmmDN65JkMj17tnmB4Fwd8=
35,109,IT/mkV6/Rp+l+WOlxg08AoBuseU=,e7AGPhmmDN65JkMj17tnmB4Fwd8=
36,109,IT/mkV6/Rp+l+WOlxg08AoBuseU=,e7AGPhmmDN65JkMj17tnmB4Fwd8=
37,109,IT/mkV6/Rp+l+WOlxg08AoBuseU=,e7AGPhmmDN65JkMj17tnmB4Fwd8=
38,109,IT/mkV6/Rp+l+WOlxg08AoBuseU=,e7AGPhmmDN65JkMj17tnmB4Fwd8=
39,109,IT/mkV6/Rp+l+WOlxg08AoBuseU=,e7AGPhmmDN65JkMj17tnmB4Fwd8=
40,109,IT/mkV6/Rp+l+WOlxg08AoBuseU=,e7AGPhmmDN65JkMj17tnmB4Fwd8=
34,98,IT/mkV6/Rp+l+WOlxg08AoBuseU=,e7AGPhmmDN65JkMj17tnmB4Fwd8=
35,97,IT/mkV6/Rp+l+WOlxg08AoBuseU=,e7AGPhmmDN65JkMj17tnmB4Fwd8=
36,110,IT/mkV6/Rp+l+WOlxg08AoBuseU=,e7AGPhmmDN65JkMj17tnmB4Fwd8=
37,110,IT/mkV6/Rp+l+WOlxg08AoBuseU=,e7AGPhmmDN65JkMj17tnmB4Fwd8=
38,110,IT/mkV6/Rp+l+WOlxg08AoBuseU=,e7AGPhmmDN65JkMj17tnmB4Fwd8=
35,98,IT/mkV6/Rp+l+WOlxg08AoBuseU=,e7AGPhmmDN65JkMj17tnmB4Fwd8=
33,99,IT/mkV6/Rp+l+WOlxg08AoBuseU=,e7AGPhmmDN65JkMj17tnmB4Fwd8=
36,96,IT/mkV6/Rp+l+WOlxg08AoBuseU=,e7AGPhmmDN65JkMj17tnmB4Fwd8=
36,98,IT/mkV6/Rp+l+WOlxg08AoBuseU=,e7AGPhmmDN65JkMj17tnmB4Fwd8=
34,99,IT/mkV6/Rp+l+WOlxg08AoBuseU=,e7AGPhmmDN65JkMj17tnmB4Fwd8=
33,96,IT/mkV6/Rp+l+WOlxg08AoBuseU=,e7AGPhmmDN65JkMj17tnmB4Fwd8=
36,97,IT/mkV6/Rp+l+WOlxg08AoBuseU=,e7AGPhmmDN65JkMj17tnmB4Fwd8=
35,99,IT/mkV6/Rp+l+WOlxg08AoBuseU=,e7AGPhmmDN65JkMj17tnmB4Fwd8=
36,99,IT/mkV6/Rp+l+WOlxg08AoBuseU=,e7AGPhmmDN65JkMj17tnmB4Fwd8=
37,98,IT/mkV6/Rp+l+WOlxg08AoBuseU=,e7AGPhmmDN65JkMj17tnmB4Fwd8=
35,96,IT/mkV6/Rp+l+WOlxg08AoBuseU=,e7AGPhmmDN65JkMj17tnmB4Fwd8=
38,98,IT/mkV6/Rp+l+WOlxg08AoBuseU=,e7AGPhmmDN65JkMj17tnmB4Fwd8=
37,97,IT/mkV6/Rp+l+WOlxg08AoBuseU=,e7AGPhmmDN65JkMj17tnmB4Fwd8=
39,111,IT/mkV6/Rp+l+WOlxg08AoBuseU=,e7AGPhmmDN65JkMj17tnmB4Fwd8=
37,99,IT/mkV6/Rp+l+WOlxg08AoBuseU=,e7AGPhmmDN65JkMj17tnmB4Fwd8=
39,99,IT/mkV6/Rp+l+WOlxg08AoBuseU=,e7AGPhmmDN65JkMj17tnmB4Fwd8=
37,96,IT/mkV6/Rp+l+WOlxg08AoBuseU=,e7AGPhmmDN65JkMj17tnmB4Fwd8=
38,97,IT/mkV6/Rp+l+WOlxg08AoBuseU=,e7AGPhmmDN65JkMj17tnmB4Fwd8=
39,98,IT/mkV6/Rp+l+WOlxg08AoBuseU=,e7AGPhmmDN65JkMj17tnmB4Fwd8=
38,111,IT/mkV6/Rp+l+WOlxg08AoBuseU=,e7AGPhmmDN65JkMj17tnmB4Fwd8=
39,97,IT/mkV6/Rp+l+WOlxg08AoBuseU=,e7AGPhmmDN65JkMj17tnmB4Fwd8=
38,96,IT/mkV6/Rp+l+WOlxg08AoBuseU=,e7AGPhmmDN65JkMj17tnmB4Fwd8=
39,96,IT/mkV6/Rp+l+WOlxg08AoBuseU=,e7AGPhmmDN65JkMj17tnmB4Fwd8=
34,110,IT/mkV6/Rp+l+WOlxg08AoBuseU=,e7AGPhmmDN65JkMj17tnmB4Fwd8=
32,110,IT/mkV6/Rp+l+WOlxg08AoBuseU=,e7AGPhmmDN65JkMj17tnmB4Fwd8=
35,110,IT/mkV6/Rp+l+WOlxg08AoBuseU=,e7AGPhmmDN65JkMj17tnmB4Fwd8=
39,110,IT/mkV6/Rp+l+WOlxg08AoBuseU=,e7AGPhmmDN65JkMj17tnmB4Fwd8=
32,111,IT/mkV6/Rp+l+WOlxg08AoBuseU=,e7AGPhmmDN65JkMj17tnmB4Fwd8=
33,110,IT/mkV6/Rp+l+WOlxg08AoBuseU=,e7AGPhmmDN65JkMj17tnmB4Fwd8=
34,111,IT/mkV6/Rp+l+WOlxg08AoBuseU=,e7AGPhmmDN65JkMj17tnmB4Fwd8=
33,111,IT/mkV6/Rp+l+WOlxg08AoBuseU=,e7AGPhmmDN65JkMj17tnmB4Fwd8=
37,111,IT/mkV6/Rp+l+WOlxg08AoBuseU=,e7AGPhmmDN65JkMj17tnmB4Fwd8=
35,111,IT/mkV6/Rp+l+WOlxg08AoBuseU=,e7AGPhmmDN65JkMj17tnmB4Fwd8=
36,111,IT/mkV6/Rp+l+WOlxg08AoBuseU=,e7AGPhmmDN65JkMj17tnmB4Fwd8=
47,99,IT/mkV6/Rp+l+WOlxg08AoBuseU=,e7AGPhmmDN65JkMj17tnmB4Fwd8=
47,100,IT/mkV6/Rp+l+WOlxg08AoBuseU=,e7AGPhmmDN65JkMj17tnmB4Fwd8=
47,101,IT/mkV6/Rp+l+WOlxg08AoBuseU=,e7AGPhmmDN65JkMj17tnmB4Fwd8=
47,102,IT/mkV6/Rp+l+WOlxg08AoBuseU=,e7AGPhmmDN65JkMj17tnmB4Fwd8=
47,103,IT/mkV6/Rp+l+WOlxg08AoBuseU=,e7AGPhmmDN65JkMj17tnmB4Fwd8=
47,104,IT/mkV6/Rp+l+WOlxg08AoBuseU=,e7AGPhmmDN65JkMj17tnmB4Fwd8=
47,105,IT/mkV6/Rp+l+WOlxg08AoBuseU=,e7AGPhmmDN65JkMj17tnmB4Fwd8=
47,96,IT/mkV6/Rp+l+WOlxg08AoBuseU=,e7AGPhmmDN65JkMj17tnmB4Fwd8=
47,98,IT/mkV6/Rp+l+WOlxg08AoBuseU=,e7AGPhmmDN65JkMj17tnmB4Fwd8=
47,97,IT/mkV6/Rp+l+WOlxg08AoBuseU=,e7AGPhmmDN65JkMj17tnmB4Fwd8=
47,106,IT/mkV6/Rp+l+WOlxg08AoBuseU=,e7AGPhmmDN65JkMj17tnmB4Fwd8=
47,108,IT/mkV6/Rp+l+WOlxg08AoBuseU=,e7AGPhmmDN65JkMj17tnmB4Fwd8=
40,103,IT/mkV6/Rp+l+WOlxg08AoBuseU=,e7AGPhmmDN65JkMj17tnmB4Fwd8=
40,101,IT/mkV6/Rp+l+WOlxg08AoBuseU=,e7AGPhmmDN65JkMj17tnmB4Fwd8=
40,99,IT/mkV6/Rp+l+WOlxg08AoBuseU=,e7AGPhmmDN65JkMj17tnmB4Fwd8=
40,102,IT/mkV6/Rp+l+WOlxg08AoBuseU=,e7AGPhmmDN65JkMj17tnmB4Fwd8=
40,100,IT/mkV6/Rp+l+WOlxg08AoBuseU=,e7AGPhmmDN65JkMj17tnmB4Fwd8=
41,101,IT/mkV6/Rp+l+WOlxg08AoBuseU=,e7AGPhmmDN65JkMj17tnmB4Fwd8=
41,100,IT/mkV6/Rp+l+WOlxg08AoBuseU=,e7AGPhmmDN65JkMj17tnmB4Fwd8=
40,104,IT/mkV6/Rp+l+WOlxg08AoBuseU=,e7AGPhmmDN65JkMj17tnmB4Fwd8=
41,102,IT/mkV6/Rp+l+WOlxg08AoBuseU=,e7AGPhmmDN65JkMj17tnmB4Fwd8=
40,105,IT/mkV6/Rp+l+WOlxg08AoBuseU=,e7AGPhmmDN65JkMj17tnmB4Fwd8=
43,105,IT/mkV6/Rp+l+WOlxg08AoBuseU=,e7AGPhmmDN65JkMj17tnmB4Fwd8=
47,107,IT/mkV6/Rp+l+WOlxg08AoBuseU=,e7AGPhmmDN65JkMj17tnmB4Fwd8=
44,107,IT/mkV6/Rp+l+WOlxg08AoBuseU=,e7AGPhmmDN65JkMj17tnmB4Fwd8=
45,107,IT/mkV6/Rp+l+WOlxg08AoBuseU=,e7AGPhmmDN65JkMj17tnmB4Fwd8=
42,104,IT/mkV6/Rp+l+WOlxg08AoBuseU=,e7AGPhmmDN65JkMj17tnmB4Fwd8=
47,109,IT/mkV6/Rp+l+WOlxg08AoBuseU=,e7AGPhmmDN65JkMj17tnmB4Fwd8=
43,108,IT/mkV6/Rp+l+WOlxg08AoBuseU=,e7AGPhmmDN65JkMj17tnmB4Fwd8=
45,108,IT/mkV6/Rp+l+WOlxg08AoBuseU=,e7AGPhmmDN65JkMj17tnmB4Fwd8=
41,107,IT/mkV6/Rp+l+WOlxg08AoBuseU=,e7AGPhmmDN65JkMj17tnmB4Fwd8=
47,110,IT/mkV6/Rp+l+WOlxg08AoBuseU=,e7AGPhmmDN65JkMj17tnmB4Fwd8=
41,104,IT/mkV6/Rp+l+WOlxg08AoBuseU=,e7AGPhmmDN65JkMj17tnmB4Fwd8=
46,107,IT/mkV6/Rp+l+WOlxg08AoBuseU=,e7AGPhmmDN65JkMj17tnmB4Fwd8=
44,108,IT/mkV6/Rp+l+WOlxg08AoBuseU=,e7AGPhmmDN65JkMj17tnmB4Fwd8=
41,105,IT/mkV6/Rp+l+WOlxg08AoBuseU=,e7AGPhmmDN65JkMj17tnmB4Fwd8=
41,106,IT/mkV6/Rp+l+WOlxg08AoBuseU=,e7AGPhmmDN65JkMj17tnmB4Fwd8=
41,108,IT/mkV6/Rp+l+WOlxg08AoBuseU=,e7AGPhmmDN65JkMj17tnmB4Fwd8=
42,107,IT/mkV6/Rp+l+WOlxg08AoBuseU=,e7AGPhmmDN65JkMj17tnmB4Fwd8=
47,111,IT/mkV6/Rp+l+WOlxg08AoBuseU=,e7AGPhmmDN65JkMj17tnmB4Fwd8=
40,110,IT/mkV6/Rp+l+WOlxg08AoBuseU=,e7AGPhmmDN65JkMj17tnmB4Fwd8=
43,109,IT/mkV6/Rp+l+WOlxg08AoBuseU=,e7AGPhmmDN65JkMj17tnmB4Fwd8=
42,108,IT/mkV6/Rp+l+WOlxg08AoBuseU=,e7AGPhmmDN65JkMj17tnmB4Fwd8=
41,103,IT/mkV6/Rp+l+WOlxg08AoBuseU=,e7AGPhmmDN65JkMj17tnmB4Fwd8=
41,110,IT/mkV6/Rp+l+WOlxg08AoBuseU=,e7AGPhmmDN65JkMj17tnmB4Fwd8=
41,109,IT/mkV6/Rp+l+WOlxg08AoBuseU=,e7AGPhmmDN65JkMj17tnmB4Fwd8=
44,109,IT/mkV6/Rp+l+WOlxg08AoBuseU=,e7AGPhmmDN65JkMj17tnmB4Fwd8=
43,110,IT/mkV6/Rp+l+WOlxg08AoBuseU=,e7AGPhmmDN65JkMj17tnmB4Fwd8=
40,111,IT/mkV6/Rp+l+WOlxg08AoBuseU=,e7AGPhmmDN65JkMj17tnmB4Fwd8=
45,109,IT/mkV6/Rp+l+WOlxg08AoBuseU=,e7AGPhmmDN65JkMj17tnmB4Fwd8=
46,108,IT/mkV6/Rp+l+WOlxg08AoBuseU=,e7AGPhmmDN65JkMj17tnmB4Fwd8=
42,109,IT/mkV6/Rp+l+WOlxg08AoBuseU=,e7AGPhmmDN65JkMj17tnmB4Fwd8=
42,110,IT/mkV6/Rp+l+WOlxg08AoBuseU=,e7AGPhmmDN65JkMj17tnmB4Fwd8=
44,110,IT/mkV6/Rp+l+WOlxg08AoBuseU=,e7AGPhmmDN65JkMj17tnmB4Fwd8=
46,111,IT/mkV6/Rp+l+WOlxg08AoBuseU=,e7AGPhmmDN65JkMj17tnmB4Fwd8=
41,111,IT/mkV6/Rp+l+WOlxg08AoBuseU=,e7AGPhmmDN65JkMj17tnmB4Fwd8=
42,111,IT/mkV6/Rp+l+WOlxg08AoBuseU=,e7AGPhmmDN65JkMj17tnmB4Fwd8=
43,111,IT/mkV6/Rp+l+WOlxg08AoBuseU=,e7AGPhmmDN65JkMj17tnmB4Fwd8=
45,110,IT/mkV6/Rp+l+WOlxg08AoBuseU=,e7AGPhmmDN65JkMj17tnmB4Fwd8=
46,109,IT/mkV6/Rp+l+WOlxg08AoBuseU=,e7AGPhmmDN65JkMj17tnmB4Fwd8=
45,111,IT/mkV6/Rp+l+WOlxg08AoBuseU=,e7AGPhmmDN65JkMj17tnmB4Fwd8=
44,111,IT/mkV6/Rp+l+WOlxg08AoBuseU=,e7AGPhmmDN65JkMj17tnmB4Fwd8=
46,110,IT/mkV6/Rp+l+WOlxg08AoBuseU=,e7AGPhmmDN65JkMj17tnmB4Fwd8=
38,115,tDKjBi8QGcDOg1bEbLdu7pISmXI=,xNWBPfMYD1oj0wAOqJS4VCuGFmk=
38,114,tDKjBi8QGcDOg1bEbLdu7pISmXI=,xNWBPfMYD1oj0wAOqJS4VCuGFmk=
37,114,tDKjBi8QGcDOg1bEbLdu7pISmXI=,xNWBPfMYD1oj0wAOqJS4VCuGFmk=
37,115,tDKjBi8QGcDOg1bEbLdu7pISmXI=,xNWBPfMYD1oj0wAOqJS4VCuGFmk=
36,115,tDKjBi8QGcDOg1bEbLdu7pISmXI=,xNWBPfMYD1oj0wAOqJS4VCuGFmk=
35,115,tDKjBi8QGcDOg1bEbLdu7pISmXI=,xNWBPfMYD1oj0wAOqJS4VCuGFmk=
39,115,tDKjBi8QGcDOg1bEbLdu7pISmXI=,xNWBPfMYD1oj0wAOqJS4VCuGFmk=
40,115,tDKjBi8QGcDOg1bEbLdu7pISmXI=,xNWBPfMYD1oj0wAOqJS4VCuGFmk=
41,115,tDKjBi8QGcDOg1bEbLdu7pISmXI=,xNWBPfMYD1oj0wAOqJS4VCuGFmk=
34,115,tDKjBi8QGcDOg1bEbLdu7pISmXI=,xNWBPfMYD1oj0wAOqJS4VCuGFmk=
37,113,tDKjBi8QGcDOg1bEbLdu7pISmXI=,xNWBPfMYD1oj0wAOqJS4VCuGFmk=
47,127,tDKjBi8QGcDOg1bEbLdu7pISmXI=,xNWBPfMYD1oj0wAOqJS4VCuGFmk=
46,127,tDKjBi8QGcDOg1bEbLdu7pISmXI=,xNWBPfMYD1oj0wAOqJS4VCuGFmk=
45,127,tDKjBi8QGcDOg1bEbLdu7pISmXI=,xNWBPfMYD1oj0wAOqJS4VCuGFmk=
36,113,tDKjBi8QGcDOg1bEbLdu7pISmXI=,xNWBPfMYD1oj0wAOqJS4VCuGFmk=
40,127,tDKjBi8QGcDOg1bEbLdu7pISmXI=,xNWBPfMYD1oj0wAOqJS4VCuGFmk=
39,127,tDKjBi8QGcDOg1bEbLdu7pISmXI=,xNWBPfMYD1oj0wAOqJS4VCuGFmk=
44,127,tDKjBi8QGcDOg1bEbLdu7pISmXI=,xNWBPfMYD1oj0wAOqJS4VCuGFmk=
41,127,tDKjBi8QGcDOg1bEbLdu7pISmXI=,xNWBPfMYD1oj0wAOqJS4VCuGFmk=
33,115,tDKjBi8QGcDOg1bEbLdu7pISmXI=,xNWBPfMYD1oj0wAOqJS4VCuGFmk=
34,127,tDKjBi8QGcDOg1bEbLdu7pISmXI=,xNWBPfMYD1oj0wAOqJS4VCuGFmk=
47,126,tDKjBi8QGcDOg1bEbLdu7pISmXI=,xNWBPfMYD1oj0wAOqJS4VCuGFmk=
35,114,tDKjBi8QGcDOg1bEbLdu7pISmXI=,xNWBPfMYD1oj0wAOqJS4VCuGFmk=
46,126,tDKjBi8QGcDOg1bEbLdu7pISmXI=,xNWBPfMYD1oj0wAOqJS4VCuGFmk=
45,126,tDKjBi8QGcDOg1bEbLdu7pISmXI=,xNWBPfMYD1oj0wAOqJS4VCuGFmk=
44,126,tDKjBi8QGcDOg1bEbLdu7pISmXI=,xNWBPfMYD1oj0wAOqJS4VCuGFmk=
33,127,tDKjBi8QGcDOg1bEbLdu7pISmXI=,xNWBPfMYD1oj0wAOqJS4VCuGFmk=
36,114,tDKjBi8QGcDOg1bEbLdu7pISmXI=,xNWBPfMYD1oj0wAOqJS4VCuGFmk=
41,126,tDKjBi8QGcDOg1bEbLdu7pISmXI=,xNWBPfMYD1oj0wAOqJS4VCuGFmk=
40,126,tDKjBi8QGcDOg1bEbLdu7pISmXI=,xNWBPfMYD1oj0wAOqJS4VCuGFmk=
39,126,tDKjBi8QGcDOg1bEbLdu7pISmXI=,xNWBPfMYD1oj0wAOqJS4VCuGFmk=
42,115,tDKjBi8QGcDOg1bEbLdu7pISmXI=,xNWBPfMYD1oj0wAOqJS4VCuGFmk=
43,115,tDKjBi8QGcDOg1bEbLdu7pISmXI=,xNWBPfMYD1oj0wAOqJS4VCuGFmk=
44,115,tDKjBi8QGcDOg1bEbLdu7pISmXI=,xNWBPfMYD1oj0wAOqJS4VCuGFmk=
45,115,tDKjBi8QGcDOg1bEbLdu7pISmXI=,xNWBPfMYD1oj0wAOqJS4VCuGFmk=
46,115,tDKjBi8QGcDOg1bEbLdu7pISmXI=,xNWBPfMYD1oj0wAOqJS4VCuGFmk=
47,115,tDKjBi8QGcDOg1bEbLdu7pISmXI=,xNWBPfMYD1oj0wAOqJS4VCuGFmk=
33,112,tDKjBi8QGcDOg1bEbLdu7pISmXI=,xNWBPfMYD1oj0wAOqJS4VCuGFmk=
35,112,tDKjBi8QGcDOg1bEbLdu7pISmXI=,xNWBPfMYD1oj0wAOqJS4VCuGFmk=
38,127,tDKjBi8QGcDOg1bEbLdu7pISmXI=,xNWBPfMYD1oj0wAOqJS4VCuGFmk=
36,127,tDKjBi8QGcDOg1bEbLdu7pISmXI=,xNWBPfMYD1oj0wAOqJS4VCuGFmk=
42,127,tDKjBi8QGcDOg1bEbLdu7pISmXI=,xNWBPfMYD1oj0wAOqJS4VCuGFmk=
32,127,tDKjBi8QGcDOg1bEbLdu7pISmXI=,xNWBPfMYD1oj0wAOqJS4VCuGFmk=
42,126,tDKjBi8QGcDOg1bEbLdu7pISmXI=,xNWBPfMYD1oj0wAOqJS4VCuGFmk=
34,114,tDKjBi8QGcDOg1bEbLdu7pISmXI=,xNWBPfMYD1oj0wAOqJS4VCuGFmk=
43,126,tDKjBi8QGcDOg1bEbLdu7pISmXI=,xNWBPfMYD1oj0wAOqJS4VCuGFmk=
47,125,tDKjBi8QGcDOg1bEbLdu7pISmXI=,xNWBPfMYD1oj0wAOqJS4VCuGFmk=
46,125,tDKjBi8QGcDOg1bEbLdu7pISmXI=,xNWBPfMYD1oj0wAOqJS4VCuGFmk=
45,125,tDKjBi8QGcDOg1bEbLdu7pISmXI=,xNWBPfMYD1oj0wAOqJS4VCuGFmk=
38,113,tDKjBi8QGcDOg1bEbLdu7pISmXI=,xNWBPfMYD1oj0wAOqJS4VCuGFmk=
39,114,tDKjBi8QGcDOg1bEbLdu7pISmXI=,xNWBPfMYD1oj0wAOqJS4VCuGFmk=
43,127,tDKjBi8QGcDOg1bEbLdu7pISmXI=,xNWBPfMYD1oj0wAOqJS4VCuGFmk=
38,126,tDKjBi8QGcDOg1bEbLdu7pISmXI=,xNWBPfMYD1oj0wAOqJS4VCuGFmk=
37,112,tDKjBi8QGcDOg1bEbLdu7pISmXI=,xNWBPfMYD1oj0wAOqJS4VCuGFmk=
41,125,tDKjBi8QGcDOg1bEbLdu7pISmXI=,xNWBPfMYD1oj0wAOqJS4VCuGFmk=
40,125,tDKjBi8QGcDOg1bEbLdu7pISmXI=,xNWBPfMYD1oj0wAOqJS4VCuGFmk=
36,126,tDKjBi8QGcDOg1bEbLdu7pISmXI=,xNWBPfMYD1oj0wAOqJS4VCuGFmk=
39,125,tDKjBi8QGcDOg1bEbLdu7pISmXI=,xNWBPfMYD1oj0wAOqJS4VCuGFmk=
38,125,tDKjBi8QGcDOg1bEbLdu7pISmXI=,xNWBPfMYD1oj0wAOqJS4VCuGFmk=
35,127,tDKjBi8QGcDOg1bEbLdu7pISmXI=,xNWBPfMYD1oj0wAOqJS4VCuGFmk=
36,112,tDKjBi8QGcDOg1bEbLdu7pISmXI=,xNWBPfMYD1oj0wAOqJS4VCuGFmk=
35,113,tDKjBi8QGcDOg1bEbLdu7pISmXI=,xNWBPfMYD1oj0wAOqJS4VCuGFmk=
44,125,tDKjBi8QGcDOg1bEbLdu7pISmXI=,xNWBPfMYD1oj0wAOqJS4VCuGFmk=
42,125,tDKjBi8QGcDOg1bEbLdu7pISmXI=,xNWBPfMYD1oj0wAOqJS4VCuGFmk=
38,112,tDKjBi8QGcDOg1bEbLdu7pISmXI=,xNWBPfMYD1oj0wAOqJS4VCuGFmk=
32,116,tDKjBi8QGcDOg1bEbLdu7pISmXI=,xNWBPfMYD1oj0wAOqJS4VCuGFmk=
33,116,tDKjBi8QGcDOg1bEbLdu7pISmXI=,xNWBPfMYD1oj0wAOqJS4VCuGFmk=
34,116,tDKjBi8QGcDOg1bEbLdu7pISmXI=,xNWBPfMYD1oj0wAOqJS4VCuGFmk=
35,116,tDKjBi8QGcDOg1bEbLdu7pISmXI=,xNWBPfMYD1oj0wAOqJS4VCuGFmk=
36,116,tDKjBi8QGcDOg1bEbLdu7pISmXI=,xNWBPfMYD1oj0wAOqJS4VCuGFmk=
37,116,tDKjBi8QGcDOg1bEbLdu7pISmXI=,xNWBPfMYD1oj0wAOqJS4VCuGFmk=
38,116,tDKjBi8QGcDOg1bEbLdu7pISmXI=,xNWBPfMYD1oj0wAOqJS4VCuGFmk=
37,127,tDKjBi8QGcDOg1bEbLdu7pISmXI=,xNWBPfMYD1oj0wAOqJS4VCuGFmk=
36,125,tDKjBi8QGcDOg1bEbLdu7pISmXI=,xNWBPfMYD1oj0wAOqJS4VCuGFmk=
35,126,tDKjBi8QGcDOg1bEbLdu7pISmXI=,xNWBPfMYD1oj0wAOqJS4VCuGFmk=
34,113,tDKjBi8QGcDOg1bEbLdu7pISmXI=,xNWBPfMYD1oj0wAOqJS4VCuGFmk=
33,114,tDKjBi8QGcDOg1bEbLdu7pISmXI=,xNWBPfMYD1oj0wAOqJS4VCuGFmk=
34,125,tDKjBi8QGcDOg1bEbLdu7pISmXI=,xNWBPfMYD1oj0wAOqJS4VCuGFmk=
47,124,tDKjBi8QGcDOg1bEbLdu7pISmXI=,xNWBPfMYD1oj0wAOqJS4VCuGFmk=
46,124,tDKjBi8QGcDOg1bEbLdu7pISmXI=,xNWBPfMYD1oj0wAOqJS4VCuGFmk=
45,124,tDKjBi8QGcDOg1bEbLdu7pISmXI=,xNWBPfMYD1oj0wAOqJS4VCuGFmk=
39,116,tDKjBi8QGcDOg1bEbLdu7pISmXI=,xNWBPfMYD1oj0wAOqJS4VCuGFmk=
40,116,tDKjBi8QGcDOg1bEbLdu7pISmXI=,xNWBPfMYD1oj0wAOqJS4VCuGFmk=
37,126,tDKjBi8QGcDOg1bEbLdu7pISmXI=,xNWBPfMYD1oj0wAOqJS4VCuGFmk=
41,116,tDKjBi8QGcDOg1bEbLdu7pISmXI=,xNWBPfMYD1oj0wAOqJS4VCuGFmk=
33,126,tDKjBi8QGcDOg1bEbLdu7pISmXI=,xNWBPfMYD1oj0wAOqJS4VCuGFmk=
41,124,tDKjBi8QGcDOg1bEbLdu7pISmXI=,xNWBPfMYD1oj0wAOqJS4VCuGFmk=
40,124,tDKjBi8QGcDOg1bEbLdu7pISmXI=,xNWBPfMYD1oj0wAOqJS4VCuGFmk=
39,124,tDKjBi8QGcDOg1bEbLdu7pISmXI=,xNWBPfMYD1oj0wAOqJS4VCuGFmk=
33,125,tDKjBi8QGcDOg1bEbLdu7pISmXI=,xNWBPfMYD1oj0wAOqJS4VCuGFmk=
34,126,tDKjBi8QGcDOg1bEbLdu7pISmXI=,xNWBPfMYD1oj0wAOqJS4VCuGFmk=
43,124,tDKjBi8QGcDOg1bEbLdu7pISmXI=,xNWBPfMYD1oj0wAOqJS4VCuGFmk=
43,125,tDKjBi8QGcDOg1bEbLdu7pISmXI=,xNWBPfMYD1oj0wAOqJS4VCuGFmk=
42,116,tDKjBi8QGcDOg1bEbLdu7pISmXI=,xNWBPfMYD1oj0wAOqJS4VCuGFmk=
33,113,tDKjBi8QGcDOg1bEbLdu7pISmXI=,xNWBPfMYD1oj0wAOqJS4VCuGFmk=
32,126,tDKjBi8QGcDOg1bEbLdu7pISmXI=,xNWBPfMYD1oj0wAOqJS4VCuGFmk=
32,125,tDKjBi8QGcDOg1bEbLdu7pISmXI=,xNWBPfMYD1oj0wAOqJS4VCuGFmk=
32,115,tDKjBi8QGcDOg1bEbLdu7pISmXI=,xNWBPfMYD1oj0wAOqJS4VCuGFmk=
43,116,tDKjBi8QGcDOg1bEbLdu7pISmXI=,xNWBPfMYD1oj0wAOqJS4VCuGFmk=
44,116,tDKjBi8QGcDOg1bEbLdu7pISmXI=,xNWBPfMYD1oj0wAOqJS4VCuGFmk=
45,116,tDKjBi8QGcDOg1bEbLdu7pISmXI=,xNWBPfMYD1oj0wAOqJS4VCuGFmk=
46,116,tDKjBi8QGcDOg1bEbLdu7pISmXI=,xNWBPfMYD1oj0wAOqJS4VCuGFmk=
39,113,tDKjBi8QGcDOg1bEbLdu7pISmXI=,xNWBPfMYD1oj0wAOqJS4VCuGFmk=
47,116,tDKjBi8QGcDOg1bEbLdu7pISmXI=,xNWBPfMYD1oj0wAOqJS4VCuGFmk=
44,124,tDKjBi8QGcDOg1bEbLdu7pISmXI=,xNWBPfMYD1oj0wAOqJS4VCuGFmk=
38,124,tDKjBi8QGcDOg1bEbLdu7pISmXI=,xNWBPfMYD1oj0wAOqJS4VCuGFmk=
47,114,tDKjBi8QGcDOg1bEbLdu7pISmXI=,xNWBPfMYD1oj0wAOqJS4VCuGFmk=
32,114,tDKjBi8QGcDOg1bEbLdu7pISmXI=,xNWBPfMYD1oj0wAOqJS4VCuGFmk=
46,112,tDKjBi8QGcDOg1bEbLdu7pISmXI=,xNWBPfMYD1oj0wAOqJS4VCuGFmk=
47,123,tDKjBi8QGcDOg1bEbLdu7pISmXI=,xNWBPfMYD1oj0wAOqJS4VCuGFmk=
46,113,tDKjBi8QGcDOg1bEbLdu7pISmXI=,xNWBPfMYD1oj0wAOqJS4VCuGFmk=
45,123,tDKjBi8QGcDOg1bEbLdu7pISmXI=,xNWBPfMYD1oj0wAOqJS4VCuGFmk=
46,123,tDKjBi8QGcDOg1bEbLdu7pISmXI=,xNWBPfMYD1oj0wAOqJS4VCuGFmk=
35,125,tDKjBi8QGcDOg1bEbLdu7pISmXI=,xNWBPfMYD1oj0wAOqJS4VCuGFmk=
47,112,tDKjBi8QGcDOg1bEbLdu7pISmXI=,xNWBPfMYD1oj0wAOqJS4VCuGFmk=
32,113,tDKjBi8QGcDOg1bEbLdu7pISmXI=,xNWBPfMYD1oj0wAOqJS4VCuGFmk=
41,123,tDKjBi8QGcDOg1bEbLdu7pISmXI=,xNWBPfMYD1oj0wAOqJS4VCuGFmk=
40,123,tDKjBi8QGcDOg1bEbLdu7pISmXI=,xNWBPfMYD1oj0wAOqJS4VCuGFmk=
39,123,tDKjBi8QGcDOg1bEbLdu7pISmXI=,xNWBPfMYD1oj0wAOqJS4VCuGFmk=
39,112,tDKjBi8QGcDOg1bEbLdu7pISmXI=,xNWBPfMYD1oj0wAOqJS4VCuGFmk=
32,117,tDKjBi8QGcDOg1bEbLdu7pISmXI=,xNWBPfMYD1oj0wAOqJS4VCuGFmk=
40,114,tDKjBi8QGcDOg1bEbLdu7pISmXI=,xNWBPfMYD1oj0wAOqJS4VCuGFmk=
33,117,tDKjBi8QGcDOg1bEbLdu7pISmXI=,xNWBPfMYD1oj0wAOqJS4VCuGFmk=
34,117,tDKjBi8QGcDOg1bEbLdu7pISmXI=,xNWBPfMYD1oj0wAOqJS4VCuGFmk=
35,117,tDKjBi8QGcDOg1bEbLdu7pISmXI=,xNWBPfMYD1oj0wAOqJS4VCuGFmk=
36,117,tDKjBi8QGcDOg1bEbLdu7pISmXI=,xNWBPfMYD1oj0wAOqJS4VCuGFmk=
37,117,tDKjBi8QGcDOg1bEbLdu7pISmXI=,xNWBPfMYD1oj0wAOqJS4VCuGFmk=
38,117,tDKjBi8QGcDOg1bEbLdu7pISmXI=,xNWBPfMYD1oj0wAOqJS4VCuGFmk=
39,117,tDKjBi8QGcDOg1bEbLdu7pISmXI=,xNWBPfMYD1oj0wAOqJS4VCuGFmk=
40,117,tDKjBi8QGcDOg1bEbLdu7pISmXI=,xNWBPfMYD1oj0wAOqJS4VCuGFmk=
32,112,tDKjBi8QGcDOg1bEbLdu7pISmXI=,xNWBPfMYD1oj0wAOqJS4VCuGFmk=
38,123,tDKjBi8QGcDOg1bEbLdu7pISmXI=,xNWBPfMYD1oj0wAOqJS4VCuGFmk=
47,113,tDKjBi8QGcDOg1bEbLdu7pISmXI=,xNWBPfMYD1oj0wAOqJS4VCuGFmk=
42,124,tDKjBi8QGcDOg1bEbLdu7pISmXI=,xNWBPfMYD1oj0wAOqJS4VCuGFmk=
36,124,tDKjBi8QGcDOg1bEbLdu7pISmXI=,xNWBPfMYD1oj0wAOqJS4VCuGFmk=
43,123,tDKjBi8QGcDOg1bEbLdu7pISmXI=,xNWBPfMYD1oj0wAOqJS4VCuGFmk=
35,124,tDKjBi8QGcDOg1bEbLdu7pISmXI=,xNWBPfMYD1oj0wAOqJS4VCuGFmk=
37,125,tDKjBi8QGcDOg1bEbLdu7pISmXI=,xNWBPfMYD1oj0wAOqJS4VCuGFmk=
46,114,tDKjBi8QGcDOg1bEbLdu7pISmXI=,xNWBPfMYD1oj0wAOqJS4VCuGFmk=
45,113,tDKjBi8QGcDOg1bEbLdu7pISmXI=,xNWBPfMYD1oj0wAOqJS4VCuGFmk=
47,122,tDKjBi8QGcDOg1bEbLdu7pISmXI=,xNWBPfMYD1oj0wAOqJS4VCuGFmk=
46,122,tDKjBi8QGcDOg1bEbLdu7pISmXI=,xNWBPfMYD1oj0wAOqJS4VCuGFmk=
45,122,tDKjBi8QGcDOg1bEbLdu7pISmXI=,xNWBPfMYD1oj0wAOqJS4VCuGFmk=
42,123,tDKjBi8QGcDOg1bEbLdu7pISmXI=,xNWBPfMYD1oj0wAOqJS4VCuGFmk=
41,117,tDKjBi8QGcDOg1bEbLdu7pISmXI=,xNWBPfMYD1oj0wAOqJS4VCuGFmk=
37,123,tDKjBi8QGcDOg1bEbLdu7pISmXI=,xNWBPfMYD1oj0wAOqJS4VCuGFmk=
36,123,tDKjBi8QGcDOg1bEbLdu7pISmXI=,xNWBPfMYD1oj0wAOqJS4VCuGFmk=
35,123,tDKjBi8QGcDOg1bEbLdu7pISmXI=,xNWBPfMYD1oj0wAOqJS4VCuGFmk=
40,122,tDKjBi8QGcDOg1bEbLdu7pISmXI=,xNWBPfMYD1oj0wAOqJS4VCuGFmk=
39,122,tDKjBi8QGcDOg1bEbLdu7pISmXI=,xNWBPfMYD1oj0wAOqJS4VCuGFmk=
38,122,tDKjBi8QGcDOg1bEbLdu7pISmXI=,xNWBPfMYD1oj0wAOqJS4VCuGFmk=
37,122,tDKjBi8QGcDOg1bEbLdu7pISmXI=,xNWBPfMYD1oj0wAOqJS4VCuGFmk=
36,122,tDKjBi8QGcDOg1bEbLdu7pISmXI=,xNWBPfMYD1oj0wAOqJS4VCuGFmk=
35,122,tDKjBi8QGcDOg1bEbLdu7pISmXI=,xNWBPfMYD1oj0wAOqJS4VCuGFmk=
42,117,tDKjBi8QGcDOg1bEbLdu7pISmXI=,xNWBPfMYD1oj0wAOqJS4VCuGFmk=
34,123,tDKjBi8QGcDOg1bEbLdu7pISmXI=,xNWBPfMYD1oj0wAOqJS4VCuGFmk=
34,122,tDKjBi8QGcDOg1bEbLdu7pISmXI=,xNWBPfMYD1oj0wAOqJS4VCuGFmk=
44,123,tDKjBi8QGcDOg1bEbLdu7pISmXI=,xNWBPfMYD1oj0wAOqJS4VCuGFmk=
37,124,tDKjBi8QGcDOg1bEbLdu7pISmXI=,xNWBPfMYD1oj0wAOqJS4VCuGFmk=
45,114,tDKjBi8QGcDOg1bEbLdu7pISmXI=,xNWBPfMYD1oj0wAOqJS4VCuGFmk=
34,124,tDKjBi8QGcDOg1bEbLdu7pISmXI=,xNWBPfMYD1oj0wAOqJS4VCuGFmk=
47,121,tDKjBi8QGcDOg1bEbLdu7pISmXI=,xNWBPfMYD1oj0wAOqJS4VCuGFmk=
46,121,tDKjBi8QGcDOg1bEbLdu7pISmXI=,xNWBPfMYD1oj0wAOqJS4VCuGFmk=
45,121,tDKjBi8QGcDOg1bEbLdu7pISmXI=,xNWBPfMYD1oj0wAOqJS4VCuGFmk=
45,112,tDKjBi8QGcDOg1bEbLdu7pISmXI=,xNWBPfMYD1oj0wAOqJS4VCuGFmk=
33,124,tDKjBi8QGcDOg1bEbLdu7pISmXI=,xNWBPfMYD1oj0wAOqJS4VCuGFmk=
41,122,tDKjBi8QGcDOg1bEbLdu7pISmXI=,xNWBPfMYD1oj0wAOqJS4VCuGFmk=
43,117,tDKjBi8QGcDOg1bEbLdu7pISmXI=,xNWBPfMYD1oj0wAOqJS4VCuGFmk=
44,117,tDKjBi8QGcDOg1bEbLdu7pISmXI=,xNWBPfMYD1oj0wAOqJS4VCuGFmk=
45,117,tDKjBi8QGcDOg1bEbLdu7pISmXI=,xNWBPfMYD1oj0wAOqJS4VCuGFmk=
46,117,tDKjBi8QGcDOg1bEbLdu7pISmXI=,xNWBPfMYD1oj0wAOqJS4VCuGFmk=
40,113,tDKjBi8QGcDOg1bEbLdu7pISmXI=,xNWBPfMYD1oj0wAOqJS4VCuGFmk=
47,117,tDKjBi8QGcDOg1bEbLdu7pISmXI=,xNWBPfMYD1oj0wAOqJS4VCuGFmk=
43,122,tDKjBi8QGcDOg1bEbLdu7pISmXI=,xNWBPfMYD1oj0wAOqJS4VCuGFmk=
40,121,tDKjBi8QGcDOg1bEbLdu7pISmXI=,xNWBPfMYD1oj0wAOqJS4VCuGFmk=
39,121,tDKjBi8QGcDOg1bEbLdu7pISmXI=,xNWBPfMYD1oj0wAOqJS4VCuGFmk=
38,121,tDKjBi8QGcDOg1bEbLdu7pISmXI=,xNWBPfMYD1oj0wAOqJS4VCuGFmk=
37,121,tDKjBi8QGcDOg1bEbLdu7pISmXI=,xNWBPfMYD1oj0wAOqJS4VCuGFmk=
36,121,tDKjBi8QGcDOg1bEbLdu7pISmXI=,xNWBPfMYD1oj0wAOqJS4VCuGFmk=
35,121,tDKjBi8QGcDOg1bEbLdu7pISmXI=,xNWBPfMYD1oj0wAOqJS4VCuGFmk=
33,123,tDKjBi8QGcDOg1bEbLdu7pISmXI=,xNWBPfMYD1oj0wAOqJS4VCuGFmk=
33,122,tDKjBi8QGcDOg1bEbLdu7pISmXI=,xNWBPfMYD1oj0wAOqJS4VCuGFmk=
44,112,tDKjBi8QGcDOg1bEbLdu7pISmXI=,xNWBPfMYD1oj0wAOqJS4VCuGFmk=
44,114,tDKjBi8QGcDOg1bEbLdu7pISmXI=,xNWBPfMYD1oj0wAOqJS4VCuGFmk=
44,113,tDKjBi8QGcDOg1bEbLdu7pISmXI=,xNWBPfMYD1oj0wAOqJS4VCuGFmk=
47,120,tDKjBi8QGcDOg1bEbLdu7pISmXI=,xNWBPfMYD1oj0wAOqJS4VCuGFmk=
44,121,tDKjBi8QGcDOg1bEbLdu7pISmXI=,xNWBPfMYD1oj0wAOqJS4VCuGFmk=
46,120,tDKjBi8QGcDOg1bEbLdu7pISmXI=,xNWBPfMYD1oj0wAOqJS4VCuGFmk=
45,120,tDKjBi8QGcDOg1bEbLdu7pISmXI=,xNWBPfMYD1oj0wAOqJS4VCuGFmk=
44,122,tDKjBi8QGcDOg1bEbLdu7pISmXI=,xNWBPfMYD1oj0wAOqJS4VCuGFmk=
43,120,tDKjBi8QGcDOg1bEbLdu7pISmXI=,xNWBPfMYD1oj0wAOqJS4VCuGFmk=
32,123,tDKjBi8QGcDOg1bEbLdu7pISmXI=,xNWBPfMYD1oj0wAOqJS4VCuGFmk=
34,121,tDKjBi8QGcDOg1bEbLdu7pISmXI=,xNWBPfMYD1oj0wAOqJS4VCuGFmk=
41,121,tDKjBi8QGcDOg1bEbLdu7pISmXI=,xNWBPfMYD1oj0wAOqJS4VCuGFmk=
40,120,tDKjBi8QGcDOg1bEbLdu7pISmXI=,xNWBPfMYD1oj0wAOqJS4VCuGFmk=
39,120,tDKjBi8QGcDOg1bEbLdu7pISmXI=,xNWBPfMYD1oj0wAOqJS4VCuGFmk=
38,120,tDKjBi8QGcDOg1bEbLdu7pISmXI=,xNWBPfMYD1oj0wAOqJS4VCuGFmk=
37,120,tDKjBi8QGcDOg1bEbLdu7pISmXI=,xNWBPfMYD1oj0wAOqJS4VCuGFmk=
36,120,tDKjBi8QGcDOg1bEbLdu7pISmXI=,xNWBPfMYD1oj0wAOqJS4VCuGFmk=
35,120,tDKjBi8QGcDOg1bEbLdu7pISmXI=,xNWBPfMYD1oj0wAOqJS4VCuGFmk=
34,120,tDKjBi8QGcDOg1bEbLdu7pISmXI=,xNWBPfMYD1oj0wAOqJS4VCuGFmk=
33,120,tDKjBi8QGcDOg1bEbLdu7pISmXI=,xNWBPfMYD1oj0wAOqJS4VCuGFmk=
43,114,tDKjBi8QGcDOg1bEbLdu7pISmXI=,xNWBPfMYD1oj0wAOqJS4VCuGFmk=
40,112,tDKjBi8QGcDOg1bEbLdu7pISmXI=,xNWBPfMYD1oj0wAOqJS4VCuGFmk=
32,118,tDKjBi8QGcDOg1bEbLdu7pISmXI=,xNWBPfMYD1oj0wAOqJS4VCuGFmk=
41,114,tDKjBi8QGcDOg1bEbLdu7pISmXI=,xNWBPfMYD1oj0wAOqJS4VCuGFmk=
33,118,tDKjBi8QGcDOg1bEbLdu7pISmXI=,xNWBPfMYD1oj0wAOqJS4VCuGFmk=
34,118,tDKjBi8QGcDOg1bEbLdu7pISmXI=,xNWBPfMYD1oj0wAOqJS4VCuGFmk=
35,118,tDKjBi8QGcDOg1bEbLdu7pISmXI=,xNWBPfMYD1oj0wAOqJS4VCuGFmk=
36,118,tDKjBi8QGcDOg1bEbLdu7pISmXI=,xNWBPfMYD1oj0wAOqJS4VCuGFmk=
37,118,tDKjBi8QGcDOg1bEbLdu7pISmXI=,xNWBPfMYD1oj0wAOqJS4VCuGFmk=
38,118,tDKjBi8QGcDOg1bEbLdu7pISmXI=,xNWBPfMYD1oj0wAOqJS4VCuGFmk=
39,118,tDKjBi8QGcDOg1bEbLdu7pISmXI=,xNWBPfMYD1oj0wAOqJS4VCuGFmk=
40,118,tDKjBi8QGcDOg1bEbLdu7pISmXI=,xNWBPfMYD1oj0wAOqJS4VCuGFmk=
42,122,tDKjBi8QGcDOg1bEbLdu7pISmXI=,xNWBPfMYD1oj0wAOqJS4VCuGFmk=
32,124,tDKjBi8QGcDOg1bEbLdu7pISmXI=,xNWBPfMYD1oj0wAOqJS4VCuGFmk=
47,119,tDKjBi8QGcDOg1bEbLdu7pISmXI=,xNWBPfMYD1oj0wAOqJS4VCuGFmk=
32,120,tDKjBi8QGcDOg1bEbLdu7pISmXI=,xNWBPfMYD1oj0wAOqJS4VCuGFmk=
46,119,tDKjBi8QGcDOg1bEbLdu7pISmXI=,xNWBPfMYD1oj0wAOqJS4VCuGFmk=
45,119,tDKjBi8QGcDOg1bEbLdu7pISmXI=,xNWBPfMYD1oj0wAOqJS4VCuGFmk=
44,119,tDKjBi8QGcDOg1bEbLdu7pISmXI=,xNWBPfMYD1oj0wAOqJS4VCuGFmk=
33,121,tDKjBi8QGcDOg1bEbLdu7pISmXI=,xNWBPfMYD1oj0wAOqJS4VCuGFmk=
43,112,tDKjBi8QGcDOg1bEbLdu7pISmXI=,xNWBPfMYD1oj0wAOqJS4VCuGFmk=
41,119,tDKjBi8QGcDOg1bEbLdu7pISmXI=,xNWBPfMYD1oj0wAOqJS4VCuGFmk=
40,119,tDKjBi8QGcDOg1bEbLdu7pISmXI=,xNWBPfMYD1oj0wAOqJS4VCuGFmk=
39,119,tDKjBi8QGcDOg1bEbLdu7pISmXI=,xNWBPfMYD1oj0wAOqJS4VCuGFmk=
38,119,tDKjBi8QGcDOg1bEbLdu7pISmXI=,xNWBPfMYD1oj0wAOqJS4VCuGFmk=
37,119,tDKjBi8QGcDOg1bEbLdu7pISmXI=,xNWBPfMYD1oj0wAOqJS4VCuGFmk=
36,119,tDKjBi8QGcDOg1bEbLdu7pISmXI=,xNWBPfMYD1oj0wAOqJS4VCuGFmk=
35,119,tDKjBi8QGcDOg1bEbLdu7pISmXI=,xNWBPfMYD1oj0wAOqJS4VCuGFmk=
34,119,tDKjBi8QGcDOg1bEbLdu7pISmXI=,xNWBPfMYD1oj0wAOqJS4VCuGFmk=
33,119,tDKjBi8QGcDOg1bEbLdu7pISmXI=,xNWBPfMYD1oj0wAOqJS4VCuGFmk=
42,114,tDKjBi8QGcDOg1bEbLdu7pISmXI=,xNWBPfMYD1oj0wAOqJS4VCuGFmk=
44,120,tDKjBi8QGcDOg1bEbLdu7pISmXI=,xNWBPfMYD1oj0wAOqJS4VCuGFmk=
32,119,tDKjBi8QGcDOg1bEbLdu7pISmXI=,xNWBPfMYD1oj0wAOqJS4VCuGFmk=
47,118,tDKjBi8QGcDOg1bEbLdu7pISmXI=,xNWBPfMYD1oj0wAOqJS4VCuGFmk=
43,121,tDKjBi8QGcDOg1bEbLdu7pISmXI=,xNWBPfMYD1oj0wAOqJS4VCuGFmk=
46,118,tDKjBi8QGcDOg1bEbLdu7pISmXI=,xNWBPfMYD1oj0wAOqJS4VCuGFmk=
45,118,tDKjBi8QGcDOg1bEbLdu7pISmXI=,xNWBPfMYD1oj0wAOqJS4VCuGFmk=
32,122,tDKjBi8QGcDOg1bEbLdu7pISmXI=,xNWBPfMYD1oj0wAOqJS4VCuGFmk=
44,118,tDKjBi8QGcDOg1bEbLdu7pISmXI=,xNWBPfMYD1oj0wAOqJS4VCuGFmk=
43,118,tDKjBi8QGcDOg1bEbLdu7pISmXI=,xNWBPfMYD1oj0wAOqJS4VCuGFmk=
41,120,tDKjBi8QGcDOg1bEbLdu7pISmXI=,xNWBPfMYD1oj0wAOqJS4VCuGFmk=
42,121,tDKjBi8QGcDOg1bEbLdu7pISmXI=,xNWBPfMYD1oj0wAOqJS4VCuGFmk=
42,112,tDKjBi8QGcDOg1bEbLdu7pISmXI=,xNWBPfMYD1oj0wAOqJS4VCuGFmk=
41,118,tDKjBi8QGcDOg1bEbLdu7pISmXI=,xNWBPfMYD1oj0wAOqJS4VCuGFmk=
42,113,tDKjBi8QGcDOg1bEbLdu7pISmXI=,xNWBPfMYD1oj0wAOqJS4VCuGFmk=
43,119,tDKjBi8QGcDOg1bEbLdu7pISmXI=,xNWBPfMYD1oj0wAOqJS4VCuGFmk=
32,121,tDKjBi8QGcDOg1bEbLdu7pISmXI=,xNWBPfMYD1oj0wAOqJS4VCuGFmk=
42,119,tDKjBi8QGcDOg1bEbLdu7pISmXI=,xNWBPfMYD1oj0wAOqJS4VCuGFmk=
41,113,tDKjBi8QGcDOg1bEbLdu7pISmXI=,xNWBPfMYD1oj0wAOqJS4VCuGFmk=
43,113,tDKjBi8QGcDOg1bEbLdu7pISmXI=,xNWBPfMYD1oj0wAOqJS4VCuGFmk=
41,112,tDKjBi8QGcDOg1bEbLdu7pISmXI=,xNWBPfMYD1oj0wAOqJS4VCuGFmk=
34,112,tDKjBi8QGcDOg1bEbLdu7pISmXI=,xNWBPfMYD1oj0wAOqJS4VCuGFmk=
42,118,tDKjBi8QGcDOg1bEbLdu7pISmXI=,xNWBPfMYD1oj0wAOqJS4VCuGFmk=
42,120,tDKjBi8QGcDOg1bEbLdu7pISmXI=,xNWBPfMYD1oj0wAOqJS4VCuGFmk=
63,115,+7VraCztbSZcbmpDM5kZSkm+/IM=,UTDIEzyI5dpZHxNYUEmeaVKT0Q8=
54,115,+7VraCztbSZcbmpDM5kZSkm+/IM=,UTDIEzyI5dpZHxNYUEmeaVKT0Q8=
53,114,+7VraCztbSZcbmpDM5kZSkm+/IM=,UTDIEzyI5dpZHxNYUEmeaVKT0Q8=
53,115,+7VraCztbSZcbmpDM5kZSkm+/IM=,UTDIEzyI5dpZHxNYUEmeaVKT0Q8=
52,115,+7VraCztbSZcbmpDM5kZSkm+/IM=,UTDIEzyI5dpZHxNYUEmeaVKT0Q8=
51,115,+7VraCztbSZcbmpDM5kZSkm+/IM=,UTDIEzyI5dpZHxNYUEmeaVKT0Q8=
52,113,+7VraCztbSZcbmpDM5kZSkm+/IM=,UTDIEzyI5dpZHxNYUEmeaVKT0Q8=
50,115,+7VraCztbSZcbmpDM5kZSkm+/IM=,UTDIEzyI5dpZHxNYUEmeaVKT0Q8=
52,114,+7VraCztbSZcbmpDM5kZSkm+/IM=,UTDIEzyI5dpZHxNYUEmeaVKT0Q8=
63,127,+7VraCztbSZcbmpDM5kZSkm+/IM=,UTDIEzyI5dpZHxNYUEmeaVKT0Q8=
62,127,+7VraCztbSZcbmpDM5kZSkm+/IM=,UTDIEzyI5dpZHxNYUEmeaVKT0Q8=
61,127,+7VraCztbSZcbmpDM5kZSkm+/IM=,UTDIEzyI5dpZHxNYUEmeaVKT0Q8=
60,127,+7VraCztbSZcbmpDM5kZSkm+/IM=,UTDIEzyI5dpZHxNYUEmeaVKT0Q8=
59,127,+7VraCztbSZcbmpDM5kZSkm+/IM=,UTDIEzyI5dpZHxNYUEmeaVKT0Q8=
58,127,+7VraCztbSZcbmpDM5kZSkm+/IM=,UTDIEzyI5dpZHxNYUEmeaVKT0Q8=
57,127,+7VraCztbSZcbmpDM5kZSkm+/IM=,UTDIEzyI5dpZHxNYUEmeaVKT0Q8=
56,127,+7VraCztbSZcbmpDM5kZSkm+/IM=,UTDIEzyI5dpZHxNYUEmeaVKT0Q8=
55,127,+7VraCztbSZcbmpDM5kZSkm+/IM=,UTDIEzyI5dpZHxNYUEmeaVKT0Q8=
54,127,gn63Jf8o/ceF6Itmggd4P1FgYgA=,UTDIEzyI5dpZHxNYUEmeaVKT0Q8=
53,127,gn63Jf8o/ceF6Itmggd4P1FgYgA=,UTDIEzyI5dpZHxNYUEmeaVKT0Q8=
52,127,gn63Jf8o/ceF6Itmggd4P1FgYgA=,UTDIEzyI5dpZHxNYUEmeaVKT0Q8=
51,127,gn63Jf8o/ceF6Itmggd4P1FgYgA=,UTDIEzyI5dpZHxNYUEmeaVKT0Q8=
50,127,gn63Jf8o/ceF6Itmggd4P1FgYgA=,UTDIEzyI5dpZHxNYUEmeaVKT0Q8=
49,127,gn63Jf8o/ceF6Itmggd4P1FgYgA=,UTDIEzyI5dpZHxNYUEmeaVKT0Q8=
49,115,gn63Jf8o/ceF6Itmggd4P1FgYgA=,UTDIEzyI5dpZHxNYUEmeaVKT0Q8=
51,114,gn63Jf8o/ceF6Itmggd4P1FgYgA=,UTDIEzyI5dpZHxNYUEmeaVKT0Q8=
63,126,gn63Jf8o/ceF6Itmggd4P1FgYgA=,UTDIEzyI5dpZHxNYUEmeaVKT0Q8=
62,126,gn63Jf8o/ceF6Itmggd4P1FgYgA=,UTDIEzyI5dpZHxNYUEmeaVKT0Q8=
61,126,gn63Jf8o/ceF6Itmggd4P1FgYgA=,UTDIEzyI5dpZHxNYUEmeaVKT0Q8=
60,126,gn63Jf8o/ceF6Itmggd4P1FgYgA=,UTDIEzyI5dpZHxNYUEmeaVKT0Q8=
59,126,gn63Jf8o/ceF6Itmggd4P1FgYgA=,UTDIEzyI5dpZHxNYUEmeaVKT0Q8=
58,126,gn63Jf8o/ceF6Itmggd4P1FgYgA=,UTDIEzyI5dpZHxNYUEmeaVKT0Q8=
57,126,gn63Jf8o/ceF6Itmggd4P1FgYgA=,UTDIEzyI5dpZHxNYUEmeaVKT0Q8=
56,126,gn63Jf8o/ceF6Itmggd4P1FgYgA=,UTDIEzyI5dpZHxNYUEmeaVKT0Q8=
55,126,gn63Jf8o/ceF6Itmggd4P1FgYgA=,UTDIEzyI5dpZHxNYUEmeaVKT0Q8=
54,126,gn63Jf8o/ceF6Itmggd4P1FgYgA=,UTDIEzyI5dpZHxNYUEmeaVKT0Q8=
53,126,gn63Jf8o/ceF6Itmggd4P1FgYgA=,UTDIEzyI5dpZHxNYUEmeaVKT0Q8=
52,126,gn63Jf8o/ceF6Itmggd4P1FgYgA=,UTDIEzyI5dpZHxNYUEmeaVKT0Q8=
51,126,gn63Jf8o/ceF6Itmggd4P1FgYgA=,UTDIEzyI5dpZHxNYUEmeaVKT0Q8=
50,126,gn63Jf8o/ceF6Itmggd4P1FgYgA=,UTDIEzyI5dpZHxNYUEmeaVKT0Q8=
49,126,gn63Jf8o/ceF6Itmggd4P1FgYgA=,UTDIEzyI5dpZHxNYUEmeaVKT0Q8=
63,125,gn63Jf8o/ceF6Itmggd4P1FgYgA=,UTDIEzyI5dpZHxNYUEmeaVKT0Q8=
48,126,gn63Jf8o/ceF6Itmggd4P1FgYgA=,UTDIEzyI5dpZHxNYUEmeaVKT0Q8=
50,114,gn63Jf8o/ceF6Itmggd4P1FgYgA=,UTDIEzyI5dpZHxNYUEmeaVKT0Q8=
62,125,gn63Jf8o/ceF6Itmggd4P1FgYgA=,UTDIEzyI5dpZHxNYUEmeaVKT0Q8=
61,125,gn63Jf8o/ceF6Itmggd4P1FgYgA=,UTDIEzyI5dpZHxNYUEmeaVKT0Q8=
60,125,gn63Jf8o/ceF6Itmggd4P1FgYgA=,UTDIEzyI5dpZHxNYUEmeaVKT0Q8=
59,125,gn63Jf8o/ceF6Itmggd4P1FgYgA=,UTDIEzyI5dpZHxNYUEmeaVKT0Q8=
57,125,gn63Jf8o/ceF6Itmggd4P1FgYgA=,UTDIEzyI5dpZHxNYUEmeaVKT0Q8=
58,125,gn63Jf8o/ceF6Itmggd4P1FgYgA=,UTDIEzyI5dpZHxNYUEmeaVKT0Q8=
56,125,gn63Jf8o/ceF6Itmggd4P1FgYgA=,UTDIEzyI5dpZHxNYUEmeaVKT0Q8=
55,125,gn63Jf8o/ceF6Itmggd4P1FgYgA=,UTDIEzyI5dpZHxNYUEmeaVKT0Q8=
54,125,gn63Jf8o/ceF6Itmggd4P1FgYgA=,UTDIEzyI5dpZHxNYUEmeaVKT0Q8=
53,125,gn63Jf8o/ceF6Itmggd4P1FgYgA=,UTDIEzyI5dpZHxNYUEmeaVKT0Q8=
52,125,gn63Jf8o/ceF6Itmggd4P1FgYgA=,UTDIEzyI5dpZHxNYUEmeaVKT0Q8=
51,125,gn63Jf8o/ceF6Itmggd4P1FgYgA=,UTDIEzyI5dpZHxNYUEmeaVKT0Q8=
50,125,gn63Jf8o/ceF6Itmggd4P1FgYgA=,UTDIEzyI5dpZHxNYUEmeaVKT0Q8=
49,125,gn63Jf8o/ceF6Itmggd4P1FgYgA=,UTDIEzyI5dpZHxNYUEmeaVKT0Q8=
48,125,gn63Jf8o/ceF6Itmggd4P1FgYgA=,UTDIEzyI5dpZHxNYUEmeaVKT0Q8=
63,124,gn63Jf8o/ceF6Itmggd4P1FgYgA=,UTDIEzyI5dpZHxNYUEmeaVKT0Q8=
62,124,gn63Jf8o/ceF6Itmggd4P1FgYgA=,UTDIEzyI5dpZHxNYUEmeaVKT0Q8=
49,114,gn63Jf8o/ceF6Itmggd4P1FgYgA=,UTDIEzyI5dpZHxNYUEmeaVKT0Q8=
61,124,gn63Jf8o/ceF6Itmggd4P1FgYgA=,UTDIEzyI5dpZHxNYUEmeaVKT0Q8=
60,124,gn63Jf8o/ceF6Itmggd4P1FgYgA=,UTDIEzyI5dpZHxNYUEmeaVKT0Q8=
59,124,gn63Jf8o/ceF6Itmggd4P1FgYgA=,UTDIEzyI5dpZHxNYUEmeaVKT0Q8=
58,124,gn63Jf8o/ceF6Itmggd4P1FgYgA=,UTDIEzyI5dpZHxNYUEmeaVKT0Q8=
57,124,gn63Jf8o/ceF6Itmggd4P1FgYgA=,UTDIEzyI5dpZHxNYUEmeaVKT0Q8=
56,124,gn63Jf8o/ceF6Itmggd4P1FgYgA=,UTDIEzyI5dpZHxNYUEmeaVKT0Q8=
55,124,gn63Jf8o/ceF6Itmggd4P1FgYgA=,UTDIEzyI5dpZHxNYUEmeaVKT0Q8=
54,124,gn63Jf8o/ceF6Itmggd4P1FgYgA=,UTDIEzyI5dpZHxNYUEmeaVKT0Q8=
53,124,gn63Jf8o/ceF6Itmggd4P1FgYgA=,UTDIEzyI5dpZHxNYUEmeaVKT0Q8=
52,124,gn63Jf8o/ceF6Itmggd4P1FgYgA=,UTDIEzyI5dpZHxNYUEmeaVKT0Q8=
51,124,gn63Jf8o/ceF6Itmggd4P1FgYgA=,UTDIEzyI5dpZHxNYUEmeaVKT0Q8=
49,124,gn63Jf8o/ceF6Itmggd4P1FgYgA=,UTDIEzyI5dpZHxNYUEmeaVKT0Q8=
48,124,gn63Jf8o/ceF6Itmggd4P1FgYgA=,UTDIEzyI5dpZHxNYUEmeaVKT0Q8=
48,113,gn63Jf8o/ceF6Itmggd4P1FgYgA=,UTDIEzyI5dpZHxNYUEmeaVKT0Q8=
48,115,gn63Jf8o/ceF6Itmggd4P1FgYgA=,UTDIEzyI5dpZHxNYUEmeaVKT0Q8=
50,124,gn63Jf8o/ceF6Itmggd4P1FgYgA=,UTDIEzyI5dpZHxNYUEmeaVKT0Q8=
48,114,gn63Jf8o/ceF6Itmggd4P1FgYgA=,UTDIEzyI5dpZHxNYUEmeaVKT0Q8=
63,123,gn63Jf8o/ceF6Itmggd4P1FgYgA=,UTDIEzyI5dpZHxNYUEmeaVKT0Q8=
62,123,gn63Jf8o/ceF6Itmggd4P1FgYgA=,UTDIEzyI5dpZHxNYUEmeaVKT0Q8=
61,123,gn63Jf8o/ceF6Itmggd4P1FgYgA=,UTDIEzyI5dpZHxNYUEmeaVKT0Q8=
60,123,gn63Jf8o/ceF6Itmggd4P1FgYgA=,UTDIEzyI5dpZHxNYUEmeaVKT0Q8=
59,123,gn63Jf8o/ceF6Itmggd4P1FgYgA=,UTDIEzyI5dpZHxNYUEmeaVKT0Q8=
58,123,gn63Jf8o/ceF6Itmggd4P1FgYgA=,UTDIEzyI5dpZHxNYUEmeaVKT0Q8=
57,123,gn63Jf8o/ceF6Itmggd4P1FgYgA=,UTDIEzyI5dpZHxNYUEmeaVKT0Q8=
56,123,gn63Jf8o/ceF6Itmggd4P1FgYgA=,UTDIEzyI5dpZHxNYUEmeaVKT0Q8=
55,123,gn63Jf8o/ceF6Itmggd4P1FgYgA=,UTDIEzyI5dpZHxNYUEmeaVKT0Q8=
54,123,gn63Jf8o/ceF6Itmggd4P1FgYgA=,UTDIEzyI5dpZHxNYUEmeaVKT0Q8=
53,123,gn63Jf8o/ceF6Itmggd4P1FgYgA=,UTDIEzyI5dpZHxNYUEmeaVKT0Q8=
52,123,gn63Jf8o/ceF6Itmggd4P1FgYgA=,UTDIEzyI5dpZHxNYUEmeaVKT0Q8=
51,123,gn63Jf8o/ceF6Itmggd4P1FgYgA=,UTDIEzyI5dpZHxNYUEmeaVKT0Q8=
50,123,gn63Jf8o/ceF6Itmggd4P1FgYgA=,UTDIEzyI5dpZHxNYUEmeaVKT0Q8=
49,123,gn63Jf8o/ceF6Itmggd4P1FgYgA=,UTDIEzyI5dpZHxNYUEmeaVKT0Q8=
48,123,gn63Jf8o/ceF6Itmggd4P1FgYgA=,UTDIEzyI5dpZHxNYUEmeaVKT0Q8=
63,122,gn63Jf8o/ceF6Itmggd4P1FgYgA=,UTDIEzyI5dpZHxNYUEmeaVKT0Q8=
62,122,gn63Jf8o/ceF6Itmggd4P1FgYgA=,UTDIEzyI5dpZHxNYUEmeaVKT0Q8=
61,122,gn63Jf8o/ceF6Itmggd4P1FgYgA=,UTDIEzyI5dpZHxNYUEmeaVKT0Q8=
59,122,gn63Jf8o/ceF6Itmggd4P1FgYgA=,UTDIEzyI5dpZHxNYUEmeaVKT0Q8=
58,122,gn63Jf8o/ceF6Itmggd4P1FgYgA=,UTDIEzyI5dpZHxNYUEmeaVKT0Q8=
60,122,gn63Jf8o/ceF6Itmggd4P1FgYgA=,UTDIEzyI5dpZHxNYUEmeaVKT0Q8=
57,122,gn63Jf8o/ceF6Itmggd4P1FgYgA=,UTDIEzyI5dpZHxNYUEmeaVKT0Q8=
56,122,gn63Jf8o/ceF6Itmggd4P1FgYgA=,UTDIEzyI5dpZHxNYUEmeaVKT0Q8=
54,122,gn63Jf8o/ceF6Itmggd4P1FgYgA=,UTDIEzyI5dpZHxNYUEmeaVKT0Q8=
53,122,gn63Jf8o/ceF6Itmggd4P1FgYgA=,UTDIEzyI5dpZHxNYUEmeaVKT0Q8=
52,122,gn63Jf8o/ceF6Itmggd4P1FgYgA=,UTDIEzyI5dpZHxNYUEmeaVKT0Q8=
51,122,gn63Jf8o/ceF6Itmggd4P1FgYgA=,UTDIEzyI5dpZHxNYUEmeaVKT0Q8=
50,122,gn63Jf8o/ceF6Itmggd4P1FgYgA=,UTDIEzyI5dpZHxNYUEmeaVKT0Q8=
55,122,gn63Jf8o/ceF6Itmggd4P1FgYgA=,UTDIEzyI5dpZHxNYUEmeaVKT0Q8=
49,122,gn63Jf8o/ceF6Itmggd4P1FgYgA=,UTDIEzyI5dpZHxNYUEmeaVKT0Q8=
48,122,gn63Jf8o/ceF6Itmggd4P1FgYgA=,UTDIEzyI5dpZHxNYUEmeaVKT0Q8=
61,121,gn63Jf8o/ceF6Itmggd4P1FgYgA=,UTDIEzyI5dpZHxNYUEmeaVKT0Q8=
60,121,gn63Jf8o/ceF6Itmggd4P1FgYgA=,UTDIEzyI5dpZHxNYUEmeaVKT0Q8=
59,121,gn63Jf8o/ceF6Itmggd4P1FgYgA=,UTDIEzyI5dpZHxNYUEmeaVKT0Q8=
58,121,gn63Jf8o/ceF6Itmggd4P1FgYgA=,UTDIEzyI5dpZHxNYUEmeaVKT0Q8=
57,121,gn63Jf8o/ceF6Itmggd4P1FgYgA=,UTDIEzyI5dpZHxNYUEmeaVKT0Q8=
56,121,gn63Jf8o/ceF6Itmggd4P1FgYgA=,UTDIEzyI5dpZHxNYUEmeaVKT0Q8=
55,121,gn63Jf8o/ceF6Itmggd4P1FgYgA=,UTDIEzyI5dpZHxNYUEmeaVKT0Q8=
54,121,gn63Jf8o/ceF6Itmggd4P1FgYgA=,UTDIEzyI5dpZHxNYUEmeaVKT0Q8=
53,121,gn63Jf8o/ceF6Itmggd4P1FgYgA=,UTDIEzyI5dpZHxNYUEmeaVKT0Q8=
51,121,gn63Jf8o/ceF6Itmggd4P1FgYgA=,UTDIEzyI5dpZHxNYUEmeaVKT0Q8=
52,121,gn63Jf8o/ceF6Itmggd4P1FgYgA=,UTDIEzyI5dpZHxNYUEmeaVKT0Q8=
49,121,gn63Jf8o/ceF6Itmggd4P1FgYgA=,UTDIEzyI5dpZHxNYUEmeaVKT0Q8=
48,121,gn63Jf8o/ceF6Itmggd4P1FgYgA=,UTDIEzyI5dpZHxNYUEmeaVKT0Q8=
63,121,gn63Jf8o/ceF6Itmggd4P1FgYgA=,UTDIEzyI5dpZHxNYUEmeaVKT0Q8=
62,121,gn63Jf8o/ceF6Itmggd4P1FgYgA=,UTDIEzyI5dpZHxNYUEmeaVKT0Q8=
50,121,gn63Jf8o/ceF6Itmggd4P1FgYgA=,UTDIEzyI5dpZHxNYUEmeaVKT0Q8=
61,120,gn63Jf8o/ceF6Itmggd4P1FgYgA=,UTDIEzyI5dpZHxNYUEmeaVKT0Q8=
58,120,gn63Jf8o/ceF6Itmggd4P1FgYgA=,UTDIEzyI5dpZHxNYUEmeaVKT0Q8=
59,120,gn63Jf8o/ceF6Itmggd4P1FgYgA=,UTDIEzyI5dpZHxNYUEmeaVKT0Q8=
57,120,gn63Jf8o/ceF6Itmggd4P1FgYgA=,UTDIEzyI5dpZHxNYUEmeaVKT0Q8=
56,120,gn63Jf8o/ceF6Itmggd4P1FgYgA=,UTDIEzyI5dpZHxNYUEmeaVKT0Q8=
54,120,gn63Jf8o/ceF6Itmggd4P1FgYgA=,UTDIEzyI5dpZHxNYUEmeaVKT0Q8=
55,120,gn63Jf8o/ceF6Itmggd4P1FgYgA=,UTDIEzyI5dpZHxNYUEmeaVKT0Q8=
52,120,gn63Jf8o/ceF6Itmggd4P1FgYgA=,UTDIEzyI5dpZHxNYUEmeaVKT0Q8=
53,120,gn63Jf8o/ceF6Itmggd4P1FgYgA=,UTDIEzyI5dpZHxNYUEmeaVKT0Q8=
51,120,gn63Jf8o/ceF6Itmggd4P1FgYgA=,UTDIEzyI5dpZHxNYUEmeaVKT0Q8=
49,120,gn63Jf8o/ceF6Itmggd4P1FgYgA=,UTDIEzyI5dpZHxNYUEmeaVKT0Q8=
48,120,gn63Jf8o/ceF6Itmggd4P1FgYgA=,UTDIEzyI5dpZHxNYUEmeaVKT0Q8=
58,119,gn63Jf8o/ceF6Itmggd4P1FgYgA=,UTDIEzyI5dpZHxNYUEmeaVKT0Q8=
57,119,gn63Jf8o/ceF6Itmggd4P1FgYgA=,UTDIEzyI5dpZHxNYUEmeaVKT0Q8=
50,120,gn63Jf8o/ceF6Itmggd4P1FgYgA=,UTDIEzyI5dpZHxNYUEmeaVKT0Q8=
56,119,gn63Jf8o/ceF6Itmggd4P1FgYgA=,UTDIEzyI5dpZHxNYUEmeaVKT0Q8=
59,119,gn63Jf8o/ceF6Itmggd4P1FgYgA=,UTDIEzyI5dpZHxNYUEmeaVKT0Q8=
54,119,gn63Jf8o/ceF6Itmggd4P1FgYgA=,UTDIEzyI5dpZHxNYUEmeaVKT0Q8=
55,119,gn63Jf8o/ceF6Itmggd4P1FgYgA=,UTDIEzyI5dpZHxNYUEmeaVKT0Q8=
53,119,gn63Jf8o/ceF6Itmggd4P1FgYgA=,UTDIEzyI5dpZHxNYUEmeaVKT0Q8=
52,119,gn63Jf8o/ceF6Itmggd4P1FgYgA=,UTDIEzyI5dpZHxNYUEmeaVKT0Q8=
51,119,gn63Jf8o/ceF6Itmggd4P1FgYgA=,UTDIEzyI5dpZHxNYUEmeaVKT0Q8=
50,119,gn63Jf8o/ceF6Itmggd4P1FgYgA=,UTDIEzyI5dpZHxNYUEmeaVKT0Q8=
49,119,gn63Jf8o/ceF6Itmggd4P1FgYgA=,UTDIEzyI5dpZHxNYUEmeaVKT0Q8=
48,119,gn63Jf8o/ceF6Itmggd4P1FgYgA=,UTDIEzyI5dpZHxNYUEmeaVKT0Q8=
61,118,gn63Jf8o/ceF6Itmggd4P1FgYgA=,UTDIEzyI5dpZHxNYUEmeaVKT0Q8=
60,118,gn63Jf8o/ceF6Itmggd4P1FgYgA=,UTDIEzyI5dpZHxNYUEmeaVKT0Q8=
59,118,gn63Jf8o/ceF6Itmggd4P1FgYgA=,UTDIEzyI5dpZHxNYUEmeaVKT0Q8=
57,118,gn63Jf8o/ceF6Itmggd4P1FgYgA=,UTDIEzyI5dpZHxNYUEmeaVKT0Q8=
55,118,gn63Jf8o/ceF6Itmggd4P1FgYgA=,UTDIEzyI5dpZHxNYUEmeaVKT0Q8=
56,118,gn63Jf8o/ceF6Itmggd4P1FgYgA=,UTDIEzyI5dpZHxNYUEmeaVKT0Q8=
54,118,gn63Jf8o/ceF6Itmggd4P1FgYgA=,UTDIEzyI5dpZHxNYUEmeaVKT0Q8=
53,118,gn63Jf8o/ceF6Itmggd4P1FgYgA=,UTDIEzyI5dpZHxNYUEmeaVKT0Q8=
51,118,gn63Jf8o/ceF6Itmggd4P1FgYgA=,UTDIEzyI5dpZHxNYUEmeaVKT0Q8=
52,118,gn63Jf8o/ceF6Itmggd4P1FgYgA=,UTDIEzyI5dpZHxNYUEmeaVKT0Q8=
49,118,gn63Jf8o/ceF6Itmggd4P1FgYgA=,UTDIEzyI5dpZHxNYUEmeaVKT0Q8=
48,118,gn63Jf8o/ceF6Itmggd4P1FgYgA=,UTDIEzyI5dpZHxNYUEmeaVKT0Q8=
50,118,gn63Jf8o/ceF6Itmggd4P1FgYgA=,UTDIEzyI5dpZHxNYUEmeaVKT0Q8=
56,117,gn63Jf8o/ceF6Itmggd4P1FgYgA=,UTDIEzyI5dpZHxNYUEmeaVKT0Q8=
54,117,gn63Jf8o/ceF6Itmggd4P1FgYgA=,UTDIEzyI5dpZHxNYUEmeaVKT0Q8=
55,117,gn63Jf8o/ceF6Itmggd4P1FgYgA=,UTDIEzyI5dpZHxNYUEmeaVKT0Q8=
53,117,gn63Jf8o/ceF6Itmggd4P1FgYgA=,UTDIEzyI5dpZHxNYUEmeaVKT0Q8=
52,117,gn63Jf8o/ceF6Itmggd4P1FgYgA=,UTDIEzyI5dpZHxNYUEmeaVKT0Q8=
51,117,gn63Jf8o/ceF6Itmggd4P1FgYgA=,UTDIEzyI5dpZHxNYUEmeaVKT0Q8=
50,117,gn63Jf8o/ceF6Itmggd4P1FgYgA=,UTDIEzyI5dpZHxNYUEmeaVKT0Q8=
48,117,gn63Jf8o/ceF6Itmggd4P1FgYgA=,UTDIEzyI5dpZHxNYUEmeaVKT0Q8=
49,117,gn63Jf8o/ceF6Itmggd4P1FgYgA=,UTDIEzyI5dpZHxNYUEmeaVKT0Q8=
62,116,gn63Jf8o/ceF6Itmggd4P1FgYgA=,UTDIEzyI5dpZHxNYUEmeaVKT0Q8=
54,116,gn63Jf8o/ceF6Itmggd4P1FgYgA=,UTDIEzyI5dpZHxNYUEmeaVKT0Q8=
55,116,gn63Jf8o/ceF6Itmggd4P1FgYgA=,UTDIEzyI5dpZHxNYUEmeaVKT0Q8=
53,116,gn63Jf8o/ceF6Itmggd4P1FgYgA=,UTDIEzyI5dpZHxNYUEmeaVKT0Q8=
52,116,gn63Jf8o/ceF6Itmggd4P1FgYgA=,UTDIEzyI5dpZHxNYUEmeaVKT0Q8=
60,120,gn63Jf8o/ceF6Itmggd4P1FgYgA=,UTDIEzyI5dpZHxNYUEmeaVKT0Q8=
51,116,gn63Jf8o/ceF6Itmggd4P1FgYgA=,UTDIEzyI5dpZHxNYUEmeaVKT0Q8=
50,116,gn63Jf8o/ceF6Itmggd4P1FgYgA=,UTDIEzyI5dpZHxNYUEmeaVKT0Q8=
49,116,gn63Jf8o/ceF6Itmggd4P1FgYgA=,UTDIEzyI5dpZHxNYUEmeaVKT0Q8=
62,120,gn63Jf8o/ceF6Itmggd4P1FgYgA=,UTDIEzyI5dpZHxNYUEmeaVKT0Q8=
48,116,gn63Jf8o/ceF6Itmggd4P1FgYgA=,UTDIEzyI5dpZHxNYUEmeaVKT0Q8=
63,120,gn63Jf8o/ceF6Itmggd4P1FgYgA=,UTDIEzyI5dpZHxNYUEmeaVKT0Q8=
48,127,gn63Jf8o/ceF6Itmggd4P1FgYgA=,UTDIEzyI5dpZHxNYUEmeaVKT0Q8=
61,115,gn63Jf8o/ceF6Itmggd4P1FgYgA=,UTDIEzyI5dpZHxNYUEmeaVKT0Q8=
62,115,gn63Jf8o/ceF6Itmggd4P1FgYgA=,UTDIEzyI5dpZHxNYUEmeaVKT0Q8=
60,115,gn63Jf8o/ceF6Itmggd4P1FgYgA=,UTDIEzyI5dpZHxNYUEmeaVKT0Q8=
63,112,gn63Jf8o/ceF6Itmggd4P1FgYgA=,UTDIEzyI5dpZHxNYUEmeaVKT0Q8=
61,114,gn63Jf8o/ceF6Itmggd4P1FgYgA=,UTDIEzyI5dpZHxNYUEmeaVKT0Q8=
60,114,gn63Jf8o/ceF6Itmggd4P1FgYgA=,UTDIEzyI5dpZHxNYUEmeaVKT0Q8=
59,115,gn63Jf8o/ceF6Itmggd4P1FgYgA=,UTDIEzyI5dpZHxNYUEmeaVKT0Q8=
63,114,gn63Jf8o/ceF6Itmggd4P1FgYgA=,UTDIEzyI5dpZHxNYUEmeaVKT0Q8=
62,119,gn63Jf8o/ceF6Itmggd4P1FgYgA=,UTDIEzyI5dpZHxNYUEmeaVKT0Q8=
60,113,gn63Jf8o/ceF6Itmggd4P1FgYgA=,UTDIEzyI5dpZHxNYUEmeaVKT0Q8=
61,113,gn63Jf8o/ceF6Itmggd4P1FgYgA=,UTDIEzyI5dpZHxNYUEmeaVKT0Q8=
62,113,gn63Jf8o/ceF6Itmggd4P1FgYgA=,UTDIEzyI5dpZHxNYUEmeaVKT0Q8=
59,113,gn63Jf8o/ceF6Itmggd4P1FgYgA=,UTDIEzyI5dpZHxNYUEmeaVKT0Q8=
60,119,gn63Jf8o/ceF6Itmggd4P1FgYgA=,UTDIEzyI5dpZHxNYUEmeaVKT0Q8=
62,114,gn63Jf8o/ceF6Itmggd4P1FgYgA=,UTDIEzyI5dpZHxNYUEmeaVKT0Q8=
63,119,gn63Jf8o/ceF6Itmggd4P1FgYgA=,UTDIEzyI5dpZHxNYUEmeaVKT0Q8=
57,115,gn63Jf8o/ceF6Itmggd4P1FgYgA=,UTDIEzyI5dpZHxNYUEmeaVKT0Q8=
48,112,gn63Jf8o/ceF6Itmggd4P1FgYgA=,UTDIEzyI5dpZHxNYUEmeaVKT0Q8=
58,118,gn63Jf8o/ceF6Itmggd4P1FgYgA=,UTDIEzyI5dpZHxNYUEmeaVKT0Q8=
56,115,gn63Jf8o/ceF6Itmggd4P1FgYgA=,UTDIEzyI5dpZHxNYUEmeaVKT0Q8=
59,114,gn63Jf8o/ceF6Itmggd4P1FgYgA=,UTDIEzyI5dpZHxNYUEmeaVKT0Q8=
58,115,gn63Jf8o/ceF6Itmggd4P1FgYgA=,UTDIEzyI5dpZHxNYUEmeaVKT0Q8=
62,118,gn63Jf8o/ceF6Itmggd4P1FgYgA=,UTDIEzyI5dpZHxNYUEmeaVKT0Q8=
62,117,gn63Jf8o/ceF6Itmggd4P1FgYgA=,UTDIEzyI5dpZHxNYUEmeaVKT0Q8=
61,117,gn63Jf8o/ceF6Itmggd4P1FgYgA=,UTDIEzyI5dpZHxNYUEmeaVKT0Q8=
58,113,gn63Jf8o/ceF6Itmggd4P1FgYgA=,UTDIEzyI5dpZHxNYUEmeaVKT0Q8=
63,113,gn63Jf8o/ceF6Itmggd4P1FgYgA=,UTDIEzyI5dpZHxNYUEmeaVKT0Q8=
63,118,gn63Jf8o/ceF6Itmggd4P1FgYgA=,UTDIEzyI5dpZHxNYUEmeaVKT0Q8=
53,112,gn63Jf8o/ceF6Itmggd4P1FgYgA=,UTDIEzyI5dpZHxNYUEmeaVKT0Q8=
51,112,gn63Jf8o/ceF6Itmggd4P1FgYgA=,UTDIEzyI5dpZHxNYUEmeaVKT0Q8=
59,117,gn63Jf8o/ceF6Itmggd4P1FgYgA=,UTDIEzyI5dpZHxNYUEmeaVKT0Q8=
61,119,gn63Jf8o/ceF6Itmggd4P1FgYgA=,UTDIEzyI5dpZHxNYUEmeaVKT0Q8=
57,113,gn63Jf8o/ceF6Itmggd4P1FgYgA=,UTDIEzyI5dpZHxNYUEmeaVKT0Q8=
60,117,gn63Jf8o/ceF6Itmggd4P1FgYgA=,UTDIEzyI5dpZHxNYUEmeaVKT0Q8=
57,114,gn63Jf8o/ceF6Itmggd4P1FgYgA=,UTDIEzyI5dpZHxNYUEmeaVKT0Q8=
55,115,gn63Jf8o/ceF6Itmggd4P1FgYgA=,UTDIEzyI5dpZHxNYUEmeaVKT0Q8=
57,117,gn63Jf8o/ceF6Itmggd4P1FgYgA=,UTDIEzyI5dpZHxNYUEmeaVKT0Q8=
51,113,gn63Jf8o/ceF6Itmggd4P1FgYgA=,UTDIEzyI5dpZHxNYUEmeaVKT0Q8=
53,113,gn63Jf8o/ceF6Itmggd4P1FgYgA=,UTDIEzyI5dpZHxNYUEmeaVKT0Q8=
56,113,gn63Jf8o/ceF6Itmggd4P1FgYgA=,UTDIEzyI5dpZHxNYUEmeaVKT0Q8=
54,114,gn63Jf8o/ceF6Itmggd4P1FgYgA=,UTDIEzyI5dpZHxNYUEmeaVKT0Q8=
61,116,gn63Jf8o/ceF6Itmggd4P1FgYgA=,UTDIEzyI5dpZHxNYUEmeaVKT0Q8=
49,112,gn63Jf8o/ceF6Itmggd4P1FgYgA=,UTDIEzyI5dpZHxNYUEmeaVKT0Q8=
63,117,gn63Jf8o/ceF6Itmggd4P1FgYgA=,UTDIEzyI5dpZHxNYUEmeaVKT0Q8=
58,117,gn63Jf8o/ceF6Itmggd4P1FgYgA=,UTDIEzyI5dpZHxNYUEmeaVKT0Q8=
60,116,gn63Jf8o/ceF6Itmggd4P1FgYgA=,UTDIEzyI5dpZHxNYUEmeaVKT0Q8=
63,116,gn63Jf8o/ceF6Itmggd4P1FgYgA=,UTDIEzyI5dpZHxNYUEmeaVKT0Q8=
58,114,gn63Jf8o/ceF6Itmggd4P1FgYgA=,UTDIEzyI5dpZHxNYUEmeaVKT0Q8=
54,113,gn63Jf8o/ceF6Itmggd4P1FgYgA=,UTDIEzyI5dpZHxNYUEmeaVKT0Q8=
62,112,gn63Jf8o/ceF6Itmggd4P1FgYgA=,UTDIEzyI5dpZHxNYUEmeaVKT0Q8=
50,113,gn63Jf8o/ceF6Itmggd4P1FgYgA=,UTDIEzyI5dpZHxNYUEmeaVKT0Q8=
49,113,gn63Jf8o/ceF6Itmggd4P1FgYgA=,UTDIEzyI5dpZHxNYUEmeaVKT0Q8=
52,112,gn63Jf8o/ceF6Itmggd4P1FgYgA=,UTDIEzyI5dpZHxNYUEmeaVKT0Q8=
59,116,gn63Jf8o/ceF6Itmggd4P1FgYgA=,UTDIEzyI5dpZHxNYUEmeaVKT0Q8=
50,112,gn63Jf8o/ceF6Itmggd4P1FgYgA=,UTDIEzyI5dpZHxNYUEmeaVKT0Q8=
56,116,gn63Jf8o/ceF6Itmggd4P1FgYgA=,UTDIEzyI5dpZHxNYUEmeaVKT0Q8=
58,112,gn63Jf8o/ceF6Itmggd4P1FgYgA=,UTDIEzyI5dpZHxNYUEmeaVKT0Q8=
57,116,gn63Jf8o/ceF6Itmggd4P1FgYgA=,UTDIEzyI5dpZHxNYUEmeaVKT0Q8=
59,112,gn63Jf8o/ceF6Itmggd4P1FgYgA=,UTDIEzyI5dpZHxNYUEmeaVKT0Q8=
54,112,gn63Jf8o/ceF6Itmggd4P1FgYgA=,UTDIEzyI5dpZHxNYUEmeaVKT0Q8=
55,113,gn63Jf8o/ceF6Itmggd4P1FgYgA=,UTDIEzyI5dpZHxNYUEmeaVKT0Q8=
55,114,gn63Jf8o/ceF6Itmggd4P1FgYgA=,UTDIEzyI5dpZHxNYUEmeaVKT0Q8=
57,112,gn63Jf8o/ceF6Itmggd4P1FgYgA=,UTDIEzyI5dpZHxNYUEmeaVKT0Q8=
58,116,gn63Jf8o/ceF6Itmggd4P1FgYgA=,UTDIEzyI5dpZHxNYUEmeaVKT0Q8=
61,112,gn63Jf8o/ceF6Itmggd4P1FgYgA=,UTDIEzyI5dpZHxNYUEmeaVKT0Q8=
60,112,gn63Jf8o/ceF6Itmggd4P1FgYgA=,UTDIEzyI5dpZHxNYUEmeaVKT0Q8=
56,114,gn63Jf8o/ceF6Itmggd4P1FgYgA=,UTDIEzyI5dpZHxNYUEmeaVKT0Q8=
56,112,gn63Jf8o/ceF6Itmggd4P1FgYgA=,UTDIEzyI5dpZHxNYUEmeaVKT0Q8=
55,112,gn63Jf8o/ceF6Itmggd4P1FgYgA=,UTDIEzyI5dpZHxNYUEmeaVKT0Q8=
54,98,39EwgJYfj7q52UUnJ1sc0jcP9Do=,UGyDsZpY92Oy78kSrKrkxKsOdYA=
51,96,39EwgJYfj7q52UUnJ1sc0jcP9Do=,UGyDsZpY92Oy78kSrKrkxKsOdYA=
51,99,39EwgJYfj7q52UUnJ1sc0jcP9Do=,UGyDsZpY92Oy78kSrKrkxKsOdYA=
55,99,39EwgJYfj7q52UUnJ1sc0jcP9Do=,UGyDsZpY92Oy78kSrKrkxKsOdYA=
56,99,39EwgJYfj7q52UUnJ1sc0jcP9Do=,UGyDsZpY92Oy78kSrKrkxKsOdYA=
57,99,39EwgJYfj7q52UUnJ1sc0jcP9Do=,UGyDsZpY92Oy78kSrKrkxKsOdYA=
59,99,39EwgJYfj7q52UUnJ1sc0jcP9Do=,UGyDsZpY92Oy78kSrKrkxKsOdYA=
58,99,39EwgJYfj7q52UUnJ1sc0jcP9Do=,UGyDsZpY92Oy78kSrKrkxKsOdYA=
60,99,39EwgJYfj7q52UUnJ1sc0jcP9Do=,UGyDsZpY92Oy78kSrKrkxKsOdYA=
61,99,39EwgJYfj7q52UUnJ1sc0jcP9Do=,UGyDsZpY92Oy78kSrKrkxKsOdYA=
62,99,39EwgJYfj7q52UUnJ1sc0jcP9Do=,UGyDsZpY92Oy78kSrKrkxKsOdYA=
49,96,39EwgJYfj7q52UUnJ1sc0jcP9Do=,UGyDsZpY92Oy78kSrKrkxKsOdYA=
50,99,39EwgJYfj7q52UUnJ1sc0jcP9Do=,UGyDsZpY92Oy78kSrKrkxKsOdYA=
52,98,39EwgJYfj7q52UUnJ1sc0jcP9Do=,UGyDsZpY92Oy78kSrKrkxKsOdYA=
52,99,39EwgJYfj7q52UUnJ1sc0jcP9Do=,UGyDsZpY92Oy78kSrKrkxKsOdYA=
52,97,39EwgJYfj7q52UUnJ1sc0jcP9Do=,UGyDsZpY92Oy78kSrKrkxKsOdYA=
54,99,39EwgJYfj7q52UUnJ1sc0jcP9Do=,UGyDsZpY92Oy78kSrKrkxKsOdYA=
54,97,39EwgJYfj7q52UUnJ1sc0jcP9Do=,UGyDsZpY92Oy78kSrKrkxKsOdYA=
53,96,39EwgJYfj7q52UUnJ1sc0jcP9Do=,UGyDsZpY92Oy78kSrKrkxKsOdYA=
53,99,39EwgJYfj7q52UUnJ1sc0jcP9Do=,UGyDsZpY92Oy78kSrKrkxKsOdYA=
53,97,39EwgJYfj7q52UUnJ1sc0jcP9Do=,UGyDsZpY92Oy78kSrKrkxKsOdYA=
53,98,39EwgJYfj7q52UUnJ1sc0jcP9Do=,UGyDsZpY92Oy78kSrKrkxKsOdYA=
54,111,39EwgJYfj7q52UUnJ1sc0jcP9Do=,UGyDsZpY92Oy78kSrKrkxKsOdYA=
60,111,39EwgJYfj7q52UUnJ1sc0jcP9Do=,UGyDsZpY92Oy78kSrKrkxKsOdYA=
49,99,39EwgJYfj7q52UUnJ1sc0jcP9Do=,UGyDsZpY92Oy78kSrKrkxKsOdYA=
50,111,39EwgJYfj7q52UUnJ1sc0jcP9Do=,UGyDsZpY92Oy78kSrKrkxKsOdYA=
51,98,39EwgJYfj7q52UUnJ1sc0jcP9Do=,UGyDsZpY92Oy78kSrKrkxKsOdYA=
59,111,39EwgJYfj7q52UUnJ1sc0jcP9Do=,UGyDsZpY92Oy78kSrKrkxKsOdYA=
51,111,39EwgJYfj7q52UUnJ1sc0jcP9Do=,UGyDsZpY92Oy78kSrKrkxKsOdYA=
49,111,39EwgJYfj7q52UUnJ1sc0jcP9Do=,UGyDsZpY92Oy78kSrKrkxKsOdYA=
61,111,39EwgJYfj7q52UUnJ1sc0jcP9Do=,UGyDsZpY92Oy78kSrKrkxKsOdYA=
58,111,39EwgJYfj7q52UUnJ1sc0jcP9Do=,UGyDsZpY92Oy78kSrKrkxKsOdYA=
63,99,39EwgJYfj7q52UUnJ1sc0jcP9Do=,UGyDsZpY92Oy78kSrKrkxKsOdYA=
48,100,39EwgJYfj7q52UUnJ1sc0jcP9Do=,UGyDsZpY92Oy78kSrKrkxKsOdYA=
55,98,39EwgJYfj7q52UUnJ1sc0jcP9Do=,UGyDsZpY92Oy78kSrKrkxKsOdYA=
57,111,39EwgJYfj7q52UUnJ1sc0jcP9Do=,UGyDsZpY92Oy78kSrKrkxKsOdYA=
52,96,39EwgJYfj7q52UUnJ1sc0jcP9Do=,UGyDsZpY92Oy78kSrKrkxKsOdYA=
55,111,39EwgJYfj7q52UUnJ1sc0jcP9Do=,UGyDsZpY92Oy78kSrKrkxKsOdYA=
62,111,39EwgJYfj7q52UUnJ1sc0jcP9Do=,UGyDsZpY92Oy78kSrKrkxKsOdYA=
63,110,39EwgJYfj7q52UUnJ1sc0jcP9Do=,UGyDsZpY92Oy78kSrKrkxKsOdYA=
61,110,39EwgJYfj7q52UUnJ1sc0jcP9Do=,UGyDsZpY92Oy78kSrKrkxKsOdYA=
56,111,39EwgJYfj7q52UUnJ1sc0jcP9Do=,UGyDsZpY92Oy78kSrKrkxKsOdYA=
54,96,39EwgJYfj7q52UUnJ1sc0jcP9Do=,UGyDsZpY92Oy78kSrKrkxKsOdYA=
49,100,39EwgJYfj7q52UUnJ1sc0jcP9Do=,UGyDsZpY92Oy78kSrKrkxKsOdYA=
50,100,39EwgJYfj7q52UUnJ1sc0jcP9Do=,UGyDsZpY92Oy78kSrKrkxKsOdYA=
51,100,39EwgJYfj7q52UUnJ1sc0jcP9Do=,UGyDsZpY92Oy78kSrKrkxKsOdYA=
62,110,39EwgJYfj7q52UUnJ1sc0jcP9Do=,UGyDsZpY92Oy78kSrKrkxKsOdYA=
55,110,39EwgJYfj7q52UUnJ1sc0jcP9Do=,UGyDsZpY92Oy78kSrKrkxKsOdYA=
63,111,39EwgJYfj7q52UUnJ1sc0jcP9Do=,UGyDsZpY92Oy78kSrKrkxKsOdYA=
63,109,39EwgJYfj7q52UUnJ1sc0jcP9Do=,UGyDsZpY92Oy78kSrKrkxKsOdYA=
51,97,39EwgJYfj7q52UUnJ1sc0jcP9Do=,UGyDsZpY92Oy78kSrKrkxKsOdYA=
50,98,39EwgJYfj7q52UUnJ1sc0jcP9Do=,UGyDsZpY92Oy78kSrKrkxKsOdYA=
52,100,39EwgJYfj7q52UUnJ1sc0jcP9Do=,UGyDsZpY92Oy78kSrKrkxKsOdYA=
57,110,39EwgJYfj7q52UUnJ1sc0jcP9Do=,UGyDsZpY92Oy78kSrKrkxKsOdYA=
58,110,39EwgJYfj7q52UUnJ1sc0jcP9Do=,UGyDsZpY92Oy78kSrKrkxKsOdYA=
50,110,39EwgJYfj7q52UUnJ1sc0jcP9Do=,UGyDsZpY92Oy78kSrKrkxKsOdYA=
51,110,39EwgJYfj7q52UUnJ1sc0jcP9Do=,UGyDsZpY92Oy78kSrKrkxKsOdYA=
53,110,39EwgJYfj7q52UUnJ1sc0jcP9Do=,UGyDsZpY92Oy78kSrKrkxKsOdYA=
57,109,39EwgJYfj7q52UUnJ1sc0jcP9Do=,UGyDsZpY92Oy78kSrKrkxKsOdYA=
48,110,39EwgJYfj7q52UUnJ1sc0jcP9Do=,UGyDsZpY92Oy78kSrKrkxKsOdYA=
62,109,39EwgJYfj7q52UUnJ1sc0jcP9Do=,UGyDsZpY92Oy78kSrKrkxKsOdYA=
53,100,39EwgJYfj7q52UUnJ1sc0jcP9Do=,UGyDsZpY92Oy78kSrKrkxKsOdYA=
53,111,39EwgJYfj7q52UUnJ1sc0jcP9Do=,UGyDsZpY92Oy78kSrKrkxKsOdYA=
61,109,39EwgJYfj7q52UUnJ1sc0jcP9Do=,UGyDsZpY92Oy78kSrKrkxKsOdYA=
49,110,39EwgJYfj7q52UUnJ1sc0jcP9Do=,UGyDsZpY92Oy78kSrKrkxKsOdYA=
52,110,39EwgJYfj7q52UUnJ1sc0jcP9Do=,UGyDsZpY92Oy78kSrKrkxKsOdYA=
54,110,39EwgJYfj7q52UUnJ1sc0jcP9Do=,UGyDsZpY92Oy78kSrKrkxKsOdYA=
54,100,39EwgJYfj7q52UUnJ1sc0jcP9Do=,UGyDsZpY92Oy78kSrKrkxKsOdYA=
60,109,39EwgJYfj7q52UUnJ1sc0jcP9Do=,UGyDsZpY92Oy78kSrKrkxKsOdYA=
56,100,39EwgJYfj7q52UUnJ1sc0jcP9Do=,UGyDsZpY92Oy78kSrKrkxKsOdYA=
57,100,39EwgJYfj7q52UUnJ1sc0jcP9Do=,UGyDsZpY92Oy78kSrKrkxKsOdYA=
55,100,39EwgJYfj7q52UUnJ1sc0jcP9Do=,UGyDsZpY92Oy78kSrKrkxKsOdYA=
58,100,39EwgJYfj7q52UUnJ1sc0jcP9Do=,UGyDsZpY92Oy78kSrKrkxKsOdYA=
59,100,39EwgJYfj7q52UUnJ1sc0jcP9Do=,UGyDsZpY92Oy78kSrKrkxKsOdYA=
60,100,39EwgJYfj7q52UUnJ1sc0jcP9Do=,UGyDsZpY92Oy78kSrKrkxKsOdYA=
61,100,39EwgJYfj7q52UUnJ1sc0jcP9Do=,UGyDsZpY92Oy78kSrKrkxKsOdYA=
62,100,39EwgJYfj7q52UUnJ1sc0jcP9Do=,UGyDsZpY92Oy78kSrKrkxKsOdYA=
63,100,39EwgJYfj7q52UUnJ1sc0jcP9Do=,UGyDsZpY92Oy78kSrKrkxKsOdYA=
59,109,39EwgJYfj7q52UUnJ1sc0jcP9Do=,UGyDsZpY92Oy78kSrKrkxKsOdYA=
60,110,39EwgJYfj7q52UUnJ1sc0jcP9Do=,UGyDsZpY92Oy78kSrKrkxKsOdYA=
63,108,39EwgJYfj7q52UUnJ1sc0jcP9Do=,UGyDsZpY92Oy78kSrKrkxKsOdYA=
50,97,39EwgJYfj7q52UUnJ1sc0jcP9Do=,UGyDsZpY92Oy78kSrKrkxKsOdYA=
49,98,39EwgJYfj7q52UUnJ1sc0jcP9Do=,UGyDsZpY92Oy78kSrKrkxKsOdYA=
62,108,39EwgJYfj7q52UUnJ1sc0jcP9Do=,UGyDsZpY92Oy78kSrKrkxKsOdYA=
56,110,39EwgJYfj7q52UUnJ1sc0jcP9Do=,UGyDsZpY92Oy78kSrKrkxKsOdYA=
58,108,39EwgJYfj7q52UUnJ1sc0jcP9Do=,UGyDsZpY92Oy78kSrKrkxKsOdYA=
57,108,39EwgJYfj7q52UUnJ1sc0jcP9Do=,UGyDsZpY92Oy78kSrKrkxKsOdYA=
56,108,39EwgJYfj7q52UUnJ1sc0jcP9Do=,UGyDsZpY92Oy78kSrKrkxKsOdYA=
59,108,39EwgJYfj7q52UUnJ1sc0jcP9Do=,UGyDsZpY92Oy78kSrKrkxKsOdYA=
51,109,39EwgJYfj7q52UUnJ1sc0jcP9Do=,UGyDsZpY92Oy78kSrKrkxKsOdYA=
55,108,39EwgJYfj7q52UUnJ1sc0jcP9Do=,UGyDsZpY92Oy78kSrKrkxKsOdYA=
48,111,39EwgJYfj7q52UUnJ1sc0jcP9Do=,UGyDsZpY92Oy78kSrKrkxKsOdYA=
59,110,39EwgJYfj7q52UUnJ1sc0jcP9Do=,UGyDsZpY92Oy78kSrKrkxKsOdYA=
60,108,39EwgJYfj7q52UUnJ1sc0jcP9Do=,UGyDsZpY92Oy78kSrKrkxKsOdYA=
52,111,39EwgJYfj7q52UUnJ1sc0jcP9Do=,UGyDsZpY92Oy78kSrKrkxKsOdYA=
50,109,39EwgJYfj7q52UUnJ1sc0jcP9Do=,UGyDsZpY92Oy78kSrKrkxKsOdYA=
49,97,39EwgJYfj7q52UUnJ1sc0jcP9Do=,UGyDsZpY92Oy78kSrKrkxKsOdYA=
48,97,39EwgJYfj7q52UUnJ1sc0jcP9Do=,UGyDsZpY92Oy78kSrKrkxKsOdYA=
56,109,39EwgJYfj7q52UUnJ1sc0jcP9Do=,UGyDsZpY92Oy78kSrKrkxKsOdYA=
48,96,39EwgJYfj7q52UUnJ1sc0jcP9Do=,UGyDsZpY92Oy78kSrKrkxKsOdYA=
50,96,39EwgJYfj7q52UUnJ1sc0jcP9Do=,UGyDsZpY92Oy78kSrKrkxKsOdYA=
62,96,39EwgJYfj7q52UUnJ1sc0jcP9Do=,UGyDsZpY92Oy78kSrKrkxKsOdYA=
48,99,39EwgJYfj7q52UUnJ1sc0jcP9Do=,UGyDsZpY92Oy78kSrKrkxKsOdYA=
48,98,39EwgJYfj7q52UUnJ1sc0jcP9Do=,UGyDsZpY92Oy78kSrKrkxKsOdYA=
54,109,39EwgJYfj7q52UUnJ1sc0jcP9Do=,UGyDsZpY92Oy78kSrKrkxKsOdYA=
62,97,39EwgJYfj7q52UUnJ1sc0jcP9Do=,UGyDsZpY92Oy78kSrKrkxKsOdYA=
52,109,39EwgJYfj7q52UUnJ1sc0jcP9Do=,UGyDsZpY92Oy78kSrKrkxKsOdYA=
49,109,39EwgJYfj7q52UUnJ1sc0jcP9Do=,UGyDsZpY92Oy78kSrKrkxKsOdYA=
55,97,39EwgJYfj7q52UUnJ1sc0jcP9Do=,UGyDsZpY92Oy78kSrKrkxKsOdYA=
56,98,39EwgJYfj7q52UUnJ1sc0jcP9Do=,UGyDsZpY92Oy78kSrKrkxKsOdYA=
55,109,39EwgJYfj7q52UUnJ1sc0jcP9Do=,UGyDsZpY92Oy78kSrKrkxKsOdYA=
52,108,39EwgJYfj7q52UUnJ1sc0jcP9Do=,UGyDsZpY92Oy78kSrKrkxKsOdYA=
63,98,39EwgJYfj7q52UUnJ1sc0jcP9Do=,UGyDsZpY92Oy78kSrKrkxKsOdYA=
48,109,39EwgJYfj7q52UUnJ1sc0jcP9Do=,UGyDsZpY92Oy78kSrKrkxKsOdYA=
53,108,39EwgJYfj7q52UUnJ1sc0jcP9Do=,UGyDsZpY92Oy78kSrKrkxKsOdYA=
48,108,39EwgJYfj7q52UUnJ1sc0jcP9Do=,UGyDsZpY92Oy78kSrKrkxKsOdYA=
56,107,39EwgJYfj7q52UUnJ1sc0jcP9Do=,UGyDsZpY92Oy78kSrKrkxKsOdYA=
51,108,39EwgJYfj7q52UUnJ1sc0jcP9Do=,UGyDsZpY92Oy78kSrKrkxKsOdYA=
55,96,39EwgJYfj7q52UUnJ1sc0jcP9Do=,UGyDsZpY92Oy78kSrKrkxKsOdYA=
48,101,39EwgJYfj7q52UUnJ1sc0jcP9Do=,UGyDsZpY92Oy78kSrKrkxKsOdYA=
49,101,39EwgJYfj7q52UUnJ1sc0jcP9Do=,UGyDsZpY92Oy78kSrKrkxKsOdYA=
50,101,39EwgJYfj7q52UUnJ1sc0jcP9Do=,UGyDsZpY92Oy78kSrKrkxKsOdYA=
51,101,39EwgJYfj7q52UUnJ1sc0jcP9Do=,UGyDsZpY92Oy78kSrKrkxKsOdYA=
57,107,39EwgJYfj7q52UUnJ1sc0jcP9Do=,UGyDsZpY92Oy78kSrKrkxKsOdYA=
49,108,39EwgJYfj7q52UUnJ1sc0jcP9Do=,UGyDsZpY92Oy78kSrKrkxKsOdYA=
50,108,39EwgJYfj7q52UUnJ1sc0jcP9Do=,UGyDsZpY92Oy78kSrKrkxKsOdYA=
53,109,39EwgJYfj7q52UUnJ1sc0jcP9Do=,UGyDsZpY92Oy78kSrKrkxKsOdYA=
61,108,39EwgJYfj7q52UUnJ1sc0jcP9Do=,UGyDsZpY92Oy78kSrKrkxKsOdYA=
63,96,39EwgJYfj7q52UUnJ1sc0jcP9Do=,UGyDsZpY92Oy78kSrKrkxKsOdYA=
61,96,39EwgJYfj7q52UUnJ1sc0jcP9Do=,UGyDsZpY92Oy78kSrKrkxKsOdYA=
52,101,39EwgJYfj7q52UUnJ1sc0jcP9Do=,UGyDsZpY92Oy78kSrKrkxKsOdYA=
61,107,39EwgJYfj7q52UUnJ1sc0jcP9Do=,UGyDsZpY92Oy78kSrKrkxKsOdYA=
62,98,39EwgJYfj7q52UUnJ1sc0jcP9Do=,UGyDsZpY92Oy78kSrKrkxKsOdYA=
61,97,39EwgJYfj7q52UUnJ1sc0jcP9Do=,UGyDsZpY92Oy78kSrKrkxKsOdYA=
50,107,39EwgJYfj7q52UUnJ1sc0jcP9Do=,UGyDsZpY92Oy78kSrKrkxKsOdYA=
62,107,39EwgJYfj7q52UUnJ1sc0jcP9Do=,UGyDsZpY92Oy78kSrKrkxKsOdYA=
59,107,39EwgJYfj7q52UUnJ1sc0jcP9Do=,UGyDsZpY92Oy78kSrKrkxKsOdYA=
58,107,39EwgJYfj7q52UUnJ1sc0jcP9Do=,UGyDsZpY92Oy78kSrKrkxKsOdYA=
53,101,39EwgJYfj7q52UUnJ1sc0jcP9Do=,UGyDsZpY92Oy78kSrKrkxKsOdYA=
55,107,39EwgJYfj7q52UUnJ1sc0jcP9Do=,UGyDsZpY92Oy78kSrKrkxKsOdYA=
48,107,39EwgJYfj7q52UUnJ1sc0jcP9Do=,UGyDsZpY92Oy78kSrKrkxKsOdYA=
51,107,39EwgJYfj7q52UUnJ1sc0jcP9Do=,UGyDsZpY92Oy78kSrKrkxKsOdYA=
63,107,39EwgJYfj7q52UUnJ1sc0jcP9Do=,UGyDsZpY92Oy78kSrKrkxKsOdYA=
52,107,39EwgJYfj7q52UUnJ1sc0jcP9Do=,UGyDsZpY92Oy78kSrKrkxKsOdYA=
49,107,39EwgJYfj7q52UUnJ1sc0jcP9Do=,UGyDsZpY92Oy78kSrKrkxKsOdYA=
54,101,39EwgJYfj7q52UUnJ1sc0jcP9Do=,UGyDsZpY92Oy78kSrKrkxKsOdYA=
54,107,39EwgJYfj7q52UUnJ1sc0jcP9Do=,UGyDsZpY92Oy78kSrKrkxKsOdYA=
63,97,39EwgJYfj7q52UUnJ1sc0jcP9Do=,UGyDsZpY92Oy78kSrKrkxKsOdYA=
51,106,39EwgJYfj7q52UUnJ1sc0jcP9Do=,UGyDsZpY92Oy78kSrKrkxKsOdYA=
60,96,39EwgJYfj7q52UUnJ1sc0jcP9Do=,UGyDsZpY92Oy78kSrKrkxKsOdYA=
52,106,39EwgJYfj7q52UUnJ1sc0jcP9Do=,UGyDsZpY92Oy78kSrKrkxKsOdYA=
48,106,39EwgJYfj7q52UUnJ1sc0jcP9Do=,UGyDsZpY92Oy78kSrKrkxKsOdYA=
56,106,39EwgJYfj7q52UUnJ1sc0jcP9Do=,UGyDsZpY92Oy78kSrKrkxKsOdYA=
60,97,39EwgJYfj7q52UUnJ1sc0jcP9Do=,UGyDsZpY92Oy78kSrKrkxKsOdYA=
61,98,39EwgJYfj7q52UUnJ1sc0jcP9Do=,UGyDsZpY92Oy78kSrKrkxKsOdYA=
60,107,39EwgJYfj7q52UUnJ1sc0jcP9Do=,UGyDsZpY92Oy78kSrKrkxKsOdYA=
50,106,39EwgJYfj7q52UUnJ1sc0jcP9Do=,UGyDsZpY92Oy78kSrKrkxKsOdYA=
55,101,39EwgJYfj7q52UUnJ1sc0jcP9Do=,UGyDsZpY92Oy78kSrKrkxKsOdYA=
49,106,39EwgJYfj7q52UUnJ1sc0jcP9Do=,UGyDsZpY92Oy78kSrKrkxKsOdYA=
56,101,39EwgJYfj7q52UUnJ1sc0jcP9Do=,UGyDsZpY92Oy78kSrKrkxKsOdYA=
57,101,39EwgJYfj7q52UUnJ1sc0jcP9Do=,UGyDsZpY92Oy78kSrKrkxKsOdYA=
58,101,39EwgJYfj7q52UUnJ1sc0jcP9Do=,UGyDsZpY92Oy78kSrKrkxKsOdYA=
60,101,39EwgJYfj7q52UUnJ1sc0jcP9Do=,UGyDsZpY92Oy78kSrKrkxKsOdYA=
59,101,39EwgJYfj7q52UUnJ1sc0jcP9Do=,UGyDsZpY92Oy78kSrKrkxKsOdYA=
61,101,39EwgJYfj7q52UUnJ1sc0jcP9Do=,UGyDsZpY92Oy78kSrKrkxKsOdYA=
62,101,39EwgJYfj7q52UUnJ1sc0jcP9Do=,UGyDsZpY92Oy78kSrKrkxKsOdYA=
55,106,39EwgJYfj7q52UUnJ1sc0jcP9Do=,UGyDsZpY92Oy78kSrKrkxKsOdYA=
53,106,39EwgJYfj7q52UUnJ1sc0jcP9Do=,UGyDsZpY92Oy78kSrKrkxKsOdYA=
57,106,39EwgJYfj7q52UUnJ1sc0jcP9Do=,UGyDsZpY92Oy78kSrKrkxKsOdYA=
54,106,39EwgJYfj7q52UUnJ1sc0jcP9Do=,UGyDsZpY92Oy78kSrKrkxKsOdYA=
55,105,39EwgJYfj7q52UUnJ1sc0jcP9Do=,UGyDsZpY92Oy78kSrKrkxKsOdYA=
61,106,39EwgJYfj7q52UUnJ1sc0jcP9Do=,UGyDsZpY92Oy78kSrKrkxKsOdYA=
56,105,39EwgJYfj7q52UUnJ1sc0jcP9Do=,UGyDsZpY92Oy78kSrKrkxKsOdYA=
51,105,39EwgJYfj7q52UUnJ1sc0jcP9Do=,UGyDsZpY92Oy78kSrKrkxKsOdYA=
52,105,39EwgJYfj7q52UUnJ1sc0jcP9Do=,UGyDsZpY92Oy78kSrKrkxKsOdYA=
57,105,39EwgJYfj7q52UUnJ1sc0jcP9Do=,UGyDsZpY92Oy78kSrKrkxKsOdYA=
48,105,39EwgJYfj7q52UUnJ1sc0jcP9Do=,UGyDsZpY92Oy78kSrKrkxKsOdYA=
49,105,39EwgJYfj7q52UUnJ1sc0jcP9Do=,UGyDsZpY92Oy78kSrKrkxKsOdYA=
59,96,39EwgJYfj7q52UUnJ1sc0jcP9Do=,UGyDsZpY92Oy78kSrKrkxKsOdYA=
60,98,39EwgJYfj7q52UUnJ1sc0jcP9Do=,UGyDsZpY92Oy78kSrKrkxKsOdYA=
59,97,39EwgJYfj7q52UUnJ1sc0jcP9Do=,UGyDsZpY92Oy78kSrKrkxKsOdYA=
54,105,39EwgJYfj7q52UUnJ1sc0jcP9Do=,UGyDsZpY92Oy78kSrKrkxKsOdYA=
50,105,39EwgJYfj7q52UUnJ1sc0jcP9Do=,UGyDsZpY92Oy78kSrKrkxKsOdYA=
59,106,39EwgJYfj7q52UUnJ1sc0jcP9Do=,UGyDsZpY92Oy78kSrKrkxKsOdYA=
58,104,39EwgJYfj7q52UUnJ1sc0jcP9Do=,UGyDsZpY92Oy78kSrKrkxKsOdYA=
53,105,39EwgJYfj7q52UUnJ1sc0jcP9Do=,UGyDsZpY92Oy78kSrKrkxKsOdYA=
56,104,39EwgJYfj7q52UUnJ1sc0jcP9Do=,UGyDsZpY92Oy78kSrKrkxKsOdYA=
57,104,39EwgJYfj7q52UUnJ1sc0jcP9Do=,UGyDsZpY92Oy78kSrKrkxKsOdYA=
55,104,39EwgJYfj7q52UUnJ1sc0jcP9Do=,UGyDsZpY92Oy78kSrKrkxKsOdYA=
59,105,39EwgJYfj7q52UUnJ1sc0jcP9Do=,UGyDsZpY92Oy78kSrKrkxKsOdYA=
51,104,39EwgJYfj7q52UUnJ1sc0jcP9Do=,UGyDsZpY92Oy78kSrKrkxKsOdYA=
54,108,39EwgJYfj7q52UUnJ1sc0jcP9Do=,UGyDsZpY92Oy78kSrKrkxKsOdYA=
50,104,39EwgJYfj7q52UUnJ1sc0jcP9Do=,UGyDsZpY92Oy78kSrKrkxKsOdYA=
49,104,39EwgJYfj7q52UUnJ1sc0jcP9Do=,UGyDsZpY92Oy78kSrKrkxKsOdYA=
59,98,39EwgJYfj7q52UUnJ1sc0jcP9Do=,UGyDsZpY92Oy78kSrKrkxKsOdYA=
48,104,39EwgJYfj7q52UUnJ1sc0jcP9Do=,UGyDsZpY92Oy78kSrKrkxKsOdYA=
58,96,39EwgJYfj7q52UUnJ1sc0jcP9Do=,UGyDsZpY92Oy78kSrKrkxKsOdYA=
58,97,39EwgJYfj7q52UUnJ1sc0jcP9Do=,UGyDsZpY92Oy78kSrKrkxKsOdYA=
58,105,39EwgJYfj7q52UUnJ1sc0jcP9Do=,UGyDsZpY92Oy78kSrKrkxKsOdYA=
62,103,39EwgJYfj7q52UUnJ1sc0jcP9Do=,UGyDsZpY92Oy78kSrKrkxKsOdYA=
61,103,39EwgJYfj7q52UUnJ1sc0jcP9Do=,UGyDsZpY92Oy78kSrKrkxKsOdYA=
60,103,39EwgJYfj7q52UUnJ1sc0jcP9Do=,UGyDsZpY92Oy78kSrKrkxKsOdYA=
58,103,39EwgJYfj7q52UUnJ1sc0jcP9Do=,UGyDsZpY92Oy78kSrKrkxKsOdYA=
59,103,39EwgJYfj7q52UUnJ1sc0jcP9Do=,UGyDsZpY92Oy78kSrKrkxKsOdYA=
56,103,39EwgJYfj7q52UUnJ1sc0jcP9Do=,UGyDsZpY92Oy78kSrKrkxKsOdYA=
57,103,39EwgJYfj7q52UUnJ1sc0jcP9Do=,UGyDsZpY92Oy78kSrKrkxKsOdYA=
53,107,39EwgJYfj7q52UUnJ1sc0jcP9Do=,UGyDsZpY92Oy78kSrKrkxKsOdYA=
54,104,39EwgJYfj7q52UUnJ1sc0jcP9Do=,UGyDsZpY92Oy78kSrKrkxKsOdYA=
55,103,39EwgJYfj7q52UUnJ1sc0jcP9Do=,UGyDsZpY92Oy78kSrKrkxKsOdYA=
52,104,39EwgJYfj7q52UUnJ1sc0jcP9Do=,UGyDsZpY92Oy78kSrKrkxKsOdYA=
51,103,39EwgJYfj7q52UUnJ1sc0jcP9Do=,UGyDsZpY92Oy78kSrKrkxKsOdYA=
50,103,39EwgJYfj7q52UUnJ1sc0jcP9Do=,UGyDsZpY92Oy78kSrKrkxKsOdYA=
49,103,39EwgJYfj7q52UUnJ1sc0jcP9Do=,UGyDsZpY92Oy78kSrKrkxKsOdYA=
48,103,39EwgJYfj7q52UUnJ1sc0jcP9Do=,UGyDsZpY92Oy78kSrKrkxKsOdYA=
57,96,39EwgJYfj7q52UUnJ1sc0jcP9Do=,UGyDsZpY92Oy78kSrKrkxKsOdYA=
58,98,39EwgJYfj7q52UUnJ1sc0jcP9Do=,UGyDsZpY92Oy78kSrKrkxKsOdYA=
57,97,39EwgJYfj7q52UUnJ1sc0jcP9Do=,UGyDsZpY92Oy78kSrKrkxKsOdYA=
62,102,39EwgJYfj7q52UUnJ1sc0jcP9Do=,UGyDsZpY92Oy78kSrKrkxKsOdYA=
54,103,39EwgJYfj7q52UUnJ1sc0jcP9Do=,UGyDsZpY92Oy78kSrKrkxKsOdYA=
58,109,39EwgJYfj7q52UUnJ1sc0jcP9Do=,UGyDsZpY92Oy78kSrKrkxKsOdYA=
61,102,39EwgJYfj7q52UUnJ1sc0jcP9Do=,UGyDsZpY92Oy78kSrKrkxKsOdYA=
59,102,39EwgJYfj7q52UUnJ1sc0jcP9Do=,UGyDsZpY92Oy78kSrKrkxKsOdYA=
60,102,39EwgJYfj7q52UUnJ1sc0jcP9Do=,UGyDsZpY92Oy78kSrKrkxKsOdYA=
58,102,39EwgJYfj7q52UUnJ1sc0jcP9Do=,UGyDsZpY92Oy78kSrKrkxKsOdYA=
57,102,39EwgJYfj7q52UUnJ1sc0jcP9Do=,UGyDsZpY92Oy78kSrKrkxKsOdYA=
56,102,39EwgJYfj7q52UUnJ1sc0jcP9Do=,UGyDsZpY92Oy78kSrKrkxKsOdYA=
55,102,39EwgJYfj7q52UUnJ1sc0jcP9Do=,UGyDsZpY92Oy78kSrKrkxKsOdYA=
52,103,39EwgJYfj7q52UUnJ1sc0jcP9Do=,UGyDsZpY92Oy78kSrKrkxKsOdYA=
50,102,39EwgJYfj7q52UUnJ1sc0jcP9Do=,UGyDsZpY92Oy78kSrKrkxKsOdYA=
51,102,39EwgJYfj7q52UUnJ1sc0jcP9Do=,UGyDsZpY92Oy78kSrKrkxKsOdYA=
49,102,39EwgJYfj7q52UUnJ1sc0jcP9Do=,UGyDsZpY92Oy78kSrKrkxKsOdYA=
56,96,39EwgJYfj7q52UUnJ1sc0jcP9Do=,UGyDsZpY92Oy78kSrKrkxKsOdYA=
48,102,39EwgJYfj7q52UUnJ1sc0jcP9Do=,UGyDsZpY92Oy78kSrKrkxKsOdYA=
56,97,39EwgJYfj7q52UUnJ1sc0jcP9Do=,UGyDsZpY92Oy78kSrKrkxKsOdYA=
57,98,39EwgJYfj7q52UUnJ1sc0jcP9Do=,UGyDsZpY92Oy78kSrKrkxKsOdYA=
54,102,39EwgJYfj7q52UUnJ1sc0jcP9Do=,UGyDsZpY92Oy78kSrKrkxKsOdYA=
52,102,39EwgJYfj7q52UUnJ1sc0jcP9Do=,UGyDsZpY92Oy78kSrKrkxKsOdYA=
63,103,39EwgJYfj7q52UUnJ1sc0jcP9Do=,UGyDsZpY92Oy78kSrKrkxKsOdYA=
63,101,39EwgJYfj7q52UUnJ1sc0jcP9Do=,UGyDsZpY92Oy78kSrKrkxKsOdYA=
62,106,39EwgJYfj7q52UUnJ1sc0jcP9Do=,UGyDsZpY92Oy78kSrKrkxKsOdYA=
60,106,39EwgJYfj7q52UUnJ1sc0jcP9Do=,UGyDsZpY92Oy78kSrKrkxKsOdYA=
53,102,39EwgJYfj7q52UUnJ1sc0jcP9Do=,UGyDsZpY92Oy78kSrKrkxKsOdYA=
59,104,39EwgJYfj7q52UUnJ1sc0jcP9Do=,UGyDsZpY92Oy78kSrKrkxKsOdYA=
62,104,39EwgJYfj7q52UUnJ1sc0jcP9Do=,UGyDsZpY92Oy78kSrKrkxKsOdYA=
53,103,39EwgJYfj7q52UUnJ1sc0jcP9Do=,UGyDsZpY92Oy78kSrKrkxKsOdYA=
63,102,39EwgJYfj7q52UUnJ1sc0jcP9Do=,UGyDsZpY92Oy78kSrKrkxKsOdYA=
53,104,39EwgJYfj7q52UUnJ1sc0jcP9Do=,UGyDsZpY92Oy78kSrKrkxKsOdYA=
58,106,39EwgJYfj7q52UUnJ1sc0jcP9Do=,UGyDsZpY92Oy78kSrKrkxKsOdYA=
61,105,39EwgJYfj7q52UUnJ1sc0jcP9Do=,UGyDsZpY92Oy78kSrKrkxKsOdYA=
63,106,39EwgJYfj7q52UUnJ1sc0jcP9Do=,UGyDsZpY92Oy78kSrKrkxKsOdYA=
60,105,39EwgJYfj7q52UUnJ1sc0jcP9Do=,UGyDsZpY92Oy78kSrKrkxKsOdYA=
60,104,39EwgJYfj7q52UUnJ1sc0jcP9Do=,UGyDsZpY92Oy78kSrKrkxKsOdYA=
63,104,39EwgJYfj7q52UUnJ1sc0jcP9Do=,UGyDsZpY92Oy78kSrKrkxKsOdYA=
61,104,39EwgJYfj7q52UUnJ1sc0jcP9Do=,UGyDsZpY92Oy78kSrKrkxKsOdYA=
62,105,39EwgJYfj7q52UUnJ1sc0jcP9Do=,UGyDsZpY92Oy78kSrKrkxKsOdYA=
63,105,39EwgJYfj7q52UUnJ1sc0jcP9Do=,UGyDsZpY92Oy78kSrKrkxKsOdYA=
