53,-14,CwHY1Jn8iSdQdN8e5sDEfRUShXY=,UA87uRWwEZLaNeQ0jthkUFrAkHE=
57,-13,CwHY1Jn8iSdQdN8e5sDEfRUShXY=,UA87uRWwEZLaNeQ0jthkUFrAkHE=
52,-15,CwHY1Jn8iSdQdN8e5sDEfRUShXY=,UA87uRWwEZLaNeQ0jthkUFrAkHE=
53,-15,CwHY1Jn8iSdQdN8e5sDEfRUShXY=,UA87uRWwEZLaNeQ0jthkUFrAkHE=
52,-14,CwHY1Jn8iSdQdN8e5sDEfRUShXY=,UA87uRWwEZLaNeQ0jthkUFrAkHE=
54,-13,CwHY1Jn8iSdQdN8e5sDEfRUShXY=,UA87uRWwEZLaNeQ0jthkUFrAkHE=
49,-16,CwHY1Jn8iSdQdN8e5sDEfRUShXY=,UA87uRWwEZLaNeQ0jthkUFrAkHE=
51,-13,CwHY1Jn8iSdQdN8e5sDEfRUShXY=,UA87uRWwEZLaNeQ0jthkUFrAkHE=
50,-13,CwHY1Jn8iSdQdN8e5sDEfRUShXY=,UA87uRWwEZLaNeQ0jthkUFrAkHE=
53,-16,CwHY1Jn8iSdQdN8e5sDEfRUShXY=,UA87uRWwEZLaNeQ0jthkUFrAkHE=
54,-14,CwHY1Jn8iSdQdN8e5sDEfRUShXY=,UA87uRWwEZLaNeQ0jthkUFrAkHE=
55,-13,CwHY1Jn8iSdQdN8e5sDEfRUShXY=,UA87uRWwEZLaNeQ0jthkUFrAkHE=
51,-16,CwHY1Jn8iSdQdN8e5sDEfRUShXY=,UA87uRWwEZLaNeQ0jthkUFrAkHE=
53,-13,CwHY1Jn8iSdQdN8e5sDEfRUShXY=,UA87uRWwEZLaNeQ0jthkUFrAkHE=
51,-1,CwHY1Jn8iSdQdN8e5sDEfRUShXY=,UA87uRWwEZLaNeQ0jthkUFrAkHE=
50,-1,CwHY1Jn8iSdQdN8e5sDEfRUShXY=,UA87uRWwEZLaNeQ0jthkUFrAkHE=
49,-1,CwHY1Jn8iSdQdN8e5sDEfRUShXY=,UA87uRWwEZLaNeQ0jthkUFrAkHE=
48,-1,CwHY1Jn8iSdQdN8e5sDEfRUShXY=,UA87uRWwEZLaNeQ0jthkUFrAkHE=
52,-1,CwHY1Jn8iSdQdN8e5sDEfRUShXY=,UA87uRWwEZLaNeQ0jthkUFrAkHE=
53,-1,CwHY1Jn8iSdQdN8e5sDEfRUShXY=,UA87uRWwEZLaNeQ0jthkUFrAkHE=
52,-13,CwHY1Jn8iSdQdN8e5sDEfRUShXY=,UA87uRWwEZLaNeQ0jthkUFrAkHE=
58,-13,CwHY1Jn8iSdQdN8e5sDEfRUShXY=,UA87uRWwEZLaNeQ0jthkUFrAkHE=
52,-16,+ZuZFNbDw9/IbSp8g1tbv4+5aNs=,UA87uRWwEZLaNeQ0jthkUFrAkHE=
56,-13,+ZuZFNbDw9/IbSp8g1tbv4+5aNs=,UA87uRWwEZLaNeQ0jthkUFrAkHE=
49,-13,+ZuZFNbDw9/IbSp8g1tbv4+5aNs=,UA87uRWwEZLaNeQ0jthkUFrAkHE=
51,-14,+ZuZFNbDw9/IbSp8g1tbv4+5aNs=,UA87uRWwEZLaNeQ0jthkUFrAkHE=
54,-1,+ZuZFNbDw9/IbSp8g1tbv4+5aNs=,UA87uRWwEZLaNeQ0jthkUFrAkHE=
55,-1,+ZuZFNbDw9/IbSp8g1tbv4+5aNs=,UA87uRWwEZLaNeQ0jthkUFrAkHE=
56,-1,+ZuZFNbDw9/IbSp8g1tbv4+5aNs=,UA87uRWwEZLaNeQ0jthkUFrAkHE=
63,-1,+ZuZFNbDw9/IbSp8g1tbv4+5aNs=,UA87uRWwEZLaNeQ0jthkUFrAkHE=
59,-1,+ZuZFNbDw9/IbSp8g1tbv4+5aNs=,UA87uRWwEZLaNeQ0jthkUFrAkHE=
58,-1,+ZuZFNbDw9/IbSp8g1tbv4+5aNs=,UA87uRWwEZLaNeQ0jthkUFrAkHE=
60,-1,+ZuZFNbDw9/IbSp8g1tbv4+5aNs=,UA87uRWwEZLaNeQ0jthkUFrAkHE=
62,-1,+ZuZFNbDw9/IbSp8g1tbv4+5aNs=,UA87uRWwEZLaNeQ0jthkUFrAkHE=
52,-2,+ZuZFNbDw9/IbSp8g1tbv4+5aNs=,UA87uRWwEZLaNeQ0jthkUFrAkHE=
51,-2,+ZuZFNbDw9/IbSp8g1tbv4+5aNs=,UA87uRWwEZLaNeQ0jthkUFrAkHE=
50,-2,+ZuZFNbDw9/IbSp8g1tbv4+5aNs=,UA87uRWwEZLaNeQ0jthkUFrAkHE=
49,-2,+ZuZFNbDw9/IbSp8g1tbv4+5aNs=,UA87uRWwEZLaNeQ0jthkUFrAkHE=
61,-1,+ZuZFNbDw9/IbSp8g1tbv4+5aNs=,UA87uRWwEZLaNeQ0jthkUFrAkHE=
57,-1,QwGQvsRJStSPGBZdGMuIYC2cU5E=,UA87uRWwEZLaNeQ0jthkUFrAkHE=
48,-2,QwGQvsRJStSPGBZdGMuIYC2cU5E=,UA87uRWwEZLaNeQ0jthkUFrAkHE=
51,-15,QwGQvsRJStSPGBZdGMuIYC2cU5E=,UA87uRWwEZLaNeQ0jthkUFrAkHE=
50,-14,QwGQvsRJStSPGBZdGMuIYC2cU5E=,UA87uRWwEZLaNeQ0jthkUFrAkHE=
59,-13,QwGQvsRJStSPGBZdGMuIYC2cU5E=,UA87uRWwEZLaNeQ0jthkUFrAkHE=
61,-2,QwGQvsRJStSPGBZdGMuIYC2cU5E=,UA87uRWwEZLaNeQ0jthkUFrAkHE=
54,-2,QwGQvsRJStSPGBZdGMuIYC2cU5E=,UA87uRWwEZLaNeQ0jthkUFrAkHE=
62,-2,QwGQvsRJStSPGBZdGMuIYC2cU5E=,UA87uRWwEZLaNeQ0jthkUFrAkHE=
58,-2,QwGQvsRJStSPGBZdGMuIYC2cU5E=,UA87uRWwEZLaNeQ0jthkUFrAkHE=
60,-2,QwGQvsRJStSPGBZdGMuIYC2cU5E=,UA87uRWwEZLaNeQ0jthkUFrAkHE=
56,-2,QwGQvsRJStSPGBZdGMuIYC2cU5E=,UA87uRWwEZLaNeQ0jthkUFrAkHE=
59,-2,QwGQvsRJStSPGBZdGMuIYC2cU5E=,UA87uRWwEZLaNeQ0jthkUFrAkHE=
53,-2,QwGQvsRJStSPGBZdGMuIYC2cU5E=,UA87uRWwEZLaNeQ0jthkUFrAkHE=
55,-2,QwGQvsRJStSPGBZdGMuIYC2cU5E=,UA87uRWwEZLaNeQ0jthkUFrAkHE=
52,-3,QwGQvsRJStSPGBZdGMuIYC2cU5E=,UA87uRWwEZLaNeQ0jthkUFrAkHE=
51,-3,QwGQvsRJStSPGBZdGMuIYC2cU5E=,UA87uRWwEZLaNeQ0jthkUFrAkHE=
50,-3,QwGQvsRJStSPGBZdGMuIYC2cU5E=,UA87uRWwEZLaNeQ0jthkUFrAkHE=
49,-3,QwGQvsRJStSPGBZdGMuIYC2cU5E=,UA87uRWwEZLaNeQ0jthkUFrAkHE=
63,-2,QwGQvsRJStSPGBZdGMuIYC2cU5E=,UA87uRWwEZLaNeQ0jthkUFrAkHE=
57,-2,QwGQvsRJStSPGBZdGMuIYC2cU5E=,UA87uRWwEZLaNeQ0jthkUFrAkHE=
50,-15,QwGQvsRJStSPGBZdGMuIYC2cU5E=,UA87uRWwEZLaNeQ0jthkUFrAkHE=
60,-13,QwGQvsRJStSPGBZdGMuIYC2cU5E=,UA87uRWwEZLaNeQ0jthkUFrAkHE=
57,-3,QwGQvsRJStSPGBZdGMuIYC2cU5E=,UA87uRWwEZLaNeQ0jthkUFrAkHE=
48,-3,QwGQvsRJStSPGBZdGMuIYC2cU5E=,UA87uRWwEZLaNeQ0jthkUFrAkHE=
56,-3,QwGQvsRJStSPGBZdGMuIYC2cU5E=,UA87uRWwEZLaNeQ0jthkUFrAkHE=
49,-14,QwGQvsRJStSPGBZdGMuIYC2cU5E=,UA87uRWwEZLaNeQ0jthkUFrAkHE=
62,-3,QwGQvsRJStSPGBZdGMuIYC2cU5E=,UA87uRWwEZLaNeQ0jthkUFrAkHE=
63,-3,QwGQvsRJStSPGBZdGMuIYC2cU5E=,UA87uRWwEZLaNeQ0jthkUFrAkHE=
58,-3,QwGQvsRJStSPGBZdGMuIYC2cU5E=,UA87uRWwEZLaNeQ0jthkUFrAkHE=
58,-4,QwGQvsRJStSPGBZdGMuIYC2cU5E=,UA87uRWwEZLaNeQ0jthkUFrAkHE=
59,-3,QwGQvsRJStSPGBZdGMuIYC2cU5E=,UA87uRWwEZLaNeQ0jthkUFrAkHE=
61,-3,QwGQvsRJStSPGBZdGMuIYC2cU5E=,UA87uRWwEZLaNeQ0jthkUFrAkHE=
52,-4,QwGQvsRJStSPGBZdGMuIYC2cU5E=,UA87uRWwEZLaNeQ0jthkUFrAkHE=
59,-4,QwGQvsRJStSPGBZdGMuIYC2cU5E=,UA87uRWwEZLaNeQ0jthkUFrAkHE=
51,-4,QwGQvsRJStSPGBZdGMuIYC2cU5E=,UA87uRWwEZLaNeQ0jthkUFrAkHE=
55,-3,QwGQvsRJStSPGBZdGMuIYC2cU5E=,UA87uRWwEZLaNeQ0jthkUFrAkHE=
60,-4,QwGQvsRJStSPGBZdGMuIYC2cU5E=,UA87uRWwEZLaNeQ0jthkUFrAkHE=
53,-3,QwGQvsRJStSPGBZdGMuIYC2cU5E=,UA87uRWwEZLaNeQ0jthkUFrAkHE=
50,-4,QwGQvsRJStSPGBZdGMuIYC2cU5E=,UA87uRWwEZLaNeQ0jthkUFrAkHE=
56,-4,QwGQvsRJStSPGBZdGMuIYC2cU5E=,UA87uRWwEZLaNeQ0jthkUFrAkHE=
61,-13,QwGQvsRJStSPGBZdGMuIYC2cU5E=,UA87uRWwEZLaNeQ0jthkUFrAkHE=
49,-4,QwGQvsRJStSPGBZdGMuIYC2cU5E=,UA87uRWwEZLaNeQ0jthkUFrAkHE=
50,-16,QwGQvsRJStSPGBZdGMuIYC2cU5E=,UA87uRWwEZLaNeQ0jthkUFrAkHE=
49,-15,QwGQvsRJStSPGBZdGMuIYC2cU5E=,UA87uRWwEZLaNeQ0jthkUFrAkHE=
60,-3,QwGQvsRJStSPGBZdGMuIYC2cU5E=,UA87uRWwEZLaNeQ0jthkUFrAkHE=
57,-4,QwGQvsRJStSPGBZdGMuIYC2cU5E=,UA87uRWwEZLaNeQ0jthkUFrAkHE=
63,-16,QwGQvsRJStSPGBZdGMuIYC2cU5E=,UA87uRWwEZLaNeQ0jthkUFrAkHE=
63,-15,QwGQvsRJStSPGBZdGMuIYC2cU5E=,UA87uRWwEZLaNeQ0jthkUFrAkHE=
54,-3,QwGQvsRJStSPGBZdGMuIYC2cU5E=,UA87uRWwEZLaNeQ0jthkUFrAkHE=
48,-4,QwGQvsRJStSPGBZdGMuIYC2cU5E=,UA87uRWwEZLaNeQ0jthkUFrAkHE=
63,-4,QwGQvsRJStSPGBZdGMuIYC2cU5E=,UA87uRWwEZLaNeQ0jthkUFrAkHE=
62,-4,QwGQvsRJStSPGBZdGMuIYC2cU5E=,UA87uRWwEZLaNeQ0jthkUFrAkHE=
48,-13,QwGQvsRJStSPGBZdGMuIYC2cU5E=,UA87uRWwEZLaNeQ0jthkUFrAkHE=
59,-5,QwGQvsRJStSPGBZdGMuIYC2cU5E=,UA87uRWwEZLaNeQ0jthkUFrAkHE=
48,-15,QwGQvsRJStSPGBZdGMuIYC2cU5E=,UA87uRWwEZLaNeQ0jthkUFrAkHE=
58,-5,QwGQvsRJStSPGBZdGMuIYC2cU5E=,UA87uRWwEZLaNeQ0jthkUFrAkHE=
61,-4,QwGQvsRJStSPGBZdGMuIYC2cU5E=,UA87uRWwEZLaNeQ0jthkUFrAkHE=
48,-14,QwGQvsRJStSPGBZdGMuIYC2cU5E=,UA87uRWwEZLaNeQ0jthkUFrAkHE=
62,-16,QwGQvsRJStSPGBZdGMuIYC2cU5E=,UA87uRWwEZLaNeQ0jthkUFrAkHE=
55,-4,QwGQvsRJStSPGBZdGMuIYC2cU5E=,UA87uRWwEZLaNeQ0jthkUFrAkHE=
52,-5,QwGQvsRJStSPGBZdGMuIYC2cU5E=,UA87uRWwEZLaNeQ0jthkUFrAkHE=
54,-4,QwGQvsRJStSPGBZdGMuIYC2cU5E=,UA87uRWwEZLaNeQ0jthkUFrAkHE=
51,-5,QwGQvsRJStSPGBZdGMuIYC2cU5E=,UA87uRWwEZLaNeQ0jthkUFrAkHE=
50,-5,QwGQvsRJStSPGBZdGMuIYC2cU5E=,UA87uRWwEZLaNeQ0jthkUFrAkHE=
53,-4,QwGQvsRJStSPGBZdGMuIYC2cU5E=,UA87uRWwEZLaNeQ0jthkUFrAkHE=
62,-15,QwGQvsRJStSPGBZdGMuIYC2cU5E=,UA87uRWwEZLaNeQ0jthkUFrAkHE=
55,-5,QwGQvsRJStSPGBZdGMuIYC2cU5E=,UA87uRWwEZLaNeQ0jthkUFrAkHE=
57,-5,QwGQvsRJStSPGBZdGMuIYC2cU5E=,UA87uRWwEZLaNeQ0jthkUFrAkHE=
62,-13,QwGQvsRJStSPGBZdGMuIYC2cU5E=,UA87uRWwEZLaNeQ0jthkUFrAkHE=
63,-5,QwGQvsRJStSPGBZdGMuIYC2cU5E=,UA87uRWwEZLaNeQ0jthkUFrAkHE=
56,-5,QwGQvsRJStSPGBZdGMuIYC2cU5E=,UA87uRWwEZLaNeQ0jthkUFrAkHE=
63,-14,QwGQvsRJStSPGBZdGMuIYC2cU5E=,UA87uRWwEZLaNeQ0jthkUFrAkHE=
62,-14,QwGQvsRJStSPGBZdGMuIYC2cU5E=,UA87uRWwEZLaNeQ0jthkUFrAkHE=
62,-5,QwGQvsRJStSPGBZdGMuIYC2cU5E=,UA87uRWwEZLaNeQ0jthkUFrAkHE=
54,-5,QwGQvsRJStSPGBZdGMuIYC2cU5E=,UA87uRWwEZLaNeQ0jthkUFrAkHE=
49,-5,QwGQvsRJStSPGBZdGMuIYC2cU5E=,UA87uRWwEZLaNeQ0jthkUFrAkHE=
58,-6,QwGQvsRJStSPGBZdGMuIYC2cU5E=,UA87uRWwEZLaNeQ0jthkUFrAkHE=
60,-6,QwGQvsRJStSPGBZdGMuIYC2cU5E=,UA87uRWwEZLaNeQ0jthkUFrAkHE=
61,-5,QwGQvsRJStSPGBZdGMuIYC2cU5E=,UA87uRWwEZLaNeQ0jthkUFrAkHE=
53,-6,QwGQvsRJStSPGBZdGMuIYC2cU5E=,UA87uRWwEZLaNeQ0jthkUFrAkHE=
48,-5,QwGQvsRJStSPGBZdGMuIYC2cU5E=,UA87uRWwEZLaNeQ0jthkUFrAkHE=
61,-6,QwGQvsRJStSPGBZdGMuIYC2cU5E=,UA87uRWwEZLaNeQ0jthkUFrAkHE=
59,-6,QwGQvsRJStSPGBZdGMuIYC2cU5E=,UA87uRWwEZLaNeQ0jthkUFrAkHE=
60,-5,QwGQvsRJStSPGBZdGMuIYC2cU5E=,UA87uRWwEZLaNeQ0jthkUFrAkHE=
53,-5,QwGQvsRJStSPGBZdGMuIYC2cU5E=,UA87uRWwEZLaNeQ0jthkUFrAkHE=
52,-6,QwGQvsRJStSPGBZdGMuIYC2cU5E=,UA87uRWwEZLaNeQ0jthkUFrAkHE=
63,-6,QwGQvsRJStSPGBZdGMuIYC2cU5E=,UA87uRWwEZLaNeQ0jthkUFrAkHE=
56,-6,QwGQvsRJStSPGBZdGMuIYC2cU5E=,UA87uRWwEZLaNeQ0jthkUFrAkHE=
60,-16,QwGQvsRJStSPGBZdGMuIYC2cU5E=,UA87uRWwEZLaNeQ0jthkUFrAkHE=
62,-6,QwGQvsRJStSPGBZdGMuIYC2cU5E=,UA87uRWwEZLaNeQ0jthkUFrAkHE=
63,-13,QwGQvsRJStSPGBZdGMuIYC2cU5E=,UA87uRWwEZLaNeQ0jthkUFrAkHE=
48,-6,QwGQvsRJStSPGBZdGMuIYC2cU5E=,UA87uRWwEZLaNeQ0jthkUFrAkHE=
55,-6,QwGQvsRJStSPGBZdGMuIYC2cU5E=,UA87uRWwEZLaNeQ0jthkUFrAkHE=
57,-6,QwGQvsRJStSPGBZdGMuIYC2cU5E=,UA87uRWwEZLaNeQ0jthkUFrAkHE=
54,-15,QwGQvsRJStSPGBZdGMuIYC2cU5E=,UA87uRWwEZLaNeQ0jthkUFrAkHE=
51,-6,QwGQvsRJStSPGBZdGMuIYC2cU5E=,UA87uRWwEZLaNeQ0jthkUFrAkHE=
61,-16,QwGQvsRJStSPGBZdGMuIYC2cU5E=,UA87uRWwEZLaNeQ0jthkUFrAkHE=
55,-14,QwGQvsRJStSPGBZdGMuIYC2cU5E=,UA87uRWwEZLaNeQ0jthkUFrAkHE=
54,-6,QwGQvsRJStSPGBZdGMuIYC2cU5E=,UA87uRWwEZLaNeQ0jthkUFrAkHE=
63,-7,QwGQvsRJStSPGBZdGMuIYC2cU5E=,UA87uRWwEZLaNeQ0jthkUFrAkHE=
61,-7,QwGQvsRJStSPGBZdGMuIYC2cU5E=,UA87uRWwEZLaNeQ0jthkUFrAkHE=
57,-7,QwGQvsRJStSPGBZdGMuIYC2cU5E=,UA87uRWwEZLaNeQ0jthkUFrAkHE=
54,-16,QwGQvsRJStSPGBZdGMuIYC2cU5E=,UA87uRWwEZLaNeQ0jthkUFrAkHE=
50,-6,QwGQvsRJStSPGBZdGMuIYC2cU5E=,UA87uRWwEZLaNeQ0jthkUFrAkHE=
58,-7,QwGQvsRJStSPGBZdGMuIYC2cU5E=,UA87uRWwEZLaNeQ0jthkUFrAkHE=
48,-12,QwGQvsRJStSPGBZdGMuIYC2cU5E=,UA87uRWwEZLaNeQ0jthkUFrAkHE=
49,-6,QwGQvsRJStSPGBZdGMuIYC2cU5E=,UA87uRWwEZLaNeQ0jthkUFrAkHE=
59,-7,QwGQvsRJStSPGBZdGMuIYC2cU5E=,UA87uRWwEZLaNeQ0jthkUFrAkHE=
62,-7,QwGQvsRJStSPGBZdGMuIYC2cU5E=,UA87uRWwEZLaNeQ0jthkUFrAkHE=
60,-7,QwGQvsRJStSPGBZdGMuIYC2cU5E=,UA87uRWwEZLaNeQ0jthkUFrAkHE=
61,-15,QwGQvsRJStSPGBZdGMuIYC2cU5E=,UA87uRWwEZLaNeQ0jthkUFrAkHE=
49,-12,QwGQvsRJStSPGBZdGMuIYC2cU5E=,UA87uRWwEZLaNeQ0jthkUFrAkHE=
56,-7,QwGQvsRJStSPGBZdGMuIYC2cU5E=,UA87uRWwEZLaNeQ0jthkUFrAkHE=
50,-12,QwGQvsRJStSPGBZdGMuIYC2cU5E=,UA87uRWwEZLaNeQ0jthkUFrAkHE=
63,-8,QwGQvsRJStSPGBZdGMuIYC2cU5E=,UA87uRWwEZLaNeQ0jthkUFrAkHE=
60,-15,QwGQvsRJStSPGBZdGMuIYC2cU5E=,UA87uRWwEZLaNeQ0jthkUFrAkHE=
61,-14,QwGQvsRJStSPGBZdGMuIYC2cU5E=,UA87uRWwEZLaNeQ0jthkUFrAkHE=
55,-7,QwGQvsRJStSPGBZdGMuIYC2cU5E=,UA87uRWwEZLaNeQ0jthkUFrAkHE=
51,-12,QwGQvsRJStSPGBZdGMuIYC2cU5E=,UA87uRWwEZLaNeQ0jthkUFrAkHE=
54,-7,QwGQvsRJStSPGBZdGMuIYC2cU5E=,UA87uRWwEZLaNeQ0jthkUFrAkHE=
53,-7,QwGQvsRJStSPGBZdGMuIYC2cU5E=,UA87uRWwEZLaNeQ0jthkUFrAkHE=
52,-7,QwGQvsRJStSPGBZdGMuIYC2cU5E=,UA87uRWwEZLaNeQ0jthkUFrAkHE=
48,-16,QwGQvsRJStSPGBZdGMuIYC2cU5E=,UA87uRWwEZLaNeQ0jthkUFrAkHE=
61,-8,QwGQvsRJStSPGBZdGMuIYC2cU5E=,UA87uRWwEZLaNeQ0jthkUFrAkHE=
53,-12,QwGQvsRJStSPGBZdGMuIYC2cU5E=,UA87uRWwEZLaNeQ0jthkUFrAkHE=
52,-12,QwGQvsRJStSPGBZdGMuIYC2cU5E=,UA87uRWwEZLaNeQ0jthkUFrAkHE=
59,-15,QwGQvsRJStSPGBZdGMuIYC2cU5E=,UA87uRWwEZLaNeQ0jthkUFrAkHE=
59,-16,QwGQvsRJStSPGBZdGMuIYC2cU5E=,UA87uRWwEZLaNeQ0jthkUFrAkHE=
49,-7,QwGQvsRJStSPGBZdGMuIYC2cU5E=,UA87uRWwEZLaNeQ0jthkUFrAkHE=
62,-8,QwGQvsRJStSPGBZdGMuIYC2cU5E=,UA87uRWwEZLaNeQ0jthkUFrAkHE=
54,-12,QwGQvsRJStSPGBZdGMuIYC2cU5E=,UA87uRWwEZLaNeQ0jthkUFrAkHE=
55,-12,QwGQvsRJStSPGBZdGMuIYC2cU5E=,UA87uRWwEZLaNeQ0jthkUFrAkHE=
51,-7,QwGQvsRJStSPGBZdGMuIYC2cU5E=,UA87uRWwEZLaNeQ0jthkUFrAkHE=
50,-7,QwGQvsRJStSPGBZdGMuIYC2cU5E=,UA87uRWwEZLaNeQ0jthkUFrAkHE=
60,-8,QwGQvsRJStSPGBZdGMuIYC2cU5E=,UA87uRWwEZLaNeQ0jthkUFrAkHE=
58,-16,QwGQvsRJStSPGBZdGMuIYC2cU5E=,UA87uRWwEZLaNeQ0jthkUFrAkHE=
48,-7,QwGQvsRJStSPGBZdGMuIYC2cU5E=,UA87uRWwEZLaNeQ0jthkUFrAkHE=
58,-8,QwGQvsRJStSPGBZdGMuIYC2cU5E=,UA87uRWwEZLaNeQ0jthkUFrAkHE=
56,-12,QwGQvsRJStSPGBZdGMuIYC2cU5E=,UA87uRWwEZLaNeQ0jthkUFrAkHE=
55,-8,QwGQvsRJStSPGBZdGMuIYC2cU5E=,UA87uRWwEZLaNeQ0jthkUFrAkHE=
63,-9,QwGQvsRJStSPGBZdGMuIYC2cU5E=,UA87uRWwEZLaNeQ0jthkUFrAkHE=
58,-15,QwGQvsRJStSPGBZdGMuIYC2cU5E=,UA87uRWwEZLaNeQ0jthkUFrAkHE=
57,-12,QwGQvsRJStSPGBZdGMuIYC2cU5E=,UA87uRWwEZLaNeQ0jthkUFrAkHE=
51,-8,QwGQvsRJStSPGBZdGMuIYC2cU5E=,UA87uRWwEZLaNeQ0jthkUFrAkHE=
54,-8,QwGQvsRJStSPGBZdGMuIYC2cU5E=,UA87uRWwEZLaNeQ0jthkUFrAkHE=
59,-8,QwGQvsRJStSPGBZdGMuIYC2cU5E=,UA87uRWwEZLaNeQ0jthkUFrAkHE=
56,-8,QwGQvsRJStSPGBZdGMuIYC2cU5E=,UA87uRWwEZLaNeQ0jthkUFrAkHE=
62,-9,QwGQvsRJStSPGBZdGMuIYC2cU5E=,UA87uRWwEZLaNeQ0jthkUFrAkHE=
53,-8,QwGQvsRJStSPGBZdGMuIYC2cU5E=,UA87uRWwEZLaNeQ0jthkUFrAkHE=
60,-14,QwGQvsRJStSPGBZdGMuIYC2cU5E=,UA87uRWwEZLaNeQ0jthkUFrAkHE=
52,-8,QwGQvsRJStSPGBZdGMuIYC2cU5E=,UA87uRWwEZLaNeQ0jthkUFrAkHE=
57,-8,QwGQvsRJStSPGBZdGMuIYC2cU5E=,UA87uRWwEZLaNeQ0jthkUFrAkHE=
56,-9,QwGQvsRJStSPGBZdGMuIYC2cU5E=,UA87uRWwEZLaNeQ0jthkUFrAkHE=
57,-9,QwGQvsRJStSPGBZdGMuIYC2cU5E=,UA87uRWwEZLaNeQ0jthkUFrAkHE=
54,-9,QwGQvsRJStSPGBZdGMuIYC2cU5E=,UA87uRWwEZLaNeQ0jthkUFrAkHE=
52,-9,QwGQvsRJStSPGBZdGMuIYC2cU5E=,UA87uRWwEZLaNeQ0jthkUFrAkHE=
53,-9,QwGQvsRJStSPGBZdGMuIYC2cU5E=,UA87uRWwEZLaNeQ0jthkUFrAkHE=
59,-14,QwGQvsRJStSPGBZdGMuIYC2cU5E=,UA87uRWwEZLaNeQ0jthkUFrAkHE=
57,-15,QwGQvsRJStSPGBZdGMuIYC2cU5E=,UA87uRWwEZLaNeQ0jthkUFrAkHE=
51,-9,QwGQvsRJStSPGBZdGMuIYC2cU5E=,UA87uRWwEZLaNeQ0jthkUFrAkHE=
62,-10,QwGQvsRJStSPGBZdGMuIYC2cU5E=,UA87uRWwEZLaNeQ0jthkUFrAkHE=
50,-8,QwGQvsRJStSPGBZdGMuIYC2cU5E=,UA87uRWwEZLaNeQ0jthkUFrAkHE=
50,-9,QwGQvsRJStSPGBZdGMuIYC2cU5E=,UA87uRWwEZLaNeQ0jthkUFrAkHE=
55,-9,QwGQvsRJStSPGBZdGMuIYC2cU5E=,UA87uRWwEZLaNeQ0jthkUFrAkHE=
58,-14,QwGQvsRJStSPGBZdGMuIYC2cU5E=,UA87uRWwEZLaNeQ0jthkUFrAkHE=
48,-8,QwGQvsRJStSPGBZdGMuIYC2cU5E=,UA87uRWwEZLaNeQ0jthkUFrAkHE=
61,-9,QwGQvsRJStSPGBZdGMuIYC2cU5E=,UA87uRWwEZLaNeQ0jthkUFrAkHE=
60,-9,QwGQvsRJStSPGBZdGMuIYC2cU5E=,UA87uRWwEZLaNeQ0jthkUFrAkHE=
58,-9,QwGQvsRJStSPGBZdGMuIYC2cU5E=,UA87uRWwEZLaNeQ0jthkUFrAkHE=
49,-8,QwGQvsRJStSPGBZdGMuIYC2cU5E=,UA87uRWwEZLaNeQ0jthkUFrAkHE=
57,-10,QwGQvsRJStSPGBZdGMuIYC2cU5E=,UA87uRWwEZLaNeQ0jthkUFrAkHE=
57,-16,QwGQvsRJStSPGBZdGMuIYC2cU5E=,UA87uRWwEZLaNeQ0jthkUFrAkHE=
58,-10,QwGQvsRJStSPGBZdGMuIYC2cU5E=,UA87uRWwEZLaNeQ0jthkUFrAkHE=
58,-12,QwGQvsRJStSPGBZdGMuIYC2cU5E=,UA87uRWwEZLaNeQ0jthkUFrAkHE=
56,-10,QwGQvsRJStSPGBZdGMuIYC2cU5E=,UA87uRWwEZLaNeQ0jthkUFrAkHE=
63,-10,QwGQvsRJStSPGBZdGMuIYC2cU5E=,UA87uRWwEZLaNeQ0jthkUFrAkHE=
57,-14,QwGQvsRJStSPGBZdGMuIYC2cU5E=,UA87uRWwEZLaNeQ0jthkUFrAkHE=
53,-10,QwGQvsRJStSPGBZdGMuIYC2cU5E=,UA87uRWwEZLaNeQ0jthkUFrAkHE=
54,-10,QwGQvsRJStSPGBZdGMuIYC2cU5E=,UA87uRWwEZLaNeQ0jthkUFrAkHE=
50,-10,QwGQvsRJStSPGBZdGMuIYC2cU5E=,UA87uRWwEZLaNeQ0jthkUFrAkHE=
51,-10,QwGQvsRJStSPGBZdGMuIYC2cU5E=,UA87uRWwEZLaNeQ0jthkUFrAkHE=
56,-16,QwGQvsRJStSPGBZdGMuIYC2cU5E=,UA87uRWwEZLaNeQ0jthkUFrAkHE=
52,-10,QwGQvsRJStSPGBZdGMuIYC2cU5E=,UA87uRWwEZLaNeQ0jthkUFrAkHE=
59,-9,QwGQvsRJStSPGBZdGMuIYC2cU5E=,UA87uRWwEZLaNeQ0jthkUFrAkHE=
55,-10,QwGQvsRJStSPGBZdGMuIYC2cU5E=,UA87uRWwEZLaNeQ0jthkUFrAkHE=
49,-9,QwGQvsRJStSPGBZdGMuIYC2cU5E=,UA87uRWwEZLaNeQ0jthkUFrAkHE=
56,-15,QwGQvsRJStSPGBZdGMuIYC2cU5E=,UA87uRWwEZLaNeQ0jthkUFrAkHE=
57,-11,QwGQvsRJStSPGBZdGMuIYC2cU5E=,UA87uRWwEZLaNeQ0jthkUFrAkHE=
54,-11,QwGQvsRJStSPGBZdGMuIYC2cU5E=,UA87uRWwEZLaNeQ0jthkUFrAkHE=
59,-10,QwGQvsRJStSPGBZdGMuIYC2cU5E=,UA87uRWwEZLaNeQ0jthkUFrAkHE=
58,-11,QwGQvsRJStSPGBZdGMuIYC2cU5E=,UA87uRWwEZLaNeQ0jthkUFrAkHE=
53,-11,QwGQvsRJStSPGBZdGMuIYC2cU5E=,UA87uRWwEZLaNeQ0jthkUFrAkHE=
56,-11,QwGQvsRJStSPGBZdGMuIYC2cU5E=,UA87uRWwEZLaNeQ0jthkUFrAkHE=
59,-12,QwGQvsRJStSPGBZdGMuIYC2cU5E=,UA87uRWwEZLaNeQ0jthkUFrAkHE=
61,-10,QwGQvsRJStSPGBZdGMuIYC2cU5E=,UA87uRWwEZLaNeQ0jthkUFrAkHE=
52,-11,QwGQvsRJStSPGBZdGMuIYC2cU5E=,UA87uRWwEZLaNeQ0jthkUFrAkHE=
56,-14,QwGQvsRJStSPGBZdGMuIYC2cU5E=,UA87uRWwEZLaNeQ0jthkUFrAkHE=
55,-11,QwGQvsRJStSPGBZdGMuIYC2cU5E=,UA87uRWwEZLaNeQ0jthkUFrAkHE=
48,-9,QwGQvsRJStSPGBZdGMuIYC2cU5E=,UA87uRWwEZLaNeQ0jthkUFrAkHE=
55,-16,QwGQvsRJStSPGBZdGMuIYC2cU5E=,UA87uRWwEZLaNeQ0jthkUFrAkHE=
51,-11,QwGQvsRJStSPGBZdGMuIYC2cU5E=,UA87uRWwEZLaNeQ0jthkUFrAkHE=
48,-10,QwGQvsRJStSPGBZdGMuIYC2cU5E=,UA87uRWwEZLaNeQ0jthkUFrAkHE=
49,-11,QwGQvsRJStSPGBZdGMuIYC2cU5E=,UA87uRWwEZLaNeQ0jthkUFrAkHE=
50,-11,QwGQvsRJStSPGBZdGMuIYC2cU5E=,UA87uRWwEZLaNeQ0jthkUFrAkHE=
49,-10,QwGQvsRJStSPGBZdGMuIYC2cU5E=,UA87uRWwEZLaNeQ0jthkUFrAkHE=
55,-15,QwGQvsRJStSPGBZdGMuIYC2cU5E=,UA87uRWwEZLaNeQ0jthkUFrAkHE=
60,-10,QwGQvsRJStSPGBZdGMuIYC2cU5E=,UA87uRWwEZLaNeQ0jthkUFrAkHE=
60,-11,QwGQvsRJStSPGBZdGMuIYC2cU5E=,UA87uRWwEZLaNeQ0jthkUFrAkHE=
63,-11,QwGQvsRJStSPGBZdGMuIYC2cU5E=,UA87uRWwEZLaNeQ0jthkUFrAkHE=
62,-11,QwGQvsRJStSPGBZdGMuIYC2cU5E=,UA87uRWwEZLaNeQ0jthkUFrAkHE=
61,-11,QwGQvsRJStSPGBZdGMuIYC2cU5E=,UA87uRWwEZLaNeQ0jthkUFrAkHE=
48,-11,QwGQvsRJStSPGBZdGMuIYC2cU5E=,UA87uRWwEZLaNeQ0jthkUFrAkHE=
60,-12,QwGQvsRJStSPGBZdGMuIYC2cU5E=,UA87uRWwEZLaNeQ0jthkUFrAkHE=
61,-12,QwGQvsRJStSPGBZdGMuIYC2cU5E=,UA87uRWwEZLaNeQ0jthkUFrAkHE=
62,-12,QwGQvsRJStSPGBZdGMuIYC2cU5E=,UA87uRWwEZLaNeQ0jthkUFrAkHE=
59,-11,QwGQvsRJStSPGBZdGMuIYC2cU5E=,UA87uRWwEZLaNeQ0jthkUFrAkHE=
63,-12,QwGQvsRJStSPGBZdGMuIYC2cU5E=,UA87uRWwEZLaNeQ0jthkUFrAkHE=
59,-29,cLsvkonnrf/YnvBzhw3nhCRIGLo=,BKDPoItZAuM3RNR5/VgTs9CGLhY=
51,-32,cLsvkonnrf/YnvBzhw3nhCRIGLo=,BKDPoItZAuM3RNR5/VgTs9CGLhY=
51,-29,cLsvkonnrf/YnvBzhw3nhCRIGLo=,BKDPoItZAuM3RNR5/VgTs9CGLhY=
58,-29,cLsvkonnrf/YnvBzhw3nhCRIGLo=,BKDPoItZAuM3RNR5/VgTs9CGLhY=
63,-17,cLsvkonnrf/YnvBzhw3nhCRIGLo=,BKDPoItZAuM3RNR5/VgTs9CGLhY=
61,-17,cLsvkonnrf/YnvBzhw3nhCRIGLo=,BKDPoItZAuM3RNR5/VgTs9CGLhY=
57,-29,cLsvkonnrf/YnvBzhw3nhCRIGLo=,BKDPoItZAuM3RNR5/VgTs9CGLhY=
59,-17,cLsvkonnrf/YnvBzhw3nhCRIGLo=,BKDPoItZAuM3RNR5/VgTs9CGLhY=
58,-17,cLsvkonnrf/YnvBzhw3nhCRIGLo=,BKDPoItZAuM3RNR5/VgTs9CGLhY=
57,-17,cLsvkonnrf/YnvBzhw3nhCRIGLo=,BKDPoItZAuM3RNR5/VgTs9CGLhY=
63,-18,cLsvkonnrf/YnvBzhw3nhCRIGLo=,BKDPoItZAuM3RNR5/VgTs9CGLhY=
56,-17,cLsvkonnrf/YnvBzhw3nhCRIGLo=,BKDPoItZAuM3RNR5/VgTs9CGLhY=
57,-18,cLsvkonnrf/YnvBzhw3nhCRIGLo=,BKDPoItZAuM3RNR5/VgTs9CGLhY=
56,-29,cLsvkonnrf/YnvBzhw3nhCRIGLo=,BKDPoItZAuM3RNR5/VgTs9CGLhY=
63,-19,cLsvkonnrf/YnvBzhw3nhCRIGLo=,BKDPoItZAuM3RNR5/VgTs9CGLhY=
58,-19,cLsvkonnrf/YnvBzhw3nhCRIGLo=,BKDPoItZAuM3RNR5/VgTs9CGLhY=
57,-19,cLsvkonnrf/YnvBzhw3nhCRIGLo=,BKDPoItZAuM3RNR5/VgTs9CGLhY=
53,-19,cLsvkonnrf/YnvBzhw3nhCRIGLo=,BKDPoItZAuM3RNR5/VgTs9CGLhY=
56,-18,cLsvkonnrf/YnvBzhw3nhCRIGLo=,BKDPoItZAuM3RNR5/VgTs9CGLhY=
49,-19,cLsvkonnrf/YnvBzhw3nhCRIGLo=,BKDPoItZAuM3RNR5/VgTs9CGLhY=
56,-19,cLsvkonnrf/YnvBzhw3nhCRIGLo=,BKDPoItZAuM3RNR5/VgTs9CGLhY=
59,-19,cLsvkonnrf/YnvBzhw3nhCRIGLo=,BKDPoItZAuM3RNR5/VgTs9CGLhY=
58,-18,cLsvkonnrf/YnvBzhw3nhCRIGLo=,BKDPoItZAuM3RNR5/VgTs9CGLhY=
48,-21,cLsvkonnrf/YnvBzhw3nhCRIGLo=,BKDPoItZAuM3RNR5/VgTs9CGLhY=
48,-20,cLsvkonnrf/YnvBzhw3nhCRIGLo=,BKDPoItZAuM3RNR5/VgTs9CGLhY=
48,-19,cLsvkonnrf/YnvBzhw3nhCRIGLo=,BKDPoItZAuM3RNR5/VgTs9CGLhY=
59,-20,cLsvkonnrf/YnvBzhw3nhCRIGLo=,BKDPoItZAuM3RNR5/VgTs9CGLhY=
58,-20,v72+JfsRYHQl1kNKK8cw7AoxqKM=,BKDPoItZAuM3RNR5/VgTs9CGLhY=
60,-19,v72+JfsRYHQl1kNKK8cw7AoxqKM=,BKDPoItZAuM3RNR5/VgTs9CGLhY=
62,-19,v72+JfsRYHQl1kNKK8cw7AoxqKM=,BKDPoItZAuM3RNR5/VgTs9CGLhY=
55,-29,v72+JfsRYHQl1kNKK8cw7AoxqKM=,BKDPoItZAuM3RNR5/VgTs9CGLhY=
63,-20,v72+JfsRYHQl1kNKK8cw7AoxqKM=,BKDPoItZAuM3RNR5/VgTs9CGLhY=
62,-17,v72+JfsRYHQl1kNKK8cw7AoxqKM=,BKDPoItZAuM3RNR5/VgTs9CGLhY=
53,-20,v72+JfsRYHQl1kNKK8cw7AoxqKM=,BKDPoItZAuM3RNR5/VgTs9CGLhY=
48,-17,v72+JfsRYHQl1kNKK8cw7AoxqKM=,BKDPoItZAuM3RNR5/VgTs9CGLhY=
54,-20,v72+JfsRYHQl1kNKK8cw7AoxqKM=,BKDPoItZAuM3RNR5/VgTs9CGLhY=
62,-18,v72+JfsRYHQl1kNKK8cw7AoxqKM=,BKDPoItZAuM3RNR5/VgTs9CGLhY=
53,-32,v72+JfsRYHQl1kNKK8cw7AoxqKM=,BKDPoItZAuM3RNR5/VgTs9CGLhY=
54,-29,v72+JfsRYHQl1kNKK8cw7AoxqKM=,BKDPoItZAuM3RNR5/VgTs9CGLhY=
52,-20,v72+JfsRYHQl1kNKK8cw7AoxqKM=,BKDPoItZAuM3RNR5/VgTs9CGLhY=
49,-20,v72+JfsRYHQl1kNKK8cw7AoxqKM=,BKDPoItZAuM3RNR5/VgTs9CGLhY=
56,-20,v72+JfsRYHQl1kNKK8cw7AoxqKM=,BKDPoItZAuM3RNR5/VgTs9CGLhY=
55,-20,v72+JfsRYHQl1kNKK8cw7AoxqKM=,BKDPoItZAuM3RNR5/VgTs9CGLhY=
51,-20,v72+JfsRYHQl1kNKK8cw7AoxqKM=,BKDPoItZAuM3RNR5/VgTs9CGLhY=
63,-32,v72+JfsRYHQl1kNKK8cw7AoxqKM=,BKDPoItZAuM3RNR5/VgTs9CGLhY=
54,-30,v72+JfsRYHQl1kNKK8cw7AoxqKM=,BKDPoItZAuM3RNR5/VgTs9CGLhY=
61,-20,v72+JfsRYHQl1kNKK8cw7AoxqKM=,BKDPoItZAuM3RNR5/VgTs9CGLhY=
53,-30,v72+JfsRYHQl1kNKK8cw7AoxqKM=,BKDPoItZAuM3RNR5/VgTs9CGLhY=
50,-20,v72+JfsRYHQl1kNKK8cw7AoxqKM=,BKDPoItZAuM3RNR5/VgTs9CGLhY=
62,-20,v72+JfsRYHQl1kNKK8cw7AoxqKM=,BKDPoItZAuM3RNR5/VgTs9CGLhY=
62,-32,v72+JfsRYHQl1kNKK8cw7AoxqKM=,BKDPoItZAuM3RNR5/VgTs9CGLhY=
57,-20,v72+JfsRYHQl1kNKK8cw7AoxqKM=,BKDPoItZAuM3RNR5/VgTs9CGLhY=
63,-30,v72+JfsRYHQl1kNKK8cw7AoxqKM=,BKDPoItZAuM3RNR5/VgTs9CGLhY=
53,-29,v72+JfsRYHQl1kNKK8cw7AoxqKM=,BKDPoItZAuM3RNR5/VgTs9CGLhY=
63,-31,v72+JfsRYHQl1kNKK8cw7AoxqKM=,BKDPoItZAuM3RNR5/VgTs9CGLhY=
52,-29,v72+JfsRYHQl1kNKK8cw7AoxqKM=,BKDPoItZAuM3RNR5/VgTs9CGLhY=
62,-31,v72+JfsRYHQl1kNKK8cw7AoxqKM=,BKDPoItZAuM3RNR5/VgTs9CGLhY=
53,-31,tG8H7PMsbJ3HxI6w0cOBqpFOouo=,BKDPoItZAuM3RNR5/VgTs9CGLhY=
61,-18,tG8H7PMsbJ3HxI6w0cOBqpFOouo=,BKDPoItZAuM3RNR5/VgTs9CGLhY=
59,-21,tG8H7PMsbJ3HxI6w0cOBqpFOouo=,BKDPoItZAuM3RNR5/VgTs9CGLhY=
61,-19,tG8H7PMsbJ3HxI6w0cOBqpFOouo=,BKDPoItZAuM3RNR5/VgTs9CGLhY=
59,-18,tG8H7PMsbJ3HxI6w0cOBqpFOouo=,BKDPoItZAuM3RNR5/VgTs9CGLhY=
63,-21,tG8H7PMsbJ3HxI6w0cOBqpFOouo=,BKDPoItZAuM3RNR5/VgTs9CGLhY=
58,-21,tG8H7PMsbJ3HxI6w0cOBqpFOouo=,BKDPoItZAuM3RNR5/VgTs9CGLhY=
52,-31,tG8H7PMsbJ3HxI6w0cOBqpFOouo=,BKDPoItZAuM3RNR5/VgTs9CGLhY=
60,-21,tG8H7PMsbJ3HxI6w0cOBqpFOouo=,BKDPoItZAuM3RNR5/VgTs9CGLhY=
48,-18,tG8H7PMsbJ3HxI6w0cOBqpFOouo=,BKDPoItZAuM3RNR5/VgTs9CGLhY=
50,-29,tG8H7PMsbJ3HxI6w0cOBqpFOouo=,BKDPoItZAuM3RNR5/VgTs9CGLhY=
62,-21,tG8H7PMsbJ3HxI6w0cOBqpFOouo=,BKDPoItZAuM3RNR5/VgTs9CGLhY=
54,-17,tG8H7PMsbJ3HxI6w0cOBqpFOouo=,BKDPoItZAuM3RNR5/VgTs9CGLhY=
55,-17,tG8H7PMsbJ3HxI6w0cOBqpFOouo=,BKDPoItZAuM3RNR5/VgTs9CGLhY=
53,-17,tG8H7PMsbJ3HxI6w0cOBqpFOouo=,BKDPoItZAuM3RNR5/VgTs9CGLhY=
57,-21,tG8H7PMsbJ3HxI6w0cOBqpFOouo=,BKDPoItZAuM3RNR5/VgTs9CGLhY=
54,-21,tG8H7PMsbJ3HxI6w0cOBqpFOouo=,BKDPoItZAuM3RNR5/VgTs9CGLhY=
53,-21,tG8H7PMsbJ3HxI6w0cOBqpFOouo=,BKDPoItZAuM3RNR5/VgTs9CGLhY=
52,-30,tG8H7PMsbJ3HxI6w0cOBqpFOouo=,BKDPoItZAuM3RNR5/VgTs9CGLhY=
56,-21,tG8H7PMsbJ3HxI6w0cOBqpFOouo=,BKDPoItZAuM3RNR5/VgTs9CGLhY=
52,-17,tG8H7PMsbJ3HxI6w0cOBqpFOouo=,BKDPoItZAuM3RNR5/VgTs9CGLhY=
55,-21,tG8H7PMsbJ3HxI6w0cOBqpFOouo=,BKDPoItZAuM3RNR5/VgTs9CGLhY=
51,-21,tG8H7PMsbJ3HxI6w0cOBqpFOouo=,BKDPoItZAuM3RNR5/VgTs9CGLhY=
49,-21,tG8H7PMsbJ3HxI6w0cOBqpFOouo=,BKDPoItZAuM3RNR5/VgTs9CGLhY=
52,-21,tG8H7PMsbJ3HxI6w0cOBqpFOouo=,BKDPoItZAuM3RNR5/VgTs9CGLhY=
62,-30,tG8H7PMsbJ3HxI6w0cOBqpFOouo=,BKDPoItZAuM3RNR5/VgTs9CGLhY=
61,-21,tG8H7PMsbJ3HxI6w0cOBqpFOouo=,BKDPoItZAuM3RNR5/VgTs9CGLhY=
61,-32,tG8H7PMsbJ3HxI6w0cOBqpFOouo=,BKDPoItZAuM3RNR5/VgTs9CGLhY=
51,-17,tG8H7PMsbJ3HxI6w0cOBqpFOouo=,BKDPoItZAuM3RNR5/VgTs9CGLhY=
49,-17,tG8H7PMsbJ3HxI6w0cOBqpFOouo=,BKDPoItZAuM3RNR5/VgTs9CGLhY=
60,-20,tG8H7PMsbJ3HxI6w0cOBqpFOouo=,BKDPoItZAuM3RNR5/VgTs9CGLhY=
51,-30,tG8H7PMsbJ3HxI6w0cOBqpFOouo=,BKDPoItZAuM3RNR5/VgTs9CGLhY=
60,-18,tG8H7PMsbJ3HxI6w0cOBqpFOouo=,BKDPoItZAuM3RNR5/VgTs9CGLhY=
50,-21,tG8H7PMsbJ3HxI6w0cOBqpFOouo=,BKDPoItZAuM3RNR5/VgTs9CGLhY=
50,-17,tG8H7PMsbJ3HxI6w0cOBqpFOouo=,BKDPoItZAuM3RNR5/VgTs9CGLhY=
61,-31,tG8H7PMsbJ3HxI6w0cOBqpFOouo=,BKDPoItZAuM3RNR5/VgTs9CGLhY=
53,-18,tG8H7PMsbJ3HxI6w0cOBqpFOouo=,BKDPoItZAuM3RNR5/VgTs9CGLhY=
54,-18,tG8H7PMsbJ3HxI6w0cOBqpFOouo=,BKDPoItZAuM3RNR5/VgTs9CGLhY=
60,-17,tG8H7PMsbJ3HxI6w0cOBqpFOouo=,BKDPoItZAuM3RNR5/VgTs9CGLhY=
55,-18,tG8H7PMsbJ3HxI6w0cOBqpFOouo=,BKDPoItZAuM3RNR5/VgTs9CGLhY=
49,-32,tG8H7PMsbJ3HxI6w0cOBqpFOouo=,BKDPoItZAuM3RNR5/VgTs9CGLhY=
60,-22,tG8H7PMsbJ3HxI6w0cOBqpFOouo=,BKDPoItZAuM3RNR5/VgTs9CGLhY=
59,-22,tG8H7PMsbJ3HxI6w0cOBqpFOouo=,BKDPoItZAuM3RNR5/VgTs9CGLhY=
58,-22,tG8H7PMsbJ3HxI6w0cOBqpFOouo=,BKDPoItZAuM3RNR5/VgTs9CGLhY=
52,-18,tG8H7PMsbJ3HxI6w0cOBqpFOouo=,BKDPoItZAuM3RNR5/VgTs9CGLhY=
50,-18,tG8H7PMsbJ3HxI6w0cOBqpFOouo=,BKDPoItZAuM3RNR5/VgTs9CGLhY=
52,-32,tG8H7PMsbJ3HxI6w0cOBqpFOouo=,BKDPoItZAuM3RNR5/VgTs9CGLhY=
51,-18,tG8H7PMsbJ3HxI6w0cOBqpFOouo=,BKDPoItZAuM3RNR5/VgTs9CGLhY=
55,-22,tG8H7PMsbJ3HxI6w0cOBqpFOouo=,BKDPoItZAuM3RNR5/VgTs9CGLhY=
54,-22,tG8H7PMsbJ3HxI6w0cOBqpFOouo=,BKDPoItZAuM3RNR5/VgTs9CGLhY=
54,-19,tG8H7PMsbJ3HxI6w0cOBqpFOouo=,BKDPoItZAuM3RNR5/VgTs9CGLhY=
62,-22,tG8H7PMsbJ3HxI6w0cOBqpFOouo=,BKDPoItZAuM3RNR5/VgTs9CGLhY=
57,-22,tG8H7PMsbJ3HxI6w0cOBqpFOouo=,BKDPoItZAuM3RNR5/VgTs9CGLhY=
49,-18,tG8H7PMsbJ3HxI6w0cOBqpFOouo=,BKDPoItZAuM3RNR5/VgTs9CGLhY=
63,-22,tG8H7PMsbJ3HxI6w0cOBqpFOouo=,BKDPoItZAuM3RNR5/VgTs9CGLhY=
56,-22,tG8H7PMsbJ3HxI6w0cOBqpFOouo=,BKDPoItZAuM3RNR5/VgTs9CGLhY=
61,-22,tG8H7PMsbJ3HxI6w0cOBqpFOouo=,BKDPoItZAuM3RNR5/VgTs9CGLhY=
60,-32,tG8H7PMsbJ3HxI6w0cOBqpFOouo=,BKDPoItZAuM3RNR5/VgTs9CGLhY=
60,-31,tG8H7PMsbJ3HxI6w0cOBqpFOouo=,BKDPoItZAuM3RNR5/VgTs9CGLhY=
52,-19,tG8H7PMsbJ3HxI6w0cOBqpFOouo=,BKDPoItZAuM3RNR5/VgTs9CGLhY=
61,-30,tG8H7PMsbJ3HxI6w0cOBqpFOouo=,BKDPoItZAuM3RNR5/VgTs9CGLhY=
52,-22,tG8H7PMsbJ3HxI6w0cOBqpFOouo=,BKDPoItZAuM3RNR5/VgTs9CGLhY=
53,-22,tG8H7PMsbJ3HxI6w0cOBqpFOouo=,BKDPoItZAuM3RNR5/VgTs9CGLhY=
51,-22,tG8H7PMsbJ3HxI6w0cOBqpFOouo=,BKDPoItZAuM3RNR5/VgTs9CGLhY=
51,-19,tG8H7PMsbJ3HxI6w0cOBqpFOouo=,BKDPoItZAuM3RNR5/VgTs9CGLhY=
59,-23,tG8H7PMsbJ3HxI6w0cOBqpFOouo=,BKDPoItZAuM3RNR5/VgTs9CGLhY=
49,-22,tG8H7PMsbJ3HxI6w0cOBqpFOouo=,BKDPoItZAuM3RNR5/VgTs9CGLhY=
55,-19,tG8H7PMsbJ3HxI6w0cOBqpFOouo=,BKDPoItZAuM3RNR5/VgTs9CGLhY=
50,-22,tG8H7PMsbJ3HxI6w0cOBqpFOouo=,BKDPoItZAuM3RNR5/VgTs9CGLhY=
58,-23,tG8H7PMsbJ3HxI6w0cOBqpFOouo=,BKDPoItZAuM3RNR5/VgTs9CGLhY=
50,-19,tG8H7PMsbJ3HxI6w0cOBqpFOouo=,BKDPoItZAuM3RNR5/VgTs9CGLhY=
57,-23,tG8H7PMsbJ3HxI6w0cOBqpFOouo=,BKDPoItZAuM3RNR5/VgTs9CGLhY=
49,-31,tG8H7PMsbJ3HxI6w0cOBqpFOouo=,BKDPoItZAuM3RNR5/VgTs9CGLhY=
51,-31,tG8H7PMsbJ3HxI6w0cOBqpFOouo=,BKDPoItZAuM3RNR5/VgTs9CGLhY=
54,-23,tG8H7PMsbJ3HxI6w0cOBqpFOouo=,BKDPoItZAuM3RNR5/VgTs9CGLhY=
62,-23,tG8H7PMsbJ3HxI6w0cOBqpFOouo=,BKDPoItZAuM3RNR5/VgTs9CGLhY=
50,-32,tG8H7PMsbJ3HxI6w0cOBqpFOouo=,BKDPoItZAuM3RNR5/VgTs9CGLhY=
49,-29,tG8H7PMsbJ3HxI6w0cOBqpFOouo=,BKDPoItZAuM3RNR5/VgTs9CGLhY=
56,-23,tG8H7PMsbJ3HxI6w0cOBqpFOouo=,BKDPoItZAuM3RNR5/VgTs9CGLhY=
61,-23,tG8H7PMsbJ3HxI6w0cOBqpFOouo=,BKDPoItZAuM3RNR5/VgTs9CGLhY=
60,-23,tG8H7PMsbJ3HxI6w0cOBqpFOouo=,BKDPoItZAuM3RNR5/VgTs9CGLhY=
55,-23,tG8H7PMsbJ3HxI6w0cOBqpFOouo=,BKDPoItZAuM3RNR5/VgTs9CGLhY=
48,-31,tG8H7PMsbJ3HxI6w0cOBqpFOouo=,BKDPoItZAuM3RNR5/VgTs9CGLhY=
52,-23,tG8H7PMsbJ3HxI6w0cOBqpFOouo=,BKDPoItZAuM3RNR5/VgTs9CGLhY=
50,-30,tG8H7PMsbJ3HxI6w0cOBqpFOouo=,BKDPoItZAuM3RNR5/VgTs9CGLhY=
63,-23,tG8H7PMsbJ3HxI6w0cOBqpFOouo=,BKDPoItZAuM3RNR5/VgTs9CGLhY=
50,-23,tG8H7PMsbJ3HxI6w0cOBqpFOouo=,BKDPoItZAuM3RNR5/VgTs9CGLhY=
53,-23,tG8H7PMsbJ3HxI6w0cOBqpFOouo=,BKDPoItZAuM3RNR5/VgTs9CGLhY=
51,-23,tG8H7PMsbJ3HxI6w0cOBqpFOouo=,BKDPoItZAuM3RNR5/VgTs9CGLhY=
60,-30,tG8H7PMsbJ3HxI6w0cOBqpFOouo=,BKDPoItZAuM3RNR5/VgTs9CGLhY=
59,-32,tG8H7PMsbJ3HxI6w0cOBqpFOouo=,BKDPoItZAuM3RNR5/VgTs9CGLhY=
59,-31,tG8H7PMsbJ3HxI6w0cOBqpFOouo=,BKDPoItZAuM3RNR5/VgTs9CGLhY=
48,-22,tG8H7PMsbJ3HxI6w0cOBqpFOouo=,BKDPoItZAuM3RNR5/VgTs9CGLhY=
49,-23,tG8H7PMsbJ3HxI6w0cOBqpFOouo=,BKDPoItZAuM3RNR5/VgTs9CGLhY=
60,-24,tG8H7PMsbJ3HxI6w0cOBqpFOouo=,BKDPoItZAuM3RNR5/VgTs9CGLhY=
59,-24,tG8H7PMsbJ3HxI6w0cOBqpFOouo=,BKDPoItZAuM3RNR5/VgTs9CGLhY=
58,-24,tG8H7PMsbJ3HxI6w0cOBqpFOouo=,BKDPoItZAuM3RNR5/VgTs9CGLhY=
48,-23,tG8H7PMsbJ3HxI6w0cOBqpFOouo=,BKDPoItZAuM3RNR5/VgTs9CGLhY=
57,-24,tG8H7PMsbJ3HxI6w0cOBqpFOouo=,BKDPoItZAuM3RNR5/VgTs9CGLhY=
50,-31,tG8H7PMsbJ3HxI6w0cOBqpFOouo=,BKDPoItZAuM3RNR5/VgTs9CGLhY=
56,-24,tG8H7PMsbJ3HxI6w0cOBqpFOouo=,BKDPoItZAuM3RNR5/VgTs9CGLhY=
48,-24,tG8H7PMsbJ3HxI6w0cOBqpFOouo=,BKDPoItZAuM3RNR5/VgTs9CGLhY=
55,-24,tG8H7PMsbJ3HxI6w0cOBqpFOouo=,BKDPoItZAuM3RNR5/VgTs9CGLhY=
62,-24,tG8H7PMsbJ3HxI6w0cOBqpFOouo=,BKDPoItZAuM3RNR5/VgTs9CGLhY=
63,-24,tG8H7PMsbJ3HxI6w0cOBqpFOouo=,BKDPoItZAuM3RNR5/VgTs9CGLhY=
54,-24,tG8H7PMsbJ3HxI6w0cOBqpFOouo=,BKDPoItZAuM3RNR5/VgTs9CGLhY=
53,-24,tG8H7PMsbJ3HxI6w0cOBqpFOouo=,BKDPoItZAuM3RNR5/VgTs9CGLhY=
59,-30,tG8H7PMsbJ3HxI6w0cOBqpFOouo=,BKDPoItZAuM3RNR5/VgTs9CGLhY=
58,-32,tG8H7PMsbJ3HxI6w0cOBqpFOouo=,BKDPoItZAuM3RNR5/VgTs9CGLhY=
52,-24,tG8H7PMsbJ3HxI6w0cOBqpFOouo=,BKDPoItZAuM3RNR5/VgTs9CGLhY=
51,-24,tG8H7PMsbJ3HxI6w0cOBqpFOouo=,BKDPoItZAuM3RNR5/VgTs9CGLhY=
58,-31,tG8H7PMsbJ3HxI6w0cOBqpFOouo=,BKDPoItZAuM3RNR5/VgTs9CGLhY=
60,-25,tG8H7PMsbJ3HxI6w0cOBqpFOouo=,BKDPoItZAuM3RNR5/VgTs9CGLhY=
59,-25,tG8H7PMsbJ3HxI6w0cOBqpFOouo=,BKDPoItZAuM3RNR5/VgTs9CGLhY=
49,-24,tG8H7PMsbJ3HxI6w0cOBqpFOouo=,BKDPoItZAuM3RNR5/VgTs9CGLhY=
48,-32,tG8H7PMsbJ3HxI6w0cOBqpFOouo=,BKDPoItZAuM3RNR5/VgTs9CGLhY=
58,-25,tG8H7PMsbJ3HxI6w0cOBqpFOouo=,BKDPoItZAuM3RNR5/VgTs9CGLhY=
61,-25,tG8H7PMsbJ3HxI6w0cOBqpFOouo=,BKDPoItZAuM3RNR5/VgTs9CGLhY=
55,-25,tG8H7PMsbJ3HxI6w0cOBqpFOouo=,BKDPoItZAuM3RNR5/VgTs9CGLhY=
56,-25,tG8H7PMsbJ3HxI6w0cOBqpFOouo=,BKDPoItZAuM3RNR5/VgTs9CGLhY=
57,-25,tG8H7PMsbJ3HxI6w0cOBqpFOouo=,BKDPoItZAuM3RNR5/VgTs9CGLhY=
48,-25,tG8H7PMsbJ3HxI6w0cOBqpFOouo=,BKDPoItZAuM3RNR5/VgTs9CGLhY=
48,-30,tG8H7PMsbJ3HxI6w0cOBqpFOouo=,BKDPoItZAuM3RNR5/VgTs9CGLhY=
48,-28,tG8H7PMsbJ3HxI6w0cOBqpFOouo=,BKDPoItZAuM3RNR5/VgTs9CGLhY=
63,-25,tG8H7PMsbJ3HxI6w0cOBqpFOouo=,BKDPoItZAuM3RNR5/VgTs9CGLhY=
58,-30,tG8H7PMsbJ3HxI6w0cOBqpFOouo=,BKDPoItZAuM3RNR5/VgTs9CGLhY=
53,-25,tG8H7PMsbJ3HxI6w0cOBqpFOouo=,BKDPoItZAuM3RNR5/VgTs9CGLhY=
50,-24,tG8H7PMsbJ3HxI6w0cOBqpFOouo=,BKDPoItZAuM3RNR5/VgTs9CGLhY=
54,-25,tG8H7PMsbJ3HxI6w0cOBqpFOouo=,BKDPoItZAuM3RNR5/VgTs9CGLhY=
61,-26,tG8H7PMsbJ3HxI6w0cOBqpFOouo=,BKDPoItZAuM3RNR5/VgTs9CGLhY=
60,-26,tG8H7PMsbJ3HxI6w0cOBqpFOouo=,BKDPoItZAuM3RNR5/VgTs9CGLhY=
59,-26,tG8H7PMsbJ3HxI6w0cOBqpFOouo=,BKDPoItZAuM3RNR5/VgTs9CGLhY=
49,-30,tG8H7PMsbJ3HxI6w0cOBqpFOouo=,BKDPoItZAuM3RNR5/VgTs9CGLhY=
57,-32,tG8H7PMsbJ3HxI6w0cOBqpFOouo=,BKDPoItZAuM3RNR5/VgTs9CGLhY=
52,-25,tG8H7PMsbJ3HxI6w0cOBqpFOouo=,BKDPoItZAuM3RNR5/VgTs9CGLhY=
63,-26,tG8H7PMsbJ3HxI6w0cOBqpFOouo=,BKDPoItZAuM3RNR5/VgTs9CGLhY=
62,-26,tG8H7PMsbJ3HxI6w0cOBqpFOouo=,BKDPoItZAuM3RNR5/VgTs9CGLhY=
58,-26,tG8H7PMsbJ3HxI6w0cOBqpFOouo=,BKDPoItZAuM3RNR5/VgTs9CGLhY=
57,-26,tG8H7PMsbJ3HxI6w0cOBqpFOouo=,BKDPoItZAuM3RNR5/VgTs9CGLhY=
57,-31,tG8H7PMsbJ3HxI6w0cOBqpFOouo=,BKDPoItZAuM3RNR5/VgTs9CGLhY=
56,-26,tG8H7PMsbJ3HxI6w0cOBqpFOouo=,BKDPoItZAuM3RNR5/VgTs9CGLhY=
54,-26,tG8H7PMsbJ3HxI6w0cOBqpFOouo=,BKDPoItZAuM3RNR5/VgTs9CGLhY=
62,-25,tG8H7PMsbJ3HxI6w0cOBqpFOouo=,BKDPoItZAuM3RNR5/VgTs9CGLhY=
55,-26,tG8H7PMsbJ3HxI6w0cOBqpFOouo=,BKDPoItZAuM3RNR5/VgTs9CGLhY=
56,-32,tG8H7PMsbJ3HxI6w0cOBqpFOouo=,BKDPoItZAuM3RNR5/VgTs9CGLhY=
57,-30,tG8H7PMsbJ3HxI6w0cOBqpFOouo=,BKDPoItZAuM3RNR5/VgTs9CGLhY=
52,-26,tG8H7PMsbJ3HxI6w0cOBqpFOouo=,BKDPoItZAuM3RNR5/VgTs9CGLhY=
61,-27,tG8H7PMsbJ3HxI6w0cOBqpFOouo=,BKDPoItZAuM3RNR5/VgTs9CGLhY=
60,-27,tG8H7PMsbJ3HxI6w0cOBqpFOouo=,BKDPoItZAuM3RNR5/VgTs9CGLhY=
59,-27,tG8H7PMsbJ3HxI6w0cOBqpFOouo=,BKDPoItZAuM3RNR5/VgTs9CGLhY=
63,-27,tG8H7PMsbJ3HxI6w0cOBqpFOouo=,BKDPoItZAuM3RNR5/VgTs9CGLhY=
51,-25,tG8H7PMsbJ3HxI6w0cOBqpFOouo=,BKDPoItZAuM3RNR5/VgTs9CGLhY=
53,-26,tG8H7PMsbJ3HxI6w0cOBqpFOouo=,BKDPoItZAuM3RNR5/VgTs9CGLhY=
62,-27,tG8H7PMsbJ3HxI6w0cOBqpFOouo=,BKDPoItZAuM3RNR5/VgTs9CGLhY=
58,-27,tG8H7PMsbJ3HxI6w0cOBqpFOouo=,BKDPoItZAuM3RNR5/VgTs9CGLhY=
57,-27,tG8H7PMsbJ3HxI6w0cOBqpFOouo=,BKDPoItZAuM3RNR5/VgTs9CGLhY=
56,-31,tG8H7PMsbJ3HxI6w0cOBqpFOouo=,BKDPoItZAuM3RNR5/VgTs9CGLhY=
50,-25,tG8H7PMsbJ3HxI6w0cOBqpFOouo=,BKDPoItZAuM3RNR5/VgTs9CGLhY=
55,-27,tG8H7PMsbJ3HxI6w0cOBqpFOouo=,BKDPoItZAuM3RNR5/VgTs9CGLhY=
49,-25,tG8H7PMsbJ3HxI6w0cOBqpFOouo=,BKDPoItZAuM3RNR5/VgTs9CGLhY=
56,-27,tG8H7PMsbJ3HxI6w0cOBqpFOouo=,BKDPoItZAuM3RNR5/VgTs9CGLhY=
52,-27,tG8H7PMsbJ3HxI6w0cOBqpFOouo=,BKDPoItZAuM3RNR5/VgTs9CGLhY=
54,-27,tG8H7PMsbJ3HxI6w0cOBqpFOouo=,BKDPoItZAuM3RNR5/VgTs9CGLhY=
48,-26,tG8H7PMsbJ3HxI6w0cOBqpFOouo=,BKDPoItZAuM3RNR5/VgTs9CGLhY=
61,-24,tG8H7PMsbJ3HxI6w0cOBqpFOouo=,BKDPoItZAuM3RNR5/VgTs9CGLhY=
61,-28,tG8H7PMsbJ3HxI6w0cOBqpFOouo=,BKDPoItZAuM3RNR5/VgTs9CGLhY=
60,-28,tG8H7PMsbJ3HxI6w0cOBqpFOouo=,BKDPoItZAuM3RNR5/VgTs9CGLhY=
59,-28,tG8H7PMsbJ3HxI6w0cOBqpFOouo=,BKDPoItZAuM3RNR5/VgTs9CGLhY=
55,-31,tG8H7PMsbJ3HxI6w0cOBqpFOouo=,BKDPoItZAuM3RNR5/VgTs9CGLhY=
48,-27,tG8H7PMsbJ3HxI6w0cOBqpFOouo=,BKDPoItZAuM3RNR5/VgTs9CGLhY=
53,-27,tG8H7PMsbJ3HxI6w0cOBqpFOouo=,BKDPoItZAuM3RNR5/VgTs9CGLhY=
55,-32,tG8H7PMsbJ3HxI6w0cOBqpFOouo=,BKDPoItZAuM3RNR5/VgTs9CGLhY=
48,-29,tG8H7PMsbJ3HxI6w0cOBqpFOouo=,BKDPoItZAuM3RNR5/VgTs9CGLhY=
57,-28,tG8H7PMsbJ3HxI6w0cOBqpFOouo=,BKDPoItZAuM3RNR5/VgTs9CGLhY=
51,-27,tG8H7PMsbJ3HxI6w0cOBqpFOouo=,BKDPoItZAuM3RNR5/VgTs9CGLhY=
56,-30,tG8H7PMsbJ3HxI6w0cOBqpFOouo=,BKDPoItZAuM3RNR5/VgTs9CGLhY=
63,-28,tG8H7PMsbJ3HxI6w0cOBqpFOouo=,BKDPoItZAuM3RNR5/VgTs9CGLhY=
62,-28,tG8H7PMsbJ3HxI6w0cOBqpFOouo=,BKDPoItZAuM3RNR5/VgTs9CGLhY=
51,-28,tG8H7PMsbJ3HxI6w0cOBqpFOouo=,BKDPoItZAuM3RNR5/VgTs9CGLhY=
54,-28,tG8H7PMsbJ3HxI6w0cOBqpFOouo=,BKDPoItZAuM3RNR5/VgTs9CGLhY=
50,-26,tG8H7PMsbJ3HxI6w0cOBqpFOouo=,BKDPoItZAuM3RNR5/VgTs9CGLhY=
52,-28,tG8H7PMsbJ3HxI6w0cOBqpFOouo=,BKDPoItZAuM3RNR5/VgTs9CGLhY=
62,-29,tG8H7PMsbJ3HxI6w0cOBqpFOouo=,BKDPoItZAuM3RNR5/VgTs9CGLhY=
61,-29,tG8H7PMsbJ3HxI6w0cOBqpFOouo=,BKDPoItZAuM3RNR5/VgTs9CGLhY=
60,-29,tG8H7PMsbJ3HxI6w0cOBqpFOouo=,BKDPoItZAuM3RNR5/VgTs9CGLhY=
58,-28,tG8H7PMsbJ3HxI6w0cOBqpFOouo=,BKDPoItZAuM3RNR5/VgTs9CGLhY=
53,-28,tG8H7PMsbJ3HxI6w0cOBqpFOouo=,BKDPoItZAuM3RNR5/VgTs9CGLhY=
55,-28,tG8H7PMsbJ3HxI6w0cOBqpFOouo=,BKDPoItZAuM3RNR5/VgTs9CGLhY=
51,-26,tG8H7PMsbJ3HxI6w0cOBqpFOouo=,BKDPoItZAuM3RNR5/VgTs9CGLhY=
54,-31,tG8H7PMsbJ3HxI6w0cOBqpFOouo=,BKDPoItZAuM3RNR5/VgTs9CGLhY=
63,-29,tG8H7PMsbJ3HxI6w0cOBqpFOouo=,BKDPoItZAuM3RNR5/VgTs9CGLhY=
56,-28,tG8H7PMsbJ3HxI6w0cOBqpFOouo=,BKDPoItZAuM3RNR5/VgTs9CGLhY=
54,-32,tG8H7PMsbJ3HxI6w0cOBqpFOouo=,BKDPoItZAuM3RNR5/VgTs9CGLhY=
55,-30,tG8H7PMsbJ3HxI6w0cOBqpFOouo=,BKDPoItZAuM3RNR5/VgTs9CGLhY=
50,-27,tG8H7PMsbJ3HxI6w0cOBqpFOouo=,BKDPoItZAuM3RNR5/VgTs9CGLhY=
50,-28,tG8H7PMsbJ3HxI6w0cOBqpFOouo=,BKDPoItZAuM3RNR5/VgTs9CGLhY=
49,-26,tG8H7PMsbJ3HxI6w0cOBqpFOouo=,BKDPoItZAuM3RNR5/VgTs9CGLhY=
49,-27,tG8H7PMsbJ3HxI6w0cOBqpFOouo=,BKDPoItZAuM3RNR5/VgTs9CGLhY=
49,-28,tG8H7PMsbJ3HxI6w0cOBqpFOouo=,BKDPoItZAuM3RNR5/VgTs9CGLhY=
47,-17,Qxs/JyP6+3Tenb0ygQnvHlYgasI=,yiP4B7flFHCpmpqW2DiuDFS7ZjE=
36,-29,RdsRfdiQ+jLmB/SmIT6xF5fHMA4=,yiP4B7flFHCpmpqW2DiuDFS7ZjE=
40,-17,RdsRfdiQ+jLmB/SmIT6xF5fHMA4=,yiP4B7flFHCpmpqW2DiuDFS7ZjE=
45,-17,RdsRfdiQ+jLmB/SmIT6xF5fHMA4=,yiP4B7flFHCpmpqW2DiuDFS7ZjE=
44,-17,1PbBv3bOvMJJ22dUYZBxlNoksds=,yiP4B7flFHCpmpqW2DiuDFS7ZjE=
46,-17,1PbBv3bOvMJJ22dUYZBxlNoksds=,yiP4B7flFHCpmpqW2DiuDFS7ZjE=
34,-29,1PbBv3bOvMJJ22dUYZBxlNoksds=,yiP4B7flFHCpmpqW2DiuDFS7ZjE=
32,-17,1PbBv3bOvMJJ22dUYZBxlNoksds=,yiP4B7flFHCpmpqW2DiuDFS7ZjE=
39,-17,1PbBv3bOvMJJ22dUYZBxlNoksds=,yiP4B7flFHCpmpqW2DiuDFS7ZjE=
47,-18,1PbBv3bOvMJJ22dUYZBxlNoksds=,yiP4B7flFHCpmpqW2DiuDFS7ZjE=
43,-17,1PbBv3bOvMJJ22dUYZBxlNoksds=,yiP4B7flFHCpmpqW2DiuDFS7ZjE=
37,-17,1PbBv3bOvMJJ22dUYZBxlNoksds=,yiP4B7flFHCpmpqW2DiuDFS7ZjE=
36,-17,D0A0Q1b+fhOhHg5rJNi81zA530c=,yiP4B7flFHCpmpqW2DiuDFS7ZjE=
37,-29,D0A0Q1b+fhOhHg5rJNi81zA530c=,yiP4B7flFHCpmpqW2DiuDFS7ZjE=
45,-18,D0A0Q1b+fhOhHg5rJNi81zA530c=,yiP4B7flFHCpmpqW2DiuDFS7ZjE=
40,-18,D0A0Q1b+fhOhHg5rJNi81zA530c=,yiP4B7flFHCpmpqW2DiuDFS7ZjE=
36,-30,D0A0Q1b+fhOhHg5rJNi81zA530c=,yiP4B7flFHCpmpqW2DiuDFS7ZjE=
33,-32,D0A0Q1b+fhOhHg5rJNi81zA530c=,yiP4B7flFHCpmpqW2DiuDFS7ZjE=
44,-18,D0A0Q1b+fhOhHg5rJNi81zA530c=,yiP4B7flFHCpmpqW2DiuDFS7ZjE=
35,-32,D0A0Q1b+fhOhHg5rJNi81zA530c=,yiP4B7flFHCpmpqW2DiuDFS7ZjE=
35,-29,D0A0Q1b+fhOhHg5rJNi81zA530c=,yiP4B7flFHCpmpqW2DiuDFS7ZjE=
41,-17,D0A0Q1b+fhOhHg5rJNi81zA530c=,yiP4B7flFHCpmpqW2DiuDFS7ZjE=
35,-17,D0A0Q1b+fhOhHg5rJNi81zA530c=,yiP4B7flFHCpmpqW2DiuDFS7ZjE=
47,-19,D0A0Q1b+fhOhHg5rJNi81zA530c=,yiP4B7flFHCpmpqW2DiuDFS7ZjE=
39,-18,D0A0Q1b+fhOhHg5rJNi81zA530c=,yiP4B7flFHCpmpqW2DiuDFS7ZjE=
33,-17,D0A0Q1b+fhOhHg5rJNi81zA530c=,yiP4B7flFHCpmpqW2DiuDFS7ZjE=
46,-18,D0A0Q1b+fhOhHg5rJNi81zA530c=,yiP4B7flFHCpmpqW2DiuDFS7ZjE=
41,-18,D0A0Q1b+fhOhHg5rJNi81zA530c=,yiP4B7flFHCpmpqW2DiuDFS7ZjE=
35,-30,IkjgYQDth7bKue2UhSKnt8YWpOY=,yiP4B7flFHCpmpqW2DiuDFS7ZjE=
42,-18,IkjgYQDth7bKue2UhSKnt8YWpOY=,yiP4B7flFHCpmpqW2DiuDFS7ZjE=
43,-18,IkjgYQDth7bKue2UhSKnt8YWpOY=,yiP4B7flFHCpmpqW2DiuDFS7ZjE=
33,-29,IkjgYQDth7bKue2UhSKnt8YWpOY=,yiP4B7flFHCpmpqW2DiuDFS7ZjE=
36,-31,IkjgYQDth7bKue2UhSKnt8YWpOY=,yiP4B7flFHCpmpqW2DiuDFS7ZjE=
40,-19,IkjgYQDth7bKue2UhSKnt8YWpOY=,yiP4B7flFHCpmpqW2DiuDFS7ZjE=
39,-29,IkjgYQDth7bKue2UhSKnt8YWpOY=,yiP4B7flFHCpmpqW2DiuDFS7ZjE=
36,-18,IkjgYQDth7bKue2UhSKnt8YWpOY=,yiP4B7flFHCpmpqW2DiuDFS7ZjE=
45,-19,IkjgYQDth7bKue2UhSKnt8YWpOY=,yiP4B7flFHCpmpqW2DiuDFS7ZjE=
47,-20,IkjgYQDth7bKue2UhSKnt8YWpOY=,yiP4B7flFHCpmpqW2DiuDFS7ZjE=
44,-19,IkjgYQDth7bKue2UhSKnt8YWpOY=,yiP4B7flFHCpmpqW2DiuDFS7ZjE=
41,-19,IkjgYQDth7bKue2UhSKnt8YWpOY=,yiP4B7flFHCpmpqW2DiuDFS7ZjE=
39,-19,IkjgYQDth7bKue2UhSKnt8YWpOY=,yiP4B7flFHCpmpqW2DiuDFS7ZjE=
38,-17,IkjgYQDth7bKue2UhSKnt8YWpOY=,yiP4B7flFHCpmpqW2DiuDFS7ZjE=
46,-19,IkjgYQDth7bKue2UhSKnt8YWpOY=,yiP4B7flFHCpmpqW2DiuDFS7ZjE=
43,-19,IkjgYQDth7bKue2UhSKnt8YWpOY=,yiP4B7flFHCpmpqW2DiuDFS7ZjE=
37,-18,IkjgYQDth7bKue2UhSKnt8YWpOY=,yiP4B7flFHCpmpqW2DiuDFS7ZjE=
34,-18,IkjgYQDth7bKue2UhSKnt8YWpOY=,yiP4B7flFHCpmpqW2DiuDFS7ZjE=
46,-20,IkjgYQDth7bKue2UhSKnt8YWpOY=,yiP4B7flFHCpmpqW2DiuDFS7ZjE=
42,-19,n3y0ADsMtkDxfBYP6pNHEzpfxEw=,yiP4B7flFHCpmpqW2DiuDFS7ZjE=
35,-31,n3y0ADsMtkDxfBYP6pNHEzpfxEw=,yiP4B7flFHCpmpqW2DiuDFS7ZjE=
38,-18,n3y0ADsMtkDxfBYP6pNHEzpfxEw=,yiP4B7flFHCpmpqW2DiuDFS7ZjE=
37,-19,n3y0ADsMtkDxfBYP6pNHEzpfxEw=,yiP4B7flFHCpmpqW2DiuDFS7ZjE=
32,-18,n3y0ADsMtkDxfBYP6pNHEzpfxEw=,yiP4B7flFHCpmpqW2DiuDFS7ZjE=
34,-30,n3y0ADsMtkDxfBYP6pNHEzpfxEw=,yiP4B7flFHCpmpqW2DiuDFS7ZjE=
45,-20,n3y0ADsMtkDxfBYP6pNHEzpfxEw=,yiP4B7flFHCpmpqW2DiuDFS7ZjE=
41,-20,n3y0ADsMtkDxfBYP6pNHEzpfxEw=,yiP4B7flFHCpmpqW2DiuDFS7ZjE=
33,-30,n3y0ADsMtkDxfBYP6pNHEzpfxEw=,yiP4B7flFHCpmpqW2DiuDFS7ZjE=
35,-18,n3y0ADsMtkDxfBYP6pNHEzpfxEw=,yiP4B7flFHCpmpqW2DiuDFS7ZjE=
40,-29,n3y0ADsMtkDxfBYP6pNHEzpfxEw=,yiP4B7flFHCpmpqW2DiuDFS7ZjE=
40,-20,n3y0ADsMtkDxfBYP6pNHEzpfxEw=,yiP4B7flFHCpmpqW2DiuDFS7ZjE=
33,-18,n3y0ADsMtkDxfBYP6pNHEzpfxEw=,yiP4B7flFHCpmpqW2DiuDFS7ZjE=
35,-19,n3y0ADsMtkDxfBYP6pNHEzpfxEw=,yiP4B7flFHCpmpqW2DiuDFS7ZjE=
42,-20,n3y0ADsMtkDxfBYP6pNHEzpfxEw=,yiP4B7flFHCpmpqW2DiuDFS7ZjE=
42,-17,n3y0ADsMtkDxfBYP6pNHEzpfxEw=,yiP4B7flFHCpmpqW2DiuDFS7ZjE=
34,-17,n3y0ADsMtkDxfBYP6pNHEzpfxEw=,yiP4B7flFHCpmpqW2DiuDFS7ZjE=
34,-31,n3y0ADsMtkDxfBYP6pNHEzpfxEw=,yiP4B7flFHCpmpqW2DiuDFS7ZjE=
36,-32,n3y0ADsMtkDxfBYP6pNHEzpfxEw=,yiP4B7flFHCpmpqW2DiuDFS7ZjE=
32,-19,n3y0ADsMtkDxfBYP6pNHEzpfxEw=,yiP4B7flFHCpmpqW2DiuDFS7ZjE=
34,-20,n3y0ADsMtkDxfBYP6pNHEzpfxEw=,yiP4B7flFHCpmpqW2DiuDFS7ZjE=
33,-19,n3y0ADsMtkDxfBYP6pNHEzpfxEw=,yiP4B7flFHCpmpqW2DiuDFS7ZjE=
34,-19,n3y0ADsMtkDxfBYP6pNHEzpfxEw=,yiP4B7flFHCpmpqW2DiuDFS7ZjE=
38,-19,n3y0ADsMtkDxfBYP6pNHEzpfxEw=,yiP4B7flFHCpmpqW2DiuDFS7ZjE=
39,-20,n3y0ADsMtkDxfBYP6pNHEzpfxEw=,yiP4B7flFHCpmpqW2DiuDFS7ZjE=
37,-30,n3y0ADsMtkDxfBYP6pNHEzpfxEw=,yiP4B7flFHCpmpqW2DiuDFS7ZjE=
36,-19,n3y0ADsMtkDxfBYP6pNHEzpfxEw=,yiP4B7flFHCpmpqW2DiuDFS7ZjE=
36,-20,n3y0ADsMtkDxfBYP6pNHEzpfxEw=,yiP4B7flFHCpmpqW2DiuDFS7ZjE=
38,-29,n3y0ADsMtkDxfBYP6pNHEzpfxEw=,yiP4B7flFHCpmpqW2DiuDFS7ZjE=
35,-20,n3y0ADsMtkDxfBYP6pNHEzpfxEw=,yiP4B7flFHCpmpqW2DiuDFS7ZjE=
44,-20,n3y0ADsMtkDxfBYP6pNHEzpfxEw=,yiP4B7flFHCpmpqW2DiuDFS7ZjE=
37,-20,n3y0ADsMtkDxfBYP6pNHEzpfxEw=,yiP4B7flFHCpmpqW2DiuDFS7ZjE=
32,-28,n3y0ADsMtkDxfBYP6pNHEzpfxEw=,yiP4B7flFHCpmpqW2DiuDFS7ZjE=
38,-20,n3y0ADsMtkDxfBYP6pNHEzpfxEw=,yiP4B7flFHCpmpqW2DiuDFS7ZjE=
37,-31,n3y0ADsMtkDxfBYP6pNHEzpfxEw=,yiP4B7flFHCpmpqW2DiuDFS7ZjE=
43,-20,n3y0ADsMtkDxfBYP6pNHEzpfxEw=,yiP4B7flFHCpmpqW2DiuDFS7ZjE=
33,-28,n3y0ADsMtkDxfBYP6pNHEzpfxEw=,yiP4B7flFHCpmpqW2DiuDFS7ZjE=
38,-30,n3y0ADsMtkDxfBYP6pNHEzpfxEw=,yiP4B7flFHCpmpqW2DiuDFS7ZjE=
34,-28,n3y0ADsMtkDxfBYP6pNHEzpfxEw=,yiP4B7flFHCpmpqW2DiuDFS7ZjE=
47,-29,n3y0ADsMtkDxfBYP6pNHEzpfxEw=,yiP4B7flFHCpmpqW2DiuDFS7ZjE=
37,-28,n3y0ADsMtkDxfBYP6pNHEzpfxEw=,yiP4B7flFHCpmpqW2DiuDFS7ZjE=
42,-29,n3y0ADsMtkDxfBYP6pNHEzpfxEw=,yiP4B7flFHCpmpqW2DiuDFS7ZjE=
36,-28,n3y0ADsMtkDxfBYP6pNHEzpfxEw=,yiP4B7flFHCpmpqW2DiuDFS7ZjE=
35,-28,n3y0ADsMtkDxfBYP6pNHEzpfxEw=,yiP4B7flFHCpmpqW2DiuDFS7ZjE=
39,-30,n3y0ADsMtkDxfBYP6pNHEzpfxEw=,yiP4B7flFHCpmpqW2DiuDFS7ZjE=
37,-32,n3y0ADsMtkDxfBYP6pNHEzpfxEw=,yiP4B7flFHCpmpqW2DiuDFS7ZjE=
41,-29,n3y0ADsMtkDxfBYP6pNHEzpfxEw=,yiP4B7flFHCpmpqW2DiuDFS7ZjE=
38,-28,n3y0ADsMtkDxfBYP6pNHEzpfxEw=,yiP4B7flFHCpmpqW2DiuDFS7ZjE=
40,-28,n3y0ADsMtkDxfBYP6pNHEzpfxEw=,yiP4B7flFHCpmpqW2DiuDFS7ZjE=
44,-29,n3y0ADsMtkDxfBYP6pNHEzpfxEw=,yiP4B7flFHCpmpqW2DiuDFS7ZjE=
43,-29,n3y0ADsMtkDxfBYP6pNHEzpfxEw=,yiP4B7flFHCpmpqW2DiuDFS7ZjE=
46,-29,n3y0ADsMtkDxfBYP6pNHEzpfxEw=,yiP4B7flFHCpmpqW2DiuDFS7ZjE=
39,-28,n3y0ADsMtkDxfBYP6pNHEzpfxEw=,yiP4B7flFHCpmpqW2DiuDFS7ZjE=
38,-32,n3y0ADsMtkDxfBYP6pNHEzpfxEw=,yiP4B7flFHCpmpqW2DiuDFS7ZjE=
40,-30,n3y0ADsMtkDxfBYP6pNHEzpfxEw=,yiP4B7flFHCpmpqW2DiuDFS7ZjE=
45,-29,n3y0ADsMtkDxfBYP6pNHEzpfxEw=,yiP4B7flFHCpmpqW2DiuDFS7ZjE=
39,-31,n3y0ADsMtkDxfBYP6pNHEzpfxEw=,yiP4B7flFHCpmpqW2DiuDFS7ZjE=
41,-28,n3y0ADsMtkDxfBYP6pNHEzpfxEw=,yiP4B7flFHCpmpqW2DiuDFS7ZjE=
34,-27,n3y0ADsMtkDxfBYP6pNHEzpfxEw=,yiP4B7flFHCpmpqW2DiuDFS7ZjE=
32,-27,n3y0ADsMtkDxfBYP6pNHEzpfxEw=,yiP4B7flFHCpmpqW2DiuDFS7ZjE=
39,-32,n3y0ADsMtkDxfBYP6pNHEzpfxEw=,yiP4B7flFHCpmpqW2DiuDFS7ZjE=
33,-27,n3y0ADsMtkDxfBYP6pNHEzpfxEw=,yiP4B7flFHCpmpqW2DiuDFS7ZjE=
38,-31,n3y0ADsMtkDxfBYP6pNHEzpfxEw=,yiP4B7flFHCpmpqW2DiuDFS7ZjE=
35,-27,n3y0ADsMtkDxfBYP6pNHEzpfxEw=,yiP4B7flFHCpmpqW2DiuDFS7ZjE=
40,-27,n3y0ADsMtkDxfBYP6pNHEzpfxEw=,yiP4B7flFHCpmpqW2DiuDFS7ZjE=
38,-27,n3y0ADsMtkDxfBYP6pNHEzpfxEw=,yiP4B7flFHCpmpqW2DiuDFS7ZjE=
42,-28,n3y0ADsMtkDxfBYP6pNHEzpfxEw=,yiP4B7flFHCpmpqW2DiuDFS7ZjE=
37,-27,n3y0ADsMtkDxfBYP6pNHEzpfxEw=,yiP4B7flFHCpmpqW2DiuDFS7ZjE=
44,-28,n3y0ADsMtkDxfBYP6pNHEzpfxEw=,yiP4B7flFHCpmpqW2DiuDFS7ZjE=
36,-27,n3y0ADsMtkDxfBYP6pNHEzpfxEw=,yiP4B7flFHCpmpqW2DiuDFS7ZjE=
39,-27,n3y0ADsMtkDxfBYP6pNHEzpfxEw=,yiP4B7flFHCpmpqW2DiuDFS7ZjE=
47,-28,n3y0ADsMtkDxfBYP6pNHEzpfxEw=,yiP4B7flFHCpmpqW2DiuDFS7ZjE=
40,-31,n3y0ADsMtkDxfBYP6pNHEzpfxEw=,yiP4B7flFHCpmpqW2DiuDFS7ZjE=
41,-27,n3y0ADsMtkDxfBYP6pNHEzpfxEw=,yiP4B7flFHCpmpqW2DiuDFS7ZjE=
46,-27,n3y0ADsMtkDxfBYP6pNHEzpfxEw=,yiP4B7flFHCpmpqW2DiuDFS7ZjE=
33,-26,n3y0ADsMtkDxfBYP6pNHEzpfxEw=,yiP4B7flFHCpmpqW2DiuDFS7ZjE=
45,-28,n3y0ADsMtkDxfBYP6pNHEzpfxEw=,yiP4B7flFHCpmpqW2DiuDFS7ZjE=
32,-26,n3y0ADsMtkDxfBYP6pNHEzpfxEw=,yiP4B7flFHCpmpqW2DiuDFS7ZjE=
43,-28,n3y0ADsMtkDxfBYP6pNHEzpfxEw=,yiP4B7flFHCpmpqW2DiuDFS7ZjE=
41,-30,n3y0ADsMtkDxfBYP6pNHEzpfxEw=,yiP4B7flFHCpmpqW2DiuDFS7ZjE=
34,-26,n3y0ADsMtkDxfBYP6pNHEzpfxEw=,yiP4B7flFHCpmpqW2DiuDFS7ZjE=
42,-27,n3y0ADsMtkDxfBYP6pNHEzpfxEw=,yiP4B7flFHCpmpqW2DiuDFS7ZjE=
40,-32,n3y0ADsMtkDxfBYP6pNHEzpfxEw=,yiP4B7flFHCpmpqW2DiuDFS7ZjE=
46,-28,n3y0ADsMtkDxfBYP6pNHEzpfxEw=,yiP4B7flFHCpmpqW2DiuDFS7ZjE=
39,-26,n3y0ADsMtkDxfBYP6pNHEzpfxEw=,yiP4B7flFHCpmpqW2DiuDFS7ZjE=
44,-27,n3y0ADsMtkDxfBYP6pNHEzpfxEw=,yiP4B7flFHCpmpqW2DiuDFS7ZjE=
45,-27,n3y0ADsMtkDxfBYP6pNHEzpfxEw=,yiP4B7flFHCpmpqW2DiuDFS7ZjE=
46,-26,n3y0ADsMtkDxfBYP6pNHEzpfxEw=,yiP4B7flFHCpmpqW2DiuDFS7ZjE=
43,-27,n3y0ADsMtkDxfBYP6pNHEzpfxEw=,yiP4B7flFHCpmpqW2DiuDFS7ZjE=
40,-26,n3y0ADsMtkDxfBYP6pNHEzpfxEw=,yiP4B7flFHCpmpqW2DiuDFS7ZjE=
37,-26,n3y0ADsMtkDxfBYP6pNHEzpfxEw=,yiP4B7flFHCpmpqW2DiuDFS7ZjE=
47,-27,n3y0ADsMtkDxfBYP6pNHEzpfxEw=,yiP4B7flFHCpmpqW2DiuDFS7ZjE=
35,-26,n3y0ADsMtkDxfBYP6pNHEzpfxEw=,yiP4B7flFHCpmpqW2DiuDFS7ZjE=
38,-26,n3y0ADsMtkDxfBYP6pNHEzpfxEw=,yiP4B7flFHCpmpqW2DiuDFS7ZjE=
44,-26,n3y0ADsMtkDxfBYP6pNHEzpfxEw=,yiP4B7flFHCpmpqW2DiuDFS7ZjE=
47,-26,n3y0ADsMtkDxfBYP6pNHEzpfxEw=,yiP4B7flFHCpmpqW2DiuDFS7ZjE=
33,-25,n3y0ADsMtkDxfBYP6pNHEzpfxEw=,yiP4B7flFHCpmpqW2DiuDFS7ZjE=
43,-26,n3y0ADsMtkDxfBYP6pNHEzpfxEw=,yiP4B7flFHCpmpqW2DiuDFS7ZjE=
41,-31,n3y0ADsMtkDxfBYP6pNHEzpfxEw=,yiP4B7flFHCpmpqW2DiuDFS7ZjE=
36,-26,n3y0ADsMtkDxfBYP6pNHEzpfxEw=,yiP4B7flFHCpmpqW2DiuDFS7ZjE=
34,-25,n3y0ADsMtkDxfBYP6pNHEzpfxEw=,yiP4B7flFHCpmpqW2DiuDFS7ZjE=
42,-30,n3y0ADsMtkDxfBYP6pNHEzpfxEw=,yiP4B7flFHCpmpqW2DiuDFS7ZjE=
41,-26,n3y0ADsMtkDxfBYP6pNHEzpfxEw=,yiP4B7flFHCpmpqW2DiuDFS7ZjE=
41,-32,n3y0ADsMtkDxfBYP6pNHEzpfxEw=,yiP4B7flFHCpmpqW2DiuDFS7ZjE=
45,-26,n3y0ADsMtkDxfBYP6pNHEzpfxEw=,yiP4B7flFHCpmpqW2DiuDFS7ZjE=
39,-25,n3y0ADsMtkDxfBYP6pNHEzpfxEw=,yiP4B7flFHCpmpqW2DiuDFS7ZjE=
37,-25,n3y0ADsMtkDxfBYP6pNHEzpfxEw=,yiP4B7flFHCpmpqW2DiuDFS7ZjE=
32,-25,n3y0ADsMtkDxfBYP6pNHEzpfxEw=,yiP4B7flFHCpmpqW2DiuDFS7ZjE=
35,-25,n3y0ADsMtkDxfBYP6pNHEzpfxEw=,yiP4B7flFHCpmpqW2DiuDFS7ZjE=
38,-25,n3y0ADsMtkDxfBYP6pNHEzpfxEw=,yiP4B7flFHCpmpqW2DiuDFS7ZjE=
46,-25,n3y0ADsMtkDxfBYP6pNHEzpfxEw=,yiP4B7flFHCpmpqW2DiuDFS7ZjE=
36,-25,n3y0ADsMtkDxfBYP6pNHEzpfxEw=,yiP4B7flFHCpmpqW2DiuDFS7ZjE=
43,-25,n3y0ADsMtkDxfBYP6pNHEzpfxEw=,yiP4B7flFHCpmpqW2DiuDFS7ZjE=
40,-25,n3y0ADsMtkDxfBYP6pNHEzpfxEw=,yiP4B7flFHCpmpqW2DiuDFS7ZjE=
34,-24,n3y0ADsMtkDxfBYP6pNHEzpfxEw=,yiP4B7flFHCpmpqW2DiuDFS7ZjE=
42,-32,n3y0ADsMtkDxfBYP6pNHEzpfxEw=,yiP4B7flFHCpmpqW2DiuDFS7ZjE=
41,-25,n3y0ADsMtkDxfBYP6pNHEzpfxEw=,yiP4B7flFHCpmpqW2DiuDFS7ZjE=
44,-25,n3y0ADsMtkDxfBYP6pNHEzpfxEw=,yiP4B7flFHCpmpqW2DiuDFS7ZjE=
42,-26,n3y0ADsMtkDxfBYP6pNHEzpfxEw=,yiP4B7flFHCpmpqW2DiuDFS7ZjE=
40,-24,n3y0ADsMtkDxfBYP6pNHEzpfxEw=,yiP4B7flFHCpmpqW2DiuDFS7ZjE=
37,-24,n3y0ADsMtkDxfBYP6pNHEzpfxEw=,yiP4B7flFHCpmpqW2DiuDFS7ZjE=
38,-24,n3y0ADsMtkDxfBYP6pNHEzpfxEw=,yiP4B7flFHCpmpqW2DiuDFS7ZjE=
39,-24,n3y0ADsMtkDxfBYP6pNHEzpfxEw=,yiP4B7flFHCpmpqW2DiuDFS7ZjE=
47,-25,n3y0ADsMtkDxfBYP6pNHEzpfxEw=,yiP4B7flFHCpmpqW2DiuDFS7ZjE=
42,-31,n3y0ADsMtkDxfBYP6pNHEzpfxEw=,yiP4B7flFHCpmpqW2DiuDFS7ZjE=
35,-24,n3y0ADsMtkDxfBYP6pNHEzpfxEw=,yiP4B7flFHCpmpqW2DiuDFS7ZjE=
43,-24,n3y0ADsMtkDxfBYP6pNHEzpfxEw=,yiP4B7flFHCpmpqW2DiuDFS7ZjE=
33,-24,n3y0ADsMtkDxfBYP6pNHEzpfxEw=,yiP4B7flFHCpmpqW2DiuDFS7ZjE=
47,-24,n3y0ADsMtkDxfBYP6pNHEzpfxEw=,yiP4B7flFHCpmpqW2DiuDFS7ZjE=
32,-24,n3y0ADsMtkDxfBYP6pNHEzpfxEw=,yiP4B7flFHCpmpqW2DiuDFS7ZjE=
36,-24,n3y0ADsMtkDxfBYP6pNHEzpfxEw=,yiP4B7flFHCpmpqW2DiuDFS7ZjE=
43,-32,n3y0ADsMtkDxfBYP6pNHEzpfxEw=,yiP4B7flFHCpmpqW2DiuDFS7ZjE=
41,-24,n3y0ADsMtkDxfBYP6pNHEzpfxEw=,yiP4B7flFHCpmpqW2DiuDFS7ZjE=
32,-23,n3y0ADsMtkDxfBYP6pNHEzpfxEw=,yiP4B7flFHCpmpqW2DiuDFS7ZjE=
42,-25,n3y0ADsMtkDxfBYP6pNHEzpfxEw=,yiP4B7flFHCpmpqW2DiuDFS7ZjE=
45,-25,n3y0ADsMtkDxfBYP6pNHEzpfxEw=,yiP4B7flFHCpmpqW2DiuDFS7ZjE=
35,-23,n3y0ADsMtkDxfBYP6pNHEzpfxEw=,yiP4B7flFHCpmpqW2DiuDFS7ZjE=
33,-23,n3y0ADsMtkDxfBYP6pNHEzpfxEw=,yiP4B7flFHCpmpqW2DiuDFS7ZjE=
43,-30,n3y0ADsMtkDxfBYP6pNHEzpfxEw=,yiP4B7flFHCpmpqW2DiuDFS7ZjE=
40,-23,n3y0ADsMtkDxfBYP6pNHEzpfxEw=,yiP4B7flFHCpmpqW2DiuDFS7ZjE=
34,-23,n3y0ADsMtkDxfBYP6pNHEzpfxEw=,yiP4B7flFHCpmpqW2DiuDFS7ZjE=
44,-24,n3y0ADsMtkDxfBYP6pNHEzpfxEw=,yiP4B7flFHCpmpqW2DiuDFS7ZjE=
46,-23,n3y0ADsMtkDxfBYP6pNHEzpfxEw=,yiP4B7flFHCpmpqW2DiuDFS7ZjE=
39,-23,n3y0ADsMtkDxfBYP6pNHEzpfxEw=,yiP4B7flFHCpmpqW2DiuDFS7ZjE=
45,-24,n3y0ADsMtkDxfBYP6pNHEzpfxEw=,yiP4B7flFHCpmpqW2DiuDFS7ZjE=
46,-24,n3y0ADsMtkDxfBYP6pNHEzpfxEw=,yiP4B7flFHCpmpqW2DiuDFS7ZjE=
43,-23,n3y0ADsMtkDxfBYP6pNHEzpfxEw=,yiP4B7flFHCpmpqW2DiuDFS7ZjE=
47,-23,n3y0ADsMtkDxfBYP6pNHEzpfxEw=,yiP4B7flFHCpmpqW2DiuDFS7ZjE=
37,-23,n3y0ADsMtkDxfBYP6pNHEzpfxEw=,yiP4B7flFHCpmpqW2DiuDFS7ZjE=
43,-31,n3y0ADsMtkDxfBYP6pNHEzpfxEw=,yiP4B7flFHCpmpqW2DiuDFS7ZjE=
44,-30,n3y0ADsMtkDxfBYP6pNHEzpfxEw=,yiP4B7flFHCpmpqW2DiuDFS7ZjE=
36,-23,n3y0ADsMtkDxfBYP6pNHEzpfxEw=,yiP4B7flFHCpmpqW2DiuDFS7ZjE=
32,-22,n3y0ADsMtkDxfBYP6pNHEzpfxEw=,yiP4B7flFHCpmpqW2DiuDFS7ZjE=
42,-24,n3y0ADsMtkDxfBYP6pNHEzpfxEw=,yiP4B7flFHCpmpqW2DiuDFS7ZjE=
38,-23,n3y0ADsMtkDxfBYP6pNHEzpfxEw=,yiP4B7flFHCpmpqW2DiuDFS7ZjE=
44,-31,n3y0ADsMtkDxfBYP6pNHEzpfxEw=,yiP4B7flFHCpmpqW2DiuDFS7ZjE=
33,-22,n3y0ADsMtkDxfBYP6pNHEzpfxEw=,yiP4B7flFHCpmpqW2DiuDFS7ZjE=
45,-23,n3y0ADsMtkDxfBYP6pNHEzpfxEw=,yiP4B7flFHCpmpqW2DiuDFS7ZjE=
34,-22,n3y0ADsMtkDxfBYP6pNHEzpfxEw=,yiP4B7flFHCpmpqW2DiuDFS7ZjE=
42,-23,n3y0ADsMtkDxfBYP6pNHEzpfxEw=,yiP4B7flFHCpmpqW2DiuDFS7ZjE=
44,-23,n3y0ADsMtkDxfBYP6pNHEzpfxEw=,yiP4B7flFHCpmpqW2DiuDFS7ZjE=
39,-22,n3y0ADsMtkDxfBYP6pNHEzpfxEw=,yiP4B7flFHCpmpqW2DiuDFS7ZjE=
35,-22,n3y0ADsMtkDxfBYP6pNHEzpfxEw=,yiP4B7flFHCpmpqW2DiuDFS7ZjE=
40,-22,n3y0ADsMtkDxfBYP6pNHEzpfxEw=,yiP4B7flFHCpmpqW2DiuDFS7ZjE=
42,-22,n3y0ADsMtkDxfBYP6pNHEzpfxEw=,yiP4B7flFHCpmpqW2DiuDFS7ZjE=
46,-22,n3y0ADsMtkDxfBYP6pNHEzpfxEw=,yiP4B7flFHCpmpqW2DiuDFS7ZjE=
44,-22,n3y0ADsMtkDxfBYP6pNHEzpfxEw=,yiP4B7flFHCpmpqW2DiuDFS7ZjE=
45,-22,n3y0ADsMtkDxfBYP6pNHEzpfxEw=,yiP4B7flFHCpmpqW2DiuDFS7ZjE=
36,-22,n3y0ADsMtkDxfBYP6pNHEzpfxEw=,yiP4B7flFHCpmpqW2DiuDFS7ZjE=
43,-22,n3y0ADsMtkDxfBYP6pNHEzpfxEw=,yiP4B7flFHCpmpqW2DiuDFS7ZjE=
45,-30,n3y0ADsMtkDxfBYP6pNHEzpfxEw=,yiP4B7flFHCpmpqW2DiuDFS7ZjE=
47,-22,n3y0ADsMtkDxfBYP6pNHEzpfxEw=,yiP4B7flFHCpmpqW2DiuDFS7ZjE=
37,-22,n3y0ADsMtkDxfBYP6pNHEzpfxEw=,yiP4B7flFHCpmpqW2DiuDFS7ZjE=
44,-32,n3y0ADsMtkDxfBYP6pNHEzpfxEw=,yiP4B7flFHCpmpqW2DiuDFS7ZjE=
38,-22,n3y0ADsMtkDxfBYP6pNHEzpfxEw=,yiP4B7flFHCpmpqW2DiuDFS7ZjE=
41,-23,n3y0ADsMtkDxfBYP6pNHEzpfxEw=,yiP4B7flFHCpmpqW2DiuDFS7ZjE=
32,-21,n3y0ADsMtkDxfBYP6pNHEzpfxEw=,yiP4B7flFHCpmpqW2DiuDFS7ZjE=
40,-21,n3y0ADsMtkDxfBYP6pNHEzpfxEw=,yiP4B7flFHCpmpqW2DiuDFS7ZjE=
37,-21,n3y0ADsMtkDxfBYP6pNHEzpfxEw=,yiP4B7flFHCpmpqW2DiuDFS7ZjE=
33,-21,n3y0ADsMtkDxfBYP6pNHEzpfxEw=,yiP4B7flFHCpmpqW2DiuDFS7ZjE=
36,-21,n3y0ADsMtkDxfBYP6pNHEzpfxEw=,yiP4B7flFHCpmpqW2DiuDFS7ZjE=
47,-21,n3y0ADsMtkDxfBYP6pNHEzpfxEw=,yiP4B7flFHCpmpqW2DiuDFS7ZjE=
42,-21,n3y0ADsMtkDxfBYP6pNHEzpfxEw=,yiP4B7flFHCpmpqW2DiuDFS7ZjE=
34,-21,n3y0ADsMtkDxfBYP6pNHEzpfxEw=,yiP4B7flFHCpmpqW2DiuDFS7ZjE=
46,-21,n3y0ADsMtkDxfBYP6pNHEzpfxEw=,yiP4B7flFHCpmpqW2DiuDFS7ZjE=
39,-21,n3y0ADsMtkDxfBYP6pNHEzpfxEw=,yiP4B7flFHCpmpqW2DiuDFS7ZjE=
44,-21,n3y0ADsMtkDxfBYP6pNHEzpfxEw=,yiP4B7flFHCpmpqW2DiuDFS7ZjE=
45,-21,n3y0ADsMtkDxfBYP6pNHEzpfxEw=,yiP4B7flFHCpmpqW2DiuDFS7ZjE=
38,-21,n3y0ADsMtkDxfBYP6pNHEzpfxEw=,yiP4B7flFHCpmpqW2DiuDFS7ZjE=
35,-21,n3y0ADsMtkDxfBYP6pNHEzpfxEw=,yiP4B7flFHCpmpqW2DiuDFS7ZjE=
45,-31,n3y0ADsMtkDxfBYP6pNHEzpfxEw=,yiP4B7flFHCpmpqW2DiuDFS7ZjE=
46,-30,n3y0ADsMtkDxfBYP6pNHEzpfxEw=,yiP4B7flFHCpmpqW2DiuDFS7ZjE=
45,-32,n3y0ADsMtkDxfBYP6pNHEzpfxEw=,yiP4B7flFHCpmpqW2DiuDFS7ZjE=
32,-32,n3y0ADsMtkDxfBYP6pNHEzpfxEw=,yiP4B7flFHCpmpqW2DiuDFS7ZjE=
47,-31,n3y0ADsMtkDxfBYP6pNHEzpfxEw=,yiP4B7flFHCpmpqW2DiuDFS7ZjE=
32,-30,n3y0ADsMtkDxfBYP6pNHEzpfxEw=,yiP4B7flFHCpmpqW2DiuDFS7ZjE=
41,-22,n3y0ADsMtkDxfBYP6pNHEzpfxEw=,yiP4B7flFHCpmpqW2DiuDFS7ZjE=
43,-21,n3y0ADsMtkDxfBYP6pNHEzpfxEw=,yiP4B7flFHCpmpqW2DiuDFS7ZjE=
32,-29,n3y0ADsMtkDxfBYP6pNHEzpfxEw=,yiP4B7flFHCpmpqW2DiuDFS7ZjE=
32,-20,n3y0ADsMtkDxfBYP6pNHEzpfxEw=,yiP4B7flFHCpmpqW2DiuDFS7ZjE=
33,-31,n3y0ADsMtkDxfBYP6pNHEzpfxEw=,yiP4B7flFHCpmpqW2DiuDFS7ZjE=
32,-31,n3y0ADsMtkDxfBYP6pNHEzpfxEw=,yiP4B7flFHCpmpqW2DiuDFS7ZjE=
41,-21,n3y0ADsMtkDxfBYP6pNHEzpfxEw=,yiP4B7flFHCpmpqW2DiuDFS7ZjE=
33,-20,n3y0ADsMtkDxfBYP6pNHEzpfxEw=,yiP4B7flFHCpmpqW2DiuDFS7ZjE=
34,-32,n3y0ADsMtkDxfBYP6pNHEzpfxEw=,yiP4B7flFHCpmpqW2DiuDFS7ZjE=
47,-30,n3y0ADsMtkDxfBYP6pNHEzpfxEw=,yiP4B7flFHCpmpqW2DiuDFS7ZjE=
46,-31,n3y0ADsMtkDxfBYP6pNHEzpfxEw=,yiP4B7flFHCpmpqW2DiuDFS7ZjE=
47,-32,n3y0ADsMtkDxfBYP6pNHEzpfxEw=,yiP4B7flFHCpmpqW2DiuDFS7ZjE=
46,-32,n3y0ADsMtkDxfBYP6pNHEzpfxEw=,yiP4B7flFHCpmpqW2DiuDFS7ZjE=
47,-1,k3ixCWelZ3A/qiR7Y5zjDrhkr9c=,k+WAFke2USIBQ0Qw4/0etFtT9uo=
45,-1,k3ixCWelZ3A/qiR7Y5zjDrhkr9c=,k+WAFke2USIBQ0Qw4/0etFtT9uo=
46,-1,k3ixCWelZ3A/qiR7Y5zjDrhkr9c=,k+WAFke2USIBQ0Qw4/0etFtT9uo=
43,-1,gkS+wT9ErZeYNl3cHF+lcmH0EDE=,k+WAFke2USIBQ0Qw4/0etFtT9uo=
42,-1,gkS+wT9ErZeYNl3cHF+lcmH0EDE=,k+WAFke2USIBQ0Qw4/0etFtT9uo=
37,-1,gkS+wT9ErZeYNl3cHF+lcmH0EDE=,k+WAFke2USIBQ0Qw4/0etFtT9uo=
44,-1,gkS+wT9ErZeYNl3cHF+lcmH0EDE=,k+WAFke2USIBQ0Qw4/0etFtT9uo=
40,-1,gkS+wT9ErZeYNl3cHF+lcmH0EDE=,k+WAFke2USIBQ0Qw4/0etFtT9uo=
32,-16,gkS+wT9ErZeYNl3cHF+lcmH0EDE=,k+WAFke2USIBQ0Qw4/0etFtT9uo=
39,-13,gkS+wT9ErZeYNl3cHF+lcmH0EDE=,k+WAFke2USIBQ0Qw4/0etFtT9uo=
39,-14,WhnWrQlfegGbDGHUIVwP7VmHsr4=,k+WAFke2USIBQ0Qw4/0etFtT9uo=
41,-1,WhnWrQlfegGbDGHUIVwP7VmHsr4=,k+WAFke2USIBQ0Qw4/0etFtT9uo=
47,-2,WhnWrQlfegGbDGHUIVwP7VmHsr4=,k+WAFke2USIBQ0Qw4/0etFtT9uo=
40,-12,WhnWrQlfegGbDGHUIVwP7VmHsr4=,k+WAFke2USIBQ0Qw4/0etFtT9uo=
33,-13,WhnWrQlfegGbDGHUIVwP7VmHsr4=,k+WAFke2USIBQ0Qw4/0etFtT9uo=
46,-2,WhnWrQlfegGbDGHUIVwP7VmHsr4=,k+WAFke2USIBQ0Qw4/0etFtT9uo=
40,-13,0CGmWC8qqi67SgARVBA22HuIlrc=,k+WAFke2USIBQ0Qw4/0etFtT9uo=
45,-2,0CGmWC8qqi67SgARVBA22HuIlrc=,k+WAFke2USIBQ0Qw4/0etFtT9uo=
39,-1,0CGmWC8qqi67SgARVBA22HuIlrc=,k+WAFke2USIBQ0Qw4/0etFtT9uo=
32,-1,0CGmWC8qqi67SgARVBA22HuIlrc=,k+WAFke2USIBQ0Qw4/0etFtT9uo=
34,-1,0CGmWC8qqi67SgARVBA22HuIlrc=,k+WAFke2USIBQ0Qw4/0etFtT9uo=
33,-1,0CGmWC8qqi67SgARVBA22HuIlrc=,k+WAFke2USIBQ0Qw4/0etFtT9uo=
43,-2,0CGmWC8qqi67SgARVBA22HuIlrc=,k+WAFke2USIBQ0Qw4/0etFtT9uo=
42,-2,0CGmWC8qqi67SgARVBA22HuIlrc=,k+WAFke2USIBQ0Qw4/0etFtT9uo=
35,-14,0CGmWC8qqi67SgARVBA22HuIlrc=,k+WAFke2USIBQ0Qw4/0etFtT9uo=
36,-16,0CGmWC8qqi67SgARVBA22HuIlrc=,k+WAFke2USIBQ0Qw4/0etFtT9uo=
38,-1,0CGmWC8qqi67SgARVBA22HuIlrc=,k+WAFke2USIBQ0Qw4/0etFtT9uo=
36,-14,0CGmWC8qqi67SgARVBA22HuIlrc=,k+WAFke2USIBQ0Qw4/0etFtT9uo=
33,-12,0CGmWC8qqi67SgARVBA22HuIlrc=,k+WAFke2USIBQ0Qw4/0etFtT9uo=
32,-12,0CGmWC8qqi67SgARVBA22HuIlrc=,k+WAFke2USIBQ0Qw4/0etFtT9uo=
44,-2,0CGmWC8qqi67SgARVBA22HuIlrc=,k+WAFke2USIBQ0Qw4/0etFtT9uo=
38,-15,0CGmWC8qqi67SgARVBA22HuIlrc=,k+WAFke2USIBQ0Qw4/0etFtT9uo=
35,-1,0CGmWC8qqi67SgARVBA22HuIlrc=,k+WAFke2USIBQ0Qw4/0etFtT9uo=
40,-2,0CGmWC8qqi67SgARVBA22HuIlrc=,k+WAFke2USIBQ0Qw4/0etFtT9uo=
41,-2,0CGmWC8qqi67SgARVBA22HuIlrc=,k+WAFke2USIBQ0Qw4/0etFtT9uo=
36,-2,0CGmWC8qqi67SgARVBA22HuIlrc=,k+WAFke2USIBQ0Qw4/0etFtT9uo=
39,-2,0CGmWC8qqi67SgARVBA22HuIlrc=,k+WAFke2USIBQ0Qw4/0etFtT9uo=
34,-12,0CGmWC8qqi67SgARVBA22HuIlrc=,k+WAFke2USIBQ0Qw4/0etFtT9uo=
40,-14,0CGmWC8qqi67SgARVBA22HuIlrc=,k+WAFke2USIBQ0Qw4/0etFtT9uo=
40,-11,0CGmWC8qqi67SgARVBA22HuIlrc=,k+WAFke2USIBQ0Qw4/0etFtT9uo=
35,-2,0CGmWC8qqi67SgARVBA22HuIlrc=,k+WAFke2USIBQ0Qw4/0etFtT9uo=
34,-2,0CGmWC8qqi67SgARVBA22HuIlrc=,k+WAFke2USIBQ0Qw4/0etFtT9uo=
33,-16,0CGmWC8qqi67SgARVBA22HuIlrc=,k+WAFke2USIBQ0Qw4/0etFtT9uo=
33,-2,0CGmWC8qqi67SgARVBA22HuIlrc=,k+WAFke2USIBQ0Qw4/0etFtT9uo=
46,-3,0CGmWC8qqi67SgARVBA22HuIlrc=,k+WAFke2USIBQ0Qw4/0etFtT9uo=
34,-14,0CGmWC8qqi67SgARVBA22HuIlrc=,k+WAFke2USIBQ0Qw4/0etFtT9uo=
35,-12,0CGmWC8qqi67SgARVBA22HuIlrc=,k+WAFke2USIBQ0Qw4/0etFtT9uo=
38,-16,0CGmWC8qqi67SgARVBA22HuIlrc=,k+WAFke2USIBQ0Qw4/0etFtT9uo=
43,-3,0CGmWC8qqi67SgARVBA22HuIlrc=,k+WAFke2USIBQ0Qw4/0etFtT9uo=
42,-3,0CGmWC8qqi67SgARVBA22HuIlrc=,k+WAFke2USIBQ0Qw4/0etFtT9uo=
47,-3,0CGmWC8qqi67SgARVBA22HuIlrc=,k+WAFke2USIBQ0Qw4/0etFtT9uo=
35,-15,0CGmWC8qqi67SgARVBA22HuIlrc=,k+WAFke2USIBQ0Qw4/0etFtT9uo=
44,-3,0CGmWC8qqi67SgARVBA22HuIlrc=,k+WAFke2USIBQ0Qw4/0etFtT9uo=
38,-2,0CGmWC8qqi67SgARVBA22HuIlrc=,k+WAFke2USIBQ0Qw4/0etFtT9uo=
41,-3,0CGmWC8qqi67SgARVBA22HuIlrc=,k+WAFke2USIBQ0Qw4/0etFtT9uo=
45,-3,0CGmWC8qqi67SgARVBA22HuIlrc=,k+WAFke2USIBQ0Qw4/0etFtT9uo=
36,-12,0CGmWC8qqi67SgARVBA22HuIlrc=,k+WAFke2USIBQ0Qw4/0etFtT9uo=
40,-3,0CGmWC8qqi67SgARVBA22HuIlrc=,k+WAFke2USIBQ0Qw4/0etFtT9uo=
37,-2,0CGmWC8qqi67SgARVBA22HuIlrc=,k+WAFke2USIBQ0Qw4/0etFtT9uo=
34,-13,0CGmWC8qqi67SgARVBA22HuIlrc=,k+WAFke2USIBQ0Qw4/0etFtT9uo=
47,-13,0CGmWC8qqi67SgARVBA22HuIlrc=,k+WAFke2USIBQ0Qw4/0etFtT9uo=
39,-3,0CGmWC8qqi67SgARVBA22HuIlrc=,k+WAFke2USIBQ0Qw4/0etFtT9uo=
40,-16,0CGmWC8qqi67SgARVBA22HuIlrc=,k+WAFke2USIBQ0Qw4/0etFtT9uo=
40,-15,0CGmWC8qqi67SgARVBA22HuIlrc=,k+WAFke2USIBQ0Qw4/0etFtT9uo=
36,-1,0CGmWC8qqi67SgARVBA22HuIlrc=,k+WAFke2USIBQ0Qw4/0etFtT9uo=
46,-12,0CGmWC8qqi67SgARVBA22HuIlrc=,k+WAFke2USIBQ0Qw4/0etFtT9uo=
38,-3,0CGmWC8qqi67SgARVBA22HuIlrc=,k+WAFke2USIBQ0Qw4/0etFtT9uo=
47,-11,0CGmWC8qqi67SgARVBA22HuIlrc=,k+WAFke2USIBQ0Qw4/0etFtT9uo=
37,-3,0CGmWC8qqi67SgARVBA22HuIlrc=,k+WAFke2USIBQ0Qw4/0etFtT9uo=
40,-10,0CGmWC8qqi67SgARVBA22HuIlrc=,k+WAFke2USIBQ0Qw4/0etFtT9uo=
35,-3,0CGmWC8qqi67SgARVBA22HuIlrc=,k+WAFke2USIBQ0Qw4/0etFtT9uo=
36,-3,0CGmWC8qqi67SgARVBA22HuIlrc=,k+WAFke2USIBQ0Qw4/0etFtT9uo=
36,-15,0CGmWC8qqi67SgARVBA22HuIlrc=,k+WAFke2USIBQ0Qw4/0etFtT9uo=
32,-2,0CGmWC8qqi67SgARVBA22HuIlrc=,k+WAFke2USIBQ0Qw4/0etFtT9uo=
34,-15,0CGmWC8qqi67SgARVBA22HuIlrc=,k+WAFke2USIBQ0Qw4/0etFtT9uo=
44,-12,0CGmWC8qqi67SgARVBA22HuIlrc=,k+WAFke2USIBQ0Qw4/0etFtT9uo=
44,-13,0CGmWC8qqi67SgARVBA22HuIlrc=,k+WAFke2USIBQ0Qw4/0etFtT9uo=
39,-15,0CGmWC8qqi67SgARVBA22HuIlrc=,k+WAFke2USIBQ0Qw4/0etFtT9uo=
43,-13,0CGmWC8qqi67SgARVBA22HuIlrc=,k+WAFke2USIBQ0Qw4/0etFtT9uo=
41,-10,0CGmWC8qqi67SgARVBA22HuIlrc=,k+WAFke2USIBQ0Qw4/0etFtT9uo=
39,-12,0CGmWC8qqi67SgARVBA22HuIlrc=,k+WAFke2USIBQ0Qw4/0etFtT9uo=
38,-12,0CGmWC8qqi67SgARVBA22HuIlrc=,k+WAFke2USIBQ0Qw4/0etFtT9uo=
41,-13,0CGmWC8qqi67SgARVBA22HuIlrc=,k+WAFke2USIBQ0Qw4/0etFtT9uo=
34,-3,0CGmWC8qqi67SgARVBA22HuIlrc=,k+WAFke2USIBQ0Qw4/0etFtT9uo=
37,-12,0CGmWC8qqi67SgARVBA22HuIlrc=,k+WAFke2USIBQ0Qw4/0etFtT9uo=
47,-12,0CGmWC8qqi67SgARVBA22HuIlrc=,k+WAFke2USIBQ0Qw4/0etFtT9uo=
42,-16,0CGmWC8qqi67SgARVBA22HuIlrc=,k+WAFke2USIBQ0Qw4/0etFtT9uo=
43,-14,0CGmWC8qqi67SgARVBA22HuIlrc=,k+WAFke2USIBQ0Qw4/0etFtT9uo=
41,-12,0CGmWC8qqi67SgARVBA22HuIlrc=,k+WAFke2USIBQ0Qw4/0etFtT9uo=
45,-13,0CGmWC8qqi67SgARVBA22HuIlrc=,k+WAFke2USIBQ0Qw4/0etFtT9uo=
42,-12,0CGmWC8qqi67SgARVBA22HuIlrc=,k+WAFke2USIBQ0Qw4/0etFtT9uo=
43,-12,0CGmWC8qqi67SgARVBA22HuIlrc=,k+WAFke2USIBQ0Qw4/0etFtT9uo=
47,-4,0CGmWC8qqi67SgARVBA22HuIlrc=,k+WAFke2USIBQ0Qw4/0etFtT9uo=
42,-13,0CGmWC8qqi67SgARVBA22HuIlrc=,k+WAFke2USIBQ0Qw4/0etFtT9uo=
45,-12,0CGmWC8qqi67SgARVBA22HuIlrc=,k+WAFke2USIBQ0Qw4/0etFtT9uo=
35,-13,0CGmWC8qqi67SgARVBA22HuIlrc=,k+WAFke2USIBQ0Qw4/0etFtT9uo=
42,-11,0CGmWC8qqi67SgARVBA22HuIlrc=,k+WAFke2USIBQ0Qw4/0etFtT9uo=
36,-13,0CGmWC8qqi67SgARVBA22HuIlrc=,k+WAFke2USIBQ0Qw4/0etFtT9uo=
37,-15,0CGmWC8qqi67SgARVBA22HuIlrc=,k+WAFke2USIBQ0Qw4/0etFtT9uo=
41,-14,0CGmWC8qqi67SgARVBA22HuIlrc=,k+WAFke2USIBQ0Qw4/0etFtT9uo=
46,-13,0CGmWC8qqi67SgARVBA22HuIlrc=,k+WAFke2USIBQ0Qw4/0etFtT9uo=
42,-10,0CGmWC8qqi67SgARVBA22HuIlrc=,k+WAFke2USIBQ0Qw4/0etFtT9uo=
35,-16,0CGmWC8qqi67SgARVBA22HuIlrc=,k+WAFke2USIBQ0Qw4/0etFtT9uo=
37,-13,0CGmWC8qqi67SgARVBA22HuIlrc=,k+WAFke2USIBQ0Qw4/0etFtT9uo=
37,-14,0CGmWC8qqi67SgARVBA22HuIlrc=,k+WAFke2USIBQ0Qw4/0etFtT9uo=
39,-9,0CGmWC8qqi67SgARVBA22HuIlrc=,k+WAFke2USIBQ0Qw4/0etFtT9uo=
46,-11,0CGmWC8qqi67SgARVBA22HuIlrc=,k+WAFke2USIBQ0Qw4/0etFtT9uo=
38,-14,0CGmWC8qqi67SgARVBA22HuIlrc=,k+WAFke2USIBQ0Qw4/0etFtT9uo=
45,-11,0CGmWC8qqi67SgARVBA22HuIlrc=,k+WAFke2USIBQ0Qw4/0etFtT9uo=
38,-9,0CGmWC8qqi67SgARVBA22HuIlrc=,k+WAFke2USIBQ0Qw4/0etFtT9uo=
41,-11,0CGmWC8qqi67SgARVBA22HuIlrc=,k+WAFke2USIBQ0Qw4/0etFtT9uo=
32,-3,0CGmWC8qqi67SgARVBA22HuIlrc=,k+WAFke2USIBQ0Qw4/0etFtT9uo=
32,-9,0CGmWC8qqi67SgARVBA22HuIlrc=,k+WAFke2USIBQ0Qw4/0etFtT9uo=
38,-13,0CGmWC8qqi67SgARVBA22HuIlrc=,k+WAFke2USIBQ0Qw4/0etFtT9uo=
33,-3,0CGmWC8qqi67SgARVBA22HuIlrc=,k+WAFke2USIBQ0Qw4/0etFtT9uo=
39,-10,0CGmWC8qqi67SgARVBA22HuIlrc=,k+WAFke2USIBQ0Qw4/0etFtT9uo=
33,-9,0CGmWC8qqi67SgARVBA22HuIlrc=,k+WAFke2USIBQ0Qw4/0etFtT9uo=
37,-16,0CGmWC8qqi67SgARVBA22HuIlrc=,k+WAFke2USIBQ0Qw4/0etFtT9uo=
37,-9,0CGmWC8qqi67SgARVBA22HuIlrc=,k+WAFke2USIBQ0Qw4/0etFtT9uo=
34,-9,0CGmWC8qqi67SgARVBA22HuIlrc=,k+WAFke2USIBQ0Qw4/0etFtT9uo=
43,-11,0CGmWC8qqi67SgARVBA22HuIlrc=,k+WAFke2USIBQ0Qw4/0etFtT9uo=
36,-10,0CGmWC8qqi67SgARVBA22HuIlrc=,k+WAFke2USIBQ0Qw4/0etFtT9uo=
35,-9,0CGmWC8qqi67SgARVBA22HuIlrc=,k+WAFke2USIBQ0Qw4/0etFtT9uo=
44,-11,0CGmWC8qqi67SgARVBA22HuIlrc=,k+WAFke2USIBQ0Qw4/0etFtT9uo=
37,-11,0CGmWC8qqi67SgARVBA22HuIlrc=,k+WAFke2USIBQ0Qw4/0etFtT9uo=
34,-10,0CGmWC8qqi67SgARVBA22HuIlrc=,k+WAFke2USIBQ0Qw4/0etFtT9uo=
33,-10,0CGmWC8qqi67SgARVBA22HuIlrc=,k+WAFke2USIBQ0Qw4/0etFtT9uo=
35,-10,0CGmWC8qqi67SgARVBA22HuIlrc=,k+WAFke2USIBQ0Qw4/0etFtT9uo=
33,-11,0CGmWC8qqi67SgARVBA22HuIlrc=,k+WAFke2USIBQ0Qw4/0etFtT9uo=
32,-10,0CGmWC8qqi67SgARVBA22HuIlrc=,k+WAFke2USIBQ0Qw4/0etFtT9uo=
36,-9,0CGmWC8qqi67SgARVBA22HuIlrc=,k+WAFke2USIBQ0Qw4/0etFtT9uo=
38,-10,0CGmWC8qqi67SgARVBA22HuIlrc=,k+WAFke2USIBQ0Qw4/0etFtT9uo=
37,-10,0CGmWC8qqi67SgARVBA22HuIlrc=,k+WAFke2USIBQ0Qw4/0etFtT9uo=
34,-11,0CGmWC8qqi67SgARVBA22HuIlrc=,k+WAFke2USIBQ0Qw4/0etFtT9uo=
35,-11,0CGmWC8qqi67SgARVBA22HuIlrc=,k+WAFke2USIBQ0Qw4/0etFtT9uo=
32,-11,0CGmWC8qqi67SgARVBA22HuIlrc=,k+WAFke2USIBQ0Qw4/0etFtT9uo=
36,-11,0CGmWC8qqi67SgARVBA22HuIlrc=,k+WAFke2USIBQ0Qw4/0etFtT9uo=
32,-8,0CGmWC8qqi67SgARVBA22HuIlrc=,k+WAFke2USIBQ0Qw4/0etFtT9uo=
40,-9,0CGmWC8qqi67SgARVBA22HuIlrc=,k+WAFke2USIBQ0Qw4/0etFtT9uo=
39,-16,0CGmWC8qqi67SgARVBA22HuIlrc=,k+WAFke2USIBQ0Qw4/0etFtT9uo=
39,-11,0CGmWC8qqi67SgARVBA22HuIlrc=,k+WAFke2USIBQ0Qw4/0etFtT9uo=
46,-9,0CGmWC8qqi67SgARVBA22HuIlrc=,k+WAFke2USIBQ0Qw4/0etFtT9uo=
38,-11,0CGmWC8qqi67SgARVBA22HuIlrc=,k+WAFke2USIBQ0Qw4/0etFtT9uo=
47,-10,0CGmWC8qqi67SgARVBA22HuIlrc=,k+WAFke2USIBQ0Qw4/0etFtT9uo=
47,-9,0CGmWC8qqi67SgARVBA22HuIlrc=,k+WAFke2USIBQ0Qw4/0etFtT9uo=
41,-9,0CGmWC8qqi67SgARVBA22HuIlrc=,k+WAFke2USIBQ0Qw4/0etFtT9uo=
41,-16,0CGmWC8qqi67SgARVBA22HuIlrc=,k+WAFke2USIBQ0Qw4/0etFtT9uo=
43,-9,0CGmWC8qqi67SgARVBA22HuIlrc=,k+WAFke2USIBQ0Qw4/0etFtT9uo=
44,-9,0CGmWC8qqi67SgARVBA22HuIlrc=,k+WAFke2USIBQ0Qw4/0etFtT9uo=
33,-8,0CGmWC8qqi67SgARVBA22HuIlrc=,k+WAFke2USIBQ0Qw4/0etFtT9uo=
45,-9,0CGmWC8qqi67SgARVBA22HuIlrc=,k+WAFke2USIBQ0Qw4/0etFtT9uo=
42,-9,0CGmWC8qqi67SgARVBA22HuIlrc=,k+WAFke2USIBQ0Qw4/0etFtT9uo=
40,-8,0CGmWC8qqi67SgARVBA22HuIlrc=,k+WAFke2USIBQ0Qw4/0etFtT9uo=
35,-8,0CGmWC8qqi67SgARVBA22HuIlrc=,k+WAFke2USIBQ0Qw4/0etFtT9uo=
39,-8,0CGmWC8qqi67SgARVBA22HuIlrc=,k+WAFke2USIBQ0Qw4/0etFtT9uo=
34,-8,0CGmWC8qqi67SgARVBA22HuIlrc=,k+WAFke2USIBQ0Qw4/0etFtT9uo=
44,-8,0CGmWC8qqi67SgARVBA22HuIlrc=,k+WAFke2USIBQ0Qw4/0etFtT9uo=
46,-10,0CGmWC8qqi67SgARVBA22HuIlrc=,k+WAFke2USIBQ0Qw4/0etFtT9uo=
37,-8,0CGmWC8qqi67SgARVBA22HuIlrc=,k+WAFke2USIBQ0Qw4/0etFtT9uo=
41,-15,0CGmWC8qqi67SgARVBA22HuIlrc=,k+WAFke2USIBQ0Qw4/0etFtT9uo=
36,-8,0CGmWC8qqi67SgARVBA22HuIlrc=,k+WAFke2USIBQ0Qw4/0etFtT9uo=
43,-8,0CGmWC8qqi67SgARVBA22HuIlrc=,k+WAFke2USIBQ0Qw4/0etFtT9uo=
32,-7,0CGmWC8qqi67SgARVBA22HuIlrc=,k+WAFke2USIBQ0Qw4/0etFtT9uo=
38,-8,0CGmWC8qqi67SgARVBA22HuIlrc=,k+WAFke2USIBQ0Qw4/0etFtT9uo=
43,-10,0CGmWC8qqi67SgARVBA22HuIlrc=,k+WAFke2USIBQ0Qw4/0etFtT9uo=
33,-7,0CGmWC8qqi67SgARVBA22HuIlrc=,k+WAFke2USIBQ0Qw4/0etFtT9uo=
41,-8,0CGmWC8qqi67SgARVBA22HuIlrc=,k+WAFke2USIBQ0Qw4/0etFtT9uo=
34,-7,0CGmWC8qqi67SgARVBA22HuIlrc=,k+WAFke2USIBQ0Qw4/0etFtT9uo=
36,-7,0CGmWC8qqi67SgARVBA22HuIlrc=,k+WAFke2USIBQ0Qw4/0etFtT9uo=
37,-7,0CGmWC8qqi67SgARVBA22HuIlrc=,k+WAFke2USIBQ0Qw4/0etFtT9uo=
35,-7,0CGmWC8qqi67SgARVBA22HuIlrc=,k+WAFke2USIBQ0Qw4/0etFtT9uo=
41,-7,0CGmWC8qqi67SgARVBA22HuIlrc=,k+WAFke2USIBQ0Qw4/0etFtT9uo=
42,-7,0CGmWC8qqi67SgARVBA22HuIlrc=,k+WAFke2USIBQ0Qw4/0etFtT9uo=
43,-7,0CGmWC8qqi67SgARVBA22HuIlrc=,k+WAFke2USIBQ0Qw4/0etFtT9uo=
39,-7,0CGmWC8qqi67SgARVBA22HuIlrc=,k+WAFke2USIBQ0Qw4/0etFtT9uo=
44,-7,0CGmWC8qqi67SgARVBA22HuIlrc=,k+WAFke2USIBQ0Qw4/0etFtT9uo=
40,-7,0CGmWC8qqi67SgARVBA22HuIlrc=,k+WAFke2USIBQ0Qw4/0etFtT9uo=
42,-15,0CGmWC8qqi67SgARVBA22HuIlrc=,k+WAFke2USIBQ0Qw4/0etFtT9uo=
42,-14,0CGmWC8qqi67SgARVBA22HuIlrc=,k+WAFke2USIBQ0Qw4/0etFtT9uo=
38,-7,0CGmWC8qqi67SgARVBA22HuIlrc=,k+WAFke2USIBQ0Qw4/0etFtT9uo=
45,-8,0CGmWC8qqi67SgARVBA22HuIlrc=,k+WAFke2USIBQ0Qw4/0etFtT9uo=
45,-7,0CGmWC8qqi67SgARVBA22HuIlrc=,k+WAFke2USIBQ0Qw4/0etFtT9uo=
34,-6,0CGmWC8qqi67SgARVBA22HuIlrc=,k+WAFke2USIBQ0Qw4/0etFtT9uo=
45,-10,0CGmWC8qqi67SgARVBA22HuIlrc=,k+WAFke2USIBQ0Qw4/0etFtT9uo=
44,-16,0CGmWC8qqi67SgARVBA22HuIlrc=,k+WAFke2USIBQ0Qw4/0etFtT9uo=
46,-8,0CGmWC8qqi67SgARVBA22HuIlrc=,k+WAFke2USIBQ0Qw4/0etFtT9uo=
42,-8,0CGmWC8qqi67SgARVBA22HuIlrc=,k+WAFke2USIBQ0Qw4/0etFtT9uo=
43,-16,0CGmWC8qqi67SgARVBA22HuIlrc=,k+WAFke2USIBQ0Qw4/0etFtT9uo=
38,-6,0CGmWC8qqi67SgARVBA22HuIlrc=,k+WAFke2USIBQ0Qw4/0etFtT9uo=
39,-6,0CGmWC8qqi67SgARVBA22HuIlrc=,k+WAFke2USIBQ0Qw4/0etFtT9uo=
41,-6,0CGmWC8qqi67SgARVBA22HuIlrc=,k+WAFke2USIBQ0Qw4/0etFtT9uo=
42,-6,0CGmWC8qqi67SgARVBA22HuIlrc=,k+WAFke2USIBQ0Qw4/0etFtT9uo=
43,-6,0CGmWC8qqi67SgARVBA22HuIlrc=,k+WAFke2USIBQ0Qw4/0etFtT9uo=
44,-6,0CGmWC8qqi67SgARVBA22HuIlrc=,k+WAFke2USIBQ0Qw4/0etFtT9uo=
45,-6,0CGmWC8qqi67SgARVBA22HuIlrc=,k+WAFke2USIBQ0Qw4/0etFtT9uo=
36,-6,0CGmWC8qqi67SgARVBA22HuIlrc=,k+WAFke2USIBQ0Qw4/0etFtT9uo=
35,-6,0CGmWC8qqi67SgARVBA22HuIlrc=,k+WAFke2USIBQ0Qw4/0etFtT9uo=
37,-6,0CGmWC8qqi67SgARVBA22HuIlrc=,k+WAFke2USIBQ0Qw4/0etFtT9uo=
40,-6,0CGmWC8qqi67SgARVBA22HuIlrc=,k+WAFke2USIBQ0Qw4/0etFtT9uo=
44,-10,0CGmWC8qqi67SgARVBA22HuIlrc=,k+WAFke2USIBQ0Qw4/0etFtT9uo=
33,-6,0CGmWC8qqi67SgARVBA22HuIlrc=,k+WAFke2USIBQ0Qw4/0etFtT9uo=
47,-8,0CGmWC8qqi67SgARVBA22HuIlrc=,k+WAFke2USIBQ0Qw4/0etFtT9uo=
35,-5,0CGmWC8qqi67SgARVBA22HuIlrc=,k+WAFke2USIBQ0Qw4/0etFtT9uo=
32,-6,0CGmWC8qqi67SgARVBA22HuIlrc=,k+WAFke2USIBQ0Qw4/0etFtT9uo=
34,-5,0CGmWC8qqi67SgARVBA22HuIlrc=,k+WAFke2USIBQ0Qw4/0etFtT9uo=
44,-14,0CGmWC8qqi67SgARVBA22HuIlrc=,k+WAFke2USIBQ0Qw4/0etFtT9uo=
36,-5,0CGmWC8qqi67SgARVBA22HuIlrc=,k+WAFke2USIBQ0Qw4/0etFtT9uo=
39,-5,0CGmWC8qqi67SgARVBA22HuIlrc=,k+WAFke2USIBQ0Qw4/0etFtT9uo=
46,-7,0CGmWC8qqi67SgARVBA22HuIlrc=,k+WAFke2USIBQ0Qw4/0etFtT9uo=
41,-5,0CGmWC8qqi67SgARVBA22HuIlrc=,k+WAFke2USIBQ0Qw4/0etFtT9uo=
42,-5,0CGmWC8qqi67SgARVBA22HuIlrc=,k+WAFke2USIBQ0Qw4/0etFtT9uo=
44,-5,0CGmWC8qqi67SgARVBA22HuIlrc=,k+WAFke2USIBQ0Qw4/0etFtT9uo=
43,-5,0CGmWC8qqi67SgARVBA22HuIlrc=,k+WAFke2USIBQ0Qw4/0etFtT9uo=
45,-5,0CGmWC8qqi67SgARVBA22HuIlrc=,k+WAFke2USIBQ0Qw4/0etFtT9uo=
37,-5,0CGmWC8qqi67SgARVBA22HuIlrc=,k+WAFke2USIBQ0Qw4/0etFtT9uo=
40,-5,0CGmWC8qqi67SgARVBA22HuIlrc=,k+WAFke2USIBQ0Qw4/0etFtT9uo=
43,-15,0CGmWC8qqi67SgARVBA22HuIlrc=,k+WAFke2USIBQ0Qw4/0etFtT9uo=
38,-5,0CGmWC8qqi67SgARVBA22HuIlrc=,k+WAFke2USIBQ0Qw4/0etFtT9uo=
46,-6,0CGmWC8qqi67SgARVBA22HuIlrc=,k+WAFke2USIBQ0Qw4/0etFtT9uo=
47,-6,0CGmWC8qqi67SgARVBA22HuIlrc=,k+WAFke2USIBQ0Qw4/0etFtT9uo=
44,-15,0CGmWC8qqi67SgARVBA22HuIlrc=,k+WAFke2USIBQ0Qw4/0etFtT9uo=
45,-16,0CGmWC8qqi67SgARVBA22HuIlrc=,k+WAFke2USIBQ0Qw4/0etFtT9uo=
47,-15,0CGmWC8qqi67SgARVBA22HuIlrc=,k+WAFke2USIBQ0Qw4/0etFtT9uo=
34,-16,0CGmWC8qqi67SgARVBA22HuIlrc=,k+WAFke2USIBQ0Qw4/0etFtT9uo=
46,-15,0CGmWC8qqi67SgARVBA22HuIlrc=,k+WAFke2USIBQ0Qw4/0etFtT9uo=
32,-5,0CGmWC8qqi67SgARVBA22HuIlrc=,k+WAFke2USIBQ0Qw4/0etFtT9uo=
46,-16,0CGmWC8qqi67SgARVBA22HuIlrc=,k+WAFke2USIBQ0Qw4/0etFtT9uo=
32,-14,0CGmWC8qqi67SgARVBA22HuIlrc=,k+WAFke2USIBQ0Qw4/0etFtT9uo=
47,-16,0CGmWC8qqi67SgARVBA22HuIlrc=,k+WAFke2USIBQ0Qw4/0etFtT9uo=
45,-14,0CGmWC8qqi67SgARVBA22HuIlrc=,k+WAFke2USIBQ0Qw4/0etFtT9uo=
47,-7,0CGmWC8qqi67SgARVBA22HuIlrc=,k+WAFke2USIBQ0Qw4/0etFtT9uo=
33,-15,0CGmWC8qqi67SgARVBA22HuIlrc=,k+WAFke2USIBQ0Qw4/0etFtT9uo=
32,-13,0CGmWC8qqi67SgARVBA22HuIlrc=,k+WAFke2USIBQ0Qw4/0etFtT9uo=
40,-4,0CGmWC8qqi67SgARVBA22HuIlrc=,k+WAFke2USIBQ0Qw4/0etFtT9uo=
39,-4,0CGmWC8qqi67SgARVBA22HuIlrc=,k+WAFke2USIBQ0Qw4/0etFtT9uo=
41,-4,0CGmWC8qqi67SgARVBA22HuIlrc=,k+WAFke2USIBQ0Qw4/0etFtT9uo=
42,-4,0CGmWC8qqi67SgARVBA22HuIlrc=,k+WAFke2USIBQ0Qw4/0etFtT9uo=
43,-4,0CGmWC8qqi67SgARVBA22HuIlrc=,k+WAFke2USIBQ0Qw4/0etFtT9uo=
47,-14,0CGmWC8qqi67SgARVBA22HuIlrc=,k+WAFke2USIBQ0Qw4/0etFtT9uo=
32,-15,0CGmWC8qqi67SgARVBA22HuIlrc=,k+WAFke2USIBQ0Qw4/0etFtT9uo=
46,-14,0CGmWC8qqi67SgARVBA22HuIlrc=,k+WAFke2USIBQ0Qw4/0etFtT9uo=
45,-4,0CGmWC8qqi67SgARVBA22HuIlrc=,k+WAFke2USIBQ0Qw4/0etFtT9uo=
35,-4,0CGmWC8qqi67SgARVBA22HuIlrc=,k+WAFke2USIBQ0Qw4/0etFtT9uo=
44,-4,0CGmWC8qqi67SgARVBA22HuIlrc=,k+WAFke2USIBQ0Qw4/0etFtT9uo=
38,-4,0CGmWC8qqi67SgARVBA22HuIlrc=,k+WAFke2USIBQ0Qw4/0etFtT9uo=
45,-15,0CGmWC8qqi67SgARVBA22HuIlrc=,k+WAFke2USIBQ0Qw4/0etFtT9uo=
36,-4,0CGmWC8qqi67SgARVBA22HuIlrc=,k+WAFke2USIBQ0Qw4/0etFtT9uo=
37,-4,0CGmWC8qqi67SgARVBA22HuIlrc=,k+WAFke2USIBQ0Qw4/0etFtT9uo=
47,-5,0CGmWC8qqi67SgARVBA22HuIlrc=,k+WAFke2USIBQ0Qw4/0etFtT9uo=
34,-4,0CGmWC8qqi67SgARVBA22HuIlrc=,k+WAFke2USIBQ0Qw4/0etFtT9uo=
46,-5,0CGmWC8qqi67SgARVBA22HuIlrc=,k+WAFke2USIBQ0Qw4/0etFtT9uo=
33,-14,0CGmWC8qqi67SgARVBA22HuIlrc=,k+WAFke2USIBQ0Qw4/0etFtT9uo=
32,-4,0CGmWC8qqi67SgARVBA22HuIlrc=,k+WAFke2USIBQ0Qw4/0etFtT9uo=
33,-5,0CGmWC8qqi67SgARVBA22HuIlrc=,k+WAFke2USIBQ0Qw4/0etFtT9uo=
46,-4,0CGmWC8qqi67SgARVBA22HuIlrc=,k+WAFke2USIBQ0Qw4/0etFtT9uo=
33,-4,0CGmWC8qqi67SgARVBA22HuIlrc=,k+WAFke2USIBQ0Qw4/0etFtT9uo=
